ticker,company,sector,revenue_usd,ebitda_usd,free_cash_flow_usd,rnd_expense_usd,estimated_emissions_tco2e,emissions_source_tier,pct_ebitda_erosion,carbon_price_exposure_score,sector_exposure_score,rnd_intensity_pct,momentum_tier,regulatory_momentum_score,target_basis,target_reduction_pct,target_year,years_to_target,abatement_cost_usd_per_tco2e,pct_fcf_committed,transition_affordability_score,n_subscores_available,transition_score
A,Agilent Technologies,Health Care,6948000000.0,1767000000.0,1152000000.0,455000000.0,19346.730600846455,modelled,0.10948913752601276,99.78102172494798,99.82145412696414,6.548647092688544,net_zero_validated,83.0972941853771,disclosed,0.5,2030.0,6.0,50,0.006997515408292265,99.99300248459171,4,95.6797489282508
AAPL,Apple Inc.,Information Technology,416161000000.0,144748000000.0,98767000000.0,34550000000.0,4319364.586308323,modelled,0.2984058215870563,99.4031883568259,99.29642014717693,8.302075398703867,no_target,16.604150797407733,counterfactual_sector_median,0.5,2030.0,6.0,40,0.014577624059008653,99.98542237594098,4,78.86208394125853
ABBV,AbbVie,Health Care,61160000000.0,15075000000.0,17816000000.0,,99777.8,measured,0.06618759535655058,99.86762480928691,99.82145412696414,,no_target,0.0,disclosed,0.42,2030.0,6.0,50,0.001960161091154019,99.99803983890885,4,74.93291751350336
ABNB,Airbnb,Consumer Discretionary,12241000000.0,2586600000.0,3405000000.0,2354000000.0,31834.754598449617,modelled,0.12307567694444296,99.75384864611111,99.83416332545303,19.23045502818397,no_target,30.0,disclosed,0.784,2030.0,6.0,50,0.006108283799604626,99.9938917162004,4,82.39944660751141
ABT,Abbott Laboratories,Health Care,44328000000.0,,7395000000.0,2942000000.0,134386.9,measured,,,99.82145412696414,6.636888648258437,no_target,13.273777296516872,counterfactual_sector_median,0.5,2030.0,6.0,50,0.007571946134775749,99.99242805386523,3,68.98484408476202
ACGL,Arch Capital Group,Financials,19929000000.0,,6128000000.0,,1937400.4950330667,modelled,,,93.29319665385071,,no_target,0.0,counterfactual_sector_median,0.601,2030.0,6.0,40,0.12667294359387216,99.87332705640613,3,62.79425373571349
ACN,Accenture,Information Technology,69672977000.0,11668889000.0,10874360000.0,817300000.0,723140.778392195,modelled,0.6197169056901604,98.76056618861968,99.29642014717693,1.1730516409539957,no_target,2.3461032819079914,counterfactual_sector_median,0.5,2030.0,6.0,40,0.022166539100299386,99.9778334608997,4,75.10250873740935
ADBE,Adobe Inc.,Information Technology,23769000000.0,9524000000.0,9852000000.0,,246700.1397342916,modelled,0.2590299661216838,99.48194006775664,99.29642014717693,,net_zero_validated,100.0,disclosed,0.42,2030.0,6.0,40,0.007011372221437439,99.99298862777857,4,99.7369416307371
ADI,Analog Devices,Information Technology,11019707000.0,2932496000.0,4278650000.0,1766001000.0,117771.6,measured,0.40160873194711944,99.19678253610577,99.29642014717693,16.025843518344,no_target,30.0,disclosed,0.5,2030.0,6.0,40,0.009175137017517208,99.99082486298249,4,82.15074524180302
ADM,Archer Daniels Midland,Consumer Staples,80269000000.0,2436000000.0,4204000000.0,246000000.0,10585367.6,measured,43.453889983579636,13.092220032840729,97.64266504638725,0.30646949631862863,no_target,0.6129389926372572,counterfactual_sector_median,0.5,2030.0,6.0,60,1.2589637963843958,98.74103620361561,4,48.3496113760543
ADP,Automatic Data Processing,Industrials,20560900000.0,5892500000.0,,988600000.0,866155.644528641,modelled,1.4699289682284955,97.06014206354301,97.10164084511975,4.808155285031297,no_target,9.616310570062593,counterfactual_sector_median,0.48100000000000004,2030.0,6.0,75,,,3,65.83909484049502
ADSK,Autodesk,Information Technology,7206000000.0,1773000000.0,2409000000.0,1643000000.0,74791.58597018407,modelled,0.42183635628981425,99.15632728742038,99.29642014717693,22.800444074382458,no_target,30.0,disclosed,0.5,2031.0,7.0,40,0.008870495875014418,99.99112950412498,4,82.13870005954016
AEE,Ameren,Utilities,8799000000.0,3638000000.0,-775000000.0,,19790344.7,measured,54.39896838922485,0.0,0.0,,no_target,0.0,counterfactual_sector_median,0.58,2028.0,4.0,30,,,3,0.0
AEP,American Electric Power,Utilities,21876000000.0,8644000000.0,3491000000.0,,48971842.6,measured,56.654144608977326,0.0,0.0,,no_target,0.0,counterfactual_sector_median,0.58,2028.0,4.0,30,6.102191787739903,93.89780821226009,4,28.169342463678024
AES,AES Corporation,Utilities,12233000000.0,-976000000.0,-1623000000.0,,15564932.7,measured,,,0.0,,no_target,0.0,counterfactual_sector_median,0.58,2028.0,4.0,30,,,2,0.0
AFL,Aflac,Financials,17164000000.0,4569000000.0,,,1668600.6370990796,modelled,3.6520040207902813,92.69599195841944,93.29319665385071,,no_target,0.0,counterfactual_sector_median,0.601,2030.0,6.0,40,,,3,59.71825297943349
AIG,American International Group,Financials,26775000000.0,7334000000.0,6003000000.0,,2602935.33315823,modelled,3.549134623886324,92.90173075222735,93.29319665385071,,no_target,0.0,counterfactual_sector_median,0.601,2030.0,6.0,40,0.17373137156178534,99.82626862843821,4,71.81237931227727
AIZ,Assurant,Financials,12814300000.0,1337400000.0,1598400000.0,,1245743.9491947526,modelled,9.314669875839334,81.37066024832134,93.29319665385071,,no_target,0.0,counterfactual_sector_median,0.601,2030.0,6.0,40,0.3122673145921114,99.6877326854079,4,68.31149737819638
AJG,Arthur J. Gallagher & Co.,Financials,13942000000.0,2993000000.0,,,1355373.4608736522,modelled,4.528477984876886,90.94304403024623,93.29319665385071,,no_target,0.0,counterfactual_sector_median,0.601,2030.0,6.0,40,,,3,58.96698958164497
AKAM,Akamai Technologies,Information Technology,4208175000.0,1275555000.0,1010979000.0,513560000.0,43676.94730642234,modelled,0.34241524125907813,99.31516951748183,99.29642014717693,12.2038650959145,no_target,24.407730191829,counterfactual_sector_median,0.5,2030.0,6.0,40,0.014400875226363866,99.98559912477364,4,80.78662616271043
ALB,Albemarle Corporation,Materials,5142733000.0,291594000.0,692466000.0,51398000.0,229671.7,measured,7.876420639656509,84.24715872068698,84.83165560840686,0.9994296806775697,no_target,1.9988593613551393,counterfactual_sector_median,0.5,2030.0,6.0,120,0.3316721687418588,99.66832783125814,4,68.39910914718334
ALGN,Align Technology,Health Care,4034964000.0,783191000.0,490778000.0,369911000.0,11235.371544633537,modelled,0.14345634136032637,99.71308731727935,99.82145412696414,9.167640653051675,no_target,18.33528130610335,counterfactual_sector_median,0.5,2030.0,6.0,50,0.009538742181320217,99.99046125781868,4,79.46810301809987
ALL,Allstate,Financials,67685000000.0,13638000000.0,9882000000.0,,6580006.64891932,modelled,4.824759238098929,90.35048152380215,93.29319665385071,,no_target,0.0,counterfactual_sector_median,0.601,2030.0,6.0,40,0.2667870199015389,99.73321298009846,4,71.01908784924778
ALLE,Allegion,Industrials,4067300000.0,989200000.0,685700000.0,132000000.0,171340.49837270458,modelled,1.7321117910706083,96.53577641785878,97.10164084511975,3.245396208787156,no_target,6.490792417574312,counterfactual_sector_median,0.48100000000000004,2030.0,6.0,75,0.1502384054930562,99.84976159450694,4,75.10360563487126
AMAT,Applied Materials,Information Technology,28368000000.0,8724000000.0,5698000000.0,3570000000.0,294433.4874829561,modelled,0.33749826625740037,99.32500346748519,99.29642014717693,12.584602368866328,no_target,25.169204737732656,disclosed,0.5,2030.0,6.0,40,0.017224376242129174,99.98277562375787,4,80.97909793388263
AMCR,Amcor,Materials,15009000000.0,1731000000.0,810000000.0,120000000.0,3296134.5926480712,modelled,19.04179429606049,61.916411407879025,84.83165560840686,0.7995202878273037,no_target,1.599040575654607,counterfactual_sector_median,0.5,2030.0,6.0,120,4.069301966232187,95.93069803376781,4,60.47864131766873
AMD,Advanced Micro Devices,Information Technology,34639000000.0,3916000000.0,6735000000.0,8091000000.0,359520.64202348125,modelled,0.9180813126238031,98.16383737475239,99.29642014717693,23.358064609255464,no_target,30.0,disclosed,0.2,2020.0,1.0,40,0.042704753321274685,99.95729524667873,4,81.83080280850587
AME,Ametek,Industrials,7401116000.0,2333121000.0,1671515000.0,236100000.0,311781.9939405005,modelled,1.3363301515030743,97.32733969699385,97.10164084511975,3.190059445089092,no_target,6.380118890178183,counterfactual_sector_median,0.48100000000000004,2030.0,6.0,75,0.11214911254564029,99.88785088745435,4,75.32483302464696
AMGN,Amgen,Health Care,36751000000.0,14247000000.0,8100000000.0,,61780.4,measured,0.04336379588685337,99.91327240822629,99.82145412696414,,no_target,0.0,disclosed,0.55,2030.0,6.0,50,0.003495804526748971,99.99650419547325,4,74.94615110015448
AMP,Ameriprise Financial,Financials,18911000000.0,4655000000.0,8161000000.0,,1838435.4840468827,modelled,3.949378053806407,92.10124389238719,93.29319665385071,,no_target,0.0,counterfactual_sector_median,0.601,2030.0,6.0,40,0.09025852435667006,99.90974147564333,4,71.59727510848677
AMT,American Tower,Real Estate,10644600000.0,6887400000.0,3783600000.0,,63427.47931933382,modelled,0.0920920511649299,99.81581589767013,99.60201616684317,,no_target,0.0,disclosed,0.4,2035.0,11.0,45,0.002743165786667841,99.99725683421333,4,74.88422424459151
AMZN,Amazon,Consumer Discretionary,716924000000.0,145731000000.0,7695000000.0,,1864479.9939334118,modelled,0.12793983393604735,99.7441203321279,99.83416332545303,,no_target,0.0,counterfactual_sector_median,0.602,2030.0,6.0,50,0.12155262685162595,99.87844737314838,4,74.86189481040083
ANET,Arista Networks,Information Technology,9005700000.0,3928700000.0,4252400000.0,1237300000.0,93470.80013484412,modelled,0.23791788666694863,99.5241642266661,99.29642014717693,13.739076362748037,near_term_set,79.97815272549607,disclosed,0.42,2030.0,6.0,40,0.006154600704956343,99.99384539929504,4,94.7444040912389
AON,Aon plc,Financials,17181000000.0,4520000000.0,3218000000.0,,1670253.2944534656,modelled,3.6952506514457206,92.60949869710856,93.29319665385071,,no_target,0.0,counterfactual_sector_median,0.601,2030.0,6.0,40,0.20795985704713751,99.79204014295287,4,71.71444115009604
AOS,A. O. Smith,Industrials,3830200000.0,813700000.0,546000000.0,95000000.0,161352.34107814348,modelled,1.9829463079530967,96.0341073840938,97.10164084511975,2.480288235601274,no_target,4.960576471202548,counterfactual_sector_median,0.48100000000000004,2030.0,6.0,75,0.17767966130628898,99.82232033869371,4,74.56231856140485
APA,APA Corporation,Energy,,5391000000.0,,,304822.8,measured,0.5654290484140234,98.86914190317195,91.32076234725545,,no_target,0.0,counterfactual_sector_median,0.5,2030.0,6.0,100,,,3,61.94122417577129
APD,Air Products,Materials,12037300000.0,687200000.0,-3765800000.0,96300000.0,2643517.951368021,modelled,38.46795621897585,23.064087562048297,84.83165560840686,0.8000132920173129,no_target,1.6000265840346255,counterfactual_sector_median,0.5,2030.0,6.0,120,,,3,28.634258936977393
APH,Amphenol,Information Technology,23094700000.0,6791000000.0,4378100000.0,647000000.0,239701.53212678464,modelled,0.3529694185345084,99.29406116293097,99.29642014717693,2.8015085712306287,no_target,5.603017142461257,counterfactual_sector_median,0.5,2030.0,6.0,40,0.01825004241769905,99.9817499575823,4,76.07796064384584
APO,Apollo Global Management,Financials,32049000000.0,8108000000.0,,,3115647.973571918,modelled,3.8426837365218525,92.3146325269563,93.29319665385071,,no_target,0.0,counterfactual_sector_median,0.601,2030.0,6.0,40,,,3,59.55481322309213
APP,AppLovin,Communication Services,5480717000.0,4346692000.0,2094235000.0,226510000.0,1106.305493577304,modelled,0.0025451665164619532,99.99490966696708,100.0,4.1328534204557545,no_target,8.265706840911509,counterfactual_sector_median,0.462,2030.0,6.0,40,0.00016270480248005103,99.99983729519752,4,77.06485079887726
APTV,Aptiv,Consumer Discretionary,20398000000.0,2175000000.0,1529000000.0,1129000000.0,53048.38855478926,modelled,0.24390063703351383,99.51219872593298,99.83416332545303,5.5348563584665165,no_target,11.069712716933035,counterfactual_sector_median,0.602,2030.0,6.0,50,0.01740523757901849,99.98259476242099,4,77.5909907245574
ARE,Alexandria Real Estate Equities,Real Estate,3026556000.0,,,,18034.197442722663,modelled,,,99.60201616684317,,no_target,0.0,counterfactual_sector_median,0.54,2030.0,6.0,45,,,2,37.350756062566184
ARES,Ares Management,Financials,5601482000.0,,,,1454174.1,measured,,,93.29319665385071,,no_target,0.0,counterfactual_sector_median,0.601,2030.0,6.0,40,,,2,34.98494874519402
ATO,Atmos Energy,Utilities,4702755000.0,2294716000.0,-1511943000.0,,737121.0,measured,3.2122537167998133,93.57549256640037,0.0,,no_target,0.0,counterfactual_sector_median,0.58,2028.0,4.0,30,,,3,40.1037825284573
AVGO,Broadcom,Information Technology,63887000000.0,25484000000.0,26914000000.0,10977000000.0,34457.1,measured,0.013521072045204835,99.9729578559096,99.29642014717693,17.181899290935558,no_target,30.0,counterfactual_sector_median,0.5,2030.0,6.0,40,0.0004267555918852642,99.99957324440811,4,82.38622235217184
AVY,Avery Dennison,Materials,8855500000.0,1253300000.0,712400000.0,136600000.0,1944761.135664934,modelled,15.51712387828081,68.96575224343839,84.83165560840686,1.5425441815820677,no_target,3.085088363164135,disclosed,0.7,2030.0,6.0,120,3.8218214344903245,96.17817856550968,4,63.03919967473648
AWK,American Water Works,Utilities,5121000000.0,2773000000.0,-1067000000.0,,7408512.391909225,modelled,26.716597157984946,46.56680568403011,0.0,,no_target,0.0,counterfactual_sector_median,0.58,2028.0,4.0,30,,,3,19.957202436012906
AXON,Axon Enterprise,Industrials,2779536000.0,21085000.0,75081000.0,684308000.0,117091.7029687689,modelled,55.53317665106422,0.0,97.10164084511975,24.6195048382176,no_target,30.0,counterfactual_sector_median,0.48100000000000004,2030.0,6.0,75,0.9376724658698248,99.06232753413018,4,51.78394438700701
AXP,American Express,Financials,41304000000.0,15572000000.0,16003000000.0,,4015374.0803274517,modelled,2.5785859750368947,94.84282804992621,93.29319665385071,,near_term_set,75.0,disclosed,0.6,2033.0,9.0,40,0.06691035564710703,99.93308964435289,4,91.17675480636134
AZO,AutoZone,Consumer Discretionary,18938717000.0,4223355000.0,1790080000.0,,49253.28062286464,modelled,0.1166212184930337,99.76675756301393,99.83416332545303,,no_target,0.0,counterfactual_sector_median,0.602,2030.0,6.0,50,0.013803142380491613,99.98619685761952,4,74.90101082500799
BA,Boeing,Industrials,89463000000.0,6234000000.0,-1877000000.0,3615000000.0,151144.8,measured,0.24245235803657358,99.51509528392685,97.10164084511975,4.040776633915697,no_target,8.081553267831394,counterfactual_sector_median,0.48100000000000004,2030.0,6.0,75,,,3,66.34309004129125
BAC,Bank of America,Financials,113097000000.0,40009000000.0,,,10994740.518177267,modelled,2.7480668145110516,94.5038663709779,93.29319665385071,,no_target,0.0,counterfactual_sector_median,0.601,2030.0,6.0,40,,,3,60.49305629910139
BALL,Ball Corporation,Materials,13161000000.0,1895000000.0,788000000.0,55000000.0,2890294.3150004176,modelled,15.25221274406553,69.49557451186894,84.83165560840686,0.41790137527543497,no_target,0.8358027505508699,counterfactual_sector_median,0.5,2030.0,6.0,120,3.6678861865487535,96.33211381345124,4,62.68200552649479
BAX,Baxter International,Health Care,11244000000.0,673000000.0,332000000.0,518000000.0,43203.8,measured,0.6419583952451708,98.71608320950965,99.82145412696414,4.606901458555674,no_target,9.213802917111346,counterfactual_sector_median,0.5,2030.0,6.0,50,0.05422163654618475,99.94577836345383,4,76.8752273202115
BBY,Best Buy,Consumer Discretionary,41691000000.0,2220000000.0,1258000000.0,,108424.37333256785,modelled,0.48839807807463,99.02320384385074,99.83416332545303,,no_target,0.0,counterfactual_sector_median,0.602,2030.0,6.0,50,0.04323759455895989,99.95676240544104,4,74.66911437360548
BDX,Becton Dickinson,Health Care,21840000000.0,5041000000.0,2670000000.0,1265000000.0,60813.557329085575,modelled,0.12063788400929494,99.7587242319814,99.82145412696414,5.792124542124542,no_target,11.584249084249084,counterfactual_sector_median,0.5,2030.0,6.0,50,0.009490255513278024,99.99050974448672,4,77.79405058304732
BEN,Franklin Resources,Financials,8770700000.0,729400000.0,911600000.0,,852644.8151832264,modelled,11.68967391257508,76.62065217484984,93.29319665385071,,no_target,0.0,counterfactual_sector_median,0.601,2030.0,6.0,40,0.3747546686595868,99.62524533134042,4,66.86774874993469
BF.B,Brown–Forman,Consumer Staples,3928000000.0,1093000000.0,893000000.0,,90072.8,measured,0.8240878316559926,98.35182433668801,97.64266504638725,,no_target,0.0,counterfactual_sector_median,0.5,2030.0,6.0,60,0.05043269876819709,99.9495673012318,4,74.13681724833403
BG,Bunge Global,Consumer Staples,70329000000.0,1837000000.0,-879000000.0,28000000.0,2412318.753788129,modelled,13.131838616157479,73.73632276768505,97.64266504638725,0.03981287946650742,no_target,0.07962575893301484,counterfactual_sector_median,0.5,2030.0,6.0,60,,,3,52.55314718142408
BIIB,Biogen,Health Care,9890600000.0,2336400000.0,2050800000.0,,28268.2,measured,0.12099041260058209,99.75801917479885,99.82145412696414,,no_target,0.0,counterfactual_sector_median,0.5,2030.0,6.0,50,0.005743327807034654,99.99425667219296,4,74.89890087314215
BKNG,Booking Holdings,Consumer Discretionary,26917000000.0,9448000000.0,9087000000.0,,70002.13132313278,modelled,0.07409201029120743,99.85181597941758,99.83416332545303,,near_term_set,75.0,disclosed,0.95,2030.0,6.0,50,0.006098641351837437,99.99390135864816,4,93.67883970023767
BKR,Baker Hughes,Energy,27733000000.0,4065000000.0,2537000000.0,600000000.0,3487319.8254268314,modelled,8.5788925594756,82.8422148810488,91.32076234725545,2.163487541917571,no_target,4.326975083835142,counterfactual_sector_median,0.5,2030.0,6.0,100,1.1454867380852816,98.85451326191472,4,69.28887656593616
BLDR,Builders FirstSource,Industrials,15190638000.0,1377708000.0,853284000.0,,639926.1145033177,modelled,4.644860264318112,90.71027947136378,97.10164084511975,,no_target,0.0,counterfactual_sector_median,0.48100000000000004,2030.0,6.0,75,0.45091150935107166,99.54908849064893,4,71.64305651537177
BLK,BlackRock,Financials,24216000000.0,8171000000.0,3552000000.0,,187749.9,measured,0.2297759148207074,99.54044817035859,93.29319665385071,,no_target,0.0,counterfactual_sector_median,0.601,2030.0,6.0,40,0.02117824510135135,99.97882175489865,4,73.84976047565478
BMY,Bristol Myers Squibb,Health Care,48194000000.0,13339000000.0,12845000000.0,9951000000.0,95102.7,measured,0.07129672389234576,99.85740655221531,99.82145412696414,20.647798481138732,near_term_set,82.5,disclosed,0.546,2033.0,9.0,50,0.002245840326975477,99.99775415967302,4,95.55476633261111
BNY,BNY Mellon,Financials,20080000000.0,,5177000000.0,,1952079.9809455557,modelled,,,93.29319665385071,,no_target,0.0,counterfactual_sector_median,0.601,2030.0,6.0,40,0.15107849701220513,99.84892150298779,3,62.78379421281992
BR,Broadridge Financial Solutions,Industrials,6889100000.0,1319300000.0,1127500000.0,,290212.6293461016,modelled,2.1997470578799487,95.6005058842401,97.10164084511975,,net_zero_validated,100.0,disclosed,0.546,2033.0,9.0,75,0.11711463091128711,99.88288536908871,4,98.2102635027666
BRK.B,Berkshire Hathaway,Financials,371444000000.0,95935000000.0,25042000000.0,,52955850.8,measured,5.519971939333924,88.96005612133216,93.29319665385071,,no_target,0.0,counterfactual_sector_median,0.601,2030.0,6.0,40,0.8472823344993744,99.15271766550062,4,70.42781163412744
BRO,Brown & Brown,Financials,5902000000.0,,1382000000.0,,573763.7473874836,modelled,,,93.29319665385071,,no_target,0.0,counterfactual_sector_median,0.601,2030.0,6.0,40,0.1663444342401725,99.83365556575983,3,62.77725166829365
BSX,Boston Scientific,Health Care,20074000000.0,4981000000.0,3658000000.0,,55896.124076193395,modelled,0.11221867913309254,99.77556264173381,99.82145412696414,,near_term_set,75.0,disclosed,0.462,2030.0,6.0,50,0.005882998296701601,99.9941170017033,4,93.65412201207576
BX,Blackstone Inc.,Financials,14450265000.0,,4547458000.0,,23084.7,measured,,,93.29319665385071,,no_target,0.0,counterfactual_sector_median,0.601,2030.0,6.0,40,0.002033942875338266,99.99796605712467,3,62.847670450307156
BXP,"BXP, Inc.",Real Estate,3482279000.0,1820198000.0,,,20749.692732150615,modelled,0.11399689886567622,99.77200620226864,99.60201616684317,,no_target,0.0,disclosed,0.7356999999999999,2030.0,6.0,45,,,3,64.10272040815296
C,Citigroup,Financials,85225000000.0,24201000000.0,-74152000000.0,,8285160.178091882,modelled,3.4234784422510973,93.15304311549781,93.29319665385071,,no_target,0.0,counterfactual_sector_median,0.601,2030.0,6.0,40,,,3,59.91413204675279
CAH,Cardinal Health,Health Care,222578000000.0,3065000000.0,1850000000.0,,619769.2290839382,modelled,2.022085576130304,95.95582884773938,99.82145412696414,,no_target,0.0,disclosed,0.5,2030.0,6.0,50,0.13958766420809418,99.8604123357919,4,73.718090474104
CARR,Carrier Global,Industrials,21747000000.0,3446000000.0,2121000000.0,625000000.0,916121.7068107113,modelled,2.6585075647437937,94.68298487051241,97.10164084511975,2.8739596266151652,near_term_set,58.24791925323033,disclosed,0.42,2030.0,6.0,75,0.22676279871552257,99.77323720128449,4,87.46409256161462
CASY,Casey's,Consumer Staples,17561101000.0,,721620000.0,,602354.2675065402,modelled,,,97.64266504638725,,no_target,0.0,counterfactual_sector_median,0.5,2030.0,6.0,60,0.41736250901204247,99.58263749098796,3,63.60170143464926
CAT,Caterpillar Inc.,Industrials,67589000000.0,13413000000.0,8918000000.0,2148000000.0,456901.7,measured,0.3406409453515246,99.31871810929695,97.10164084511975,3.178031928272352,no_target,6.356063856544703,counterfactual_sector_median,0.48100000000000004,2030.0,6.0,75,0.03080423268950438,99.9691957673105,4,75.94063625388637
CB,Chubb Limited,Financials,59402000000.0,,,,5774773.656779278,modelled,,,93.29319665385071,,no_target,0.0,counterfactual_sector_median,0.601,2030.0,6.0,40,,,2,34.98494874519402
CBOE,Cboe Global Markets,Financials,4714200000.0,1589500000.0,1681600000.0,,458291.60588513635,modelled,2.8832438243795933,94.2335123512408,93.29319665385071,,no_target,0.0,counterfactual_sector_median,0.601,2030.0,6.0,40,0.10919491561091299,99.89080508438909,4,72.23127472876658
CBRE,CBRE Group,Real Estate,40550000000.0,2482000000.0,1193000000.0,,241623.38522809558,modelled,0.9735027607900708,98.05299447841986,99.60201616684317,,net_zero_validated,100.0,disclosed,0.5,2030.0,6.0,45,0.07595035160145502,99.92404964839855,4,99.333415663072
CCI,Crown Castle,Real Estate,4264000000.0,2765000000.0,2875000000.0,,25407.697031136857,modelled,0.09189040517590184,99.8162191896482,99.60201616684317,,no_target,0.0,counterfactual_sector_median,0.54,2030.0,6.0,45,0.0035791712339514527,99.99642082876605,4,74.88409443055075
CCL,Carnival Corporation,Consumer Discretionary,26622000000.0,7273000000.0,2607000000.0,,69234.93480270614,modelled,0.09519446556126239,99.80961106887747,99.83416332545303,,no_target,0.0,counterfactual_sector_median,0.602,2030.0,6.0,50,0.013322922500712533,99.98667707749928,4,74.91401094273098
CDNS,Cadence Design Systems,Information Technology,5296759000.0,1719870000.0,1586910000.0,,54975.43798388096,modelled,0.3196487989434141,99.36070240211318,99.29642014717693,,near_term_set,75.0,disclosed,0.8978,2030.0,6.0,40,0.020735033585995565,99.97926496641401,4,93.4464532326347
CDW,CDW Corporation,Information Technology,22424100000.0,1951200000.0,1088100000.0,,232741.3270821544,modelled,1.1928112294083355,97.61437754118333,99.29642014717693,,no_target,0.0,disclosed,0.42,2030.0,6.0,40,0.05989116035566881,99.94010883964432,4,74.16080893632483
CEG,Constellation Energy,Utilities,25533000000.0,5687000000.0,1288000000.0,,8941320.5,measured,15.72238526463865,68.55522947072271,0.0,,no_target,0.0,counterfactual_sector_median,0.58,2028.0,4.0,30,3.0197782744565216,96.98022172554349,4,49.66063535887986
CF,CF Industries,Materials,7084000000.0,3198000000.0,1802000000.0,,20579424.2,measured,64.35091994996873,0.0,84.83165560840686,,no_target,0.0,counterfactual_sector_median,0.5,2030.0,6.0,120,11.420324195338512,88.57967580466149,4,39.298651082659475
CFG,Citizens Financial Group,Financials,8247000000.0,2806000000.0,,,801733.2471542828,modelled,2.8572104317686486,94.2855791364627,93.29319665385071,,no_target,0.0,counterfactual_sector_median,0.601,2030.0,6.0,40,,,3,60.39950462716631
CHD,Church & Dwight,Consumer Staples,6203200000.0,1325000000.0,1093000000.0,145600000.0,212772.7636323355,modelled,1.6058321783572491,96.7883356432855,97.64266504638725,2.3471756512767605,no_target,4.694351302553521,disclosed,0.462,2031.0,7.0,60,0.07708875974236491,99.92291124025763,4,74.8333616476594
CHRW,C.H. Robinson,Industrials,16232763000.0,897779000.0,894891000.0,,683827.0357205023,modelled,7.6168749293590325,84.76625014128194,97.10164084511975,,no_target,0.0,counterfactual_sector_median,0.48100000000000004,2030.0,6.0,75,0.4594425524750523,99.54055744752495,4,69.85728840341002
CHTR,Charter Communications,Communication Services,54774000000.0,21619000000.0,4418000000.0,,11056.359433483478,modelled,0.005114186333078994,99.98977162733385,100.0,,no_target,0.0,counterfactual_sector_median,0.462,2030.0,6.0,40,0.000770791920668382,99.99922920807933,4,74.99670025062395
CI,Cigna,Health Care,274900000000.0,11975000000.0,,,765460.0233409168,modelled,0.6392150508066111,98.72156989838678,99.82145412696414,,no_target,0.0,counterfactual_sector_median,0.5,2030.0,6.0,50,,,3,63.699555840800926
CIEN,Ciena,Information Technology,4769507000.0,197531000.0,665292000.0,848329000.0,49503.05201580554,modelled,2.5060902853630838,94.98781942927383,99.29642014717693,17.786513365008165,no_target,30.0,disclosed,0.8059999999999999,2030.0,6.0,40,0.039981902607916786,99.96001809739208,4,80.87881428007631
CINF,Cincinnati Financial,Financials,12631000000.0,3791000000.0,3092000000.0,,1227924.41430893,modelled,3.239051475359879,93.52189704928024,93.29319665385071,,no_target,0.0,counterfactual_sector_median,0.601,2030.0,6.0,40,0.15911655304003167,99.84088344695998,4,72.00281364694968
CL,Colgate-Palmolive,Consumer Staples,20382000000.0,3936000000.0,3634000000.0,366000000.0,699112.4691053428,modelled,1.7762003788245497,96.4475992423509,97.64266504638725,1.795702090079482,near_term_set,56.09140418015896,disclosed,0.9,2030.0,6.0,60,0.17314287897490602,99.82685712102509,4,87.55158771101063
CLX,Clorox,Consumer Staples,7104000000.0,1297000000.0,761000000.0,121000000.0,243670.63980592458,modelled,1.878725056329411,96.24254988734118,97.64266504638725,1.7032657657657657,no_target,3.4065315315315314,disclosed,0.5,2030.0,6.0,60,0.1600989749053381,99.83990102509466,4,74.32276791357172
CMCSA,Comcast,Communication Services,123707000000.0,36882000000.0,21893000000.0,,24970.771834044263,modelled,0.006770449496785494,99.98645910100643,100.0,,no_target,0.0,disclosed,0.5,2030.0,6.0,40,0.0003801941539007028,99.9996198058461,4,74.99582367205576
CME,CME Group,Financials,6520600000.0,4337000000.0,4193600000.0,,633901.0320594418,modelled,1.4616117870865615,97.07677642582688,93.29319665385071,,no_target,0.0,counterfactual_sector_median,0.601,2030.0,6.0,40,0.06056443473669791,99.9394355652633,4,73.09884309540466
CMG,Chipotle Mexican Grill,Consumer Discretionary,11925601000.0,2297180000.0,1447590000.0,,31014.50708880201,modelled,0.13501121848876452,99.72997756302247,99.83416332545303,,no_target,0.0,disclosed,0.5,2030.0,6.0,50,0.00892705205686751,99.99107294794312,4,74.89143965210764
CMI,Cummins,Industrials,33670000000.0,5130000000.0,2386000000.0,1396000000.0,1418394.1632554673,modelled,2.7649009030321,94.4701981939358,97.10164084511975,4.146124146124146,no_target,8.292248292248292,disclosed,0.5,2030.0,6.0,75,0.37154080135568607,99.62845919864432,4,74.86790541760408
CMS,CMS Energy,Utilities,8539000000.0,3033000000.0,-1519000000.0,,16989121.6,measured,56.01424859874712,0.0,0.0,,no_target,0.0,counterfactual_sector_median,0.58,2028.0,4.0,30,,,3,0.0
CNC,Centene Corporation,Health Care,194777000000.0,-6348000000.0,4321000000.0,,542357.2461486859,modelled,,,99.82145412696414,,no_target,0.0,counterfactual_sector_median,0.5,2030.0,6.0,50,0.05229858502552322,99.94770141497447,3,64.22504077648138
CNP,CenterPoint Energy,Utilities,9357000000.0,3640000000.0,-2384000000.0,,4192299.9,measured,11.517307417582417,76.96538516483517,0.0,,no_target,0.0,counterfactual_sector_median,0.58,2028.0,4.0,30,,,3,32.985165070643646
COF,Capital One,Financials,53434000000.0,7541000000.0,26140000000.0,,5194593.710251236,modelled,6.8884679886636215,86.22306402267276,93.29319665385071,,no_target,0.0,counterfactual_sector_median,0.601,2030.0,6.0,40,0.0796212909936494,99.92037870900636,4,69.83701231758134
COHR,Coherent Corp.,Information Technology,5810115000.0,647779000.0,192764000.0,581924000.0,60303.59638067666,modelled,0.9309285478639575,98.13814290427209,99.29642014717693,10.01570536899872,no_target,20.031410737997437,counterfactual_sector_median,0.5,2030.0,6.0,40,0.104278800987523,99.89572119901247,4,79.31247493756126
COIN,Coinbase,Financials,7181325000.0,1623869000.0,-1588352000.0,1670605000.0,698133.5044404304,modelled,4.299198423274479,91.40160315345103,93.29319665385071,23.26318611119814,no_target,30.0,counterfactual_sector_median,0.601,2030.0,6.0,40,,,3,69.87780063444703
COO,Cooper Companies (The),Health Care,4092400000.0,1060300000.0,433700000.0,172200000.0,11395.302289997702,modelled,0.10747243506552583,99.78505512986895,99.82145412696414,4.207799824064119,no_target,8.415599648128238,counterfactual_sector_median,0.5,2030.0,6.0,50,0.010947757945198009,99.9890522420548,4,77.0093502426538
COP,ConocoPhillips,Energy,58944000000.0,24156000000.0,18155000000.0,78000000.0,1133099.9,measured,0.4690759645636694,99.06184807087266,91.32076234725545,0.13232899022801303,no_target,0.26465798045602607,counterfactual_sector_median,0.5,2030.0,6.0,100,0.05201046084641513,99.94798953915358,4,73.4672301302102
COR,Cencora,Health Care,321332819000.0,3679676000.0,3207139000.0,,894752.3722515192,modelled,2.431606402986348,95.1367871940273,99.82145412696414,,no_target,0.0,disclosed,0.546,2032.0,8.0,50,0.09520455678124051,99.90479544321876,4,73.48569291021843
COST,Costco,Consumer Staples,275235000000.0,12809000000.0,7837000000.0,,9440693.770690266,modelled,7.370359724170713,85.25928055165856,97.64266504638725,,no_target,0.0,counterfactual_sector_median,0.5,2030.0,6.0,60,0.6023155397913913,99.39768446020861,4,70.04348926051823
CPAY,Corpay,Financials,4528403000.0,2387411000.0,1299145000.0,,440229.3247984959,modelled,1.8439611981284159,96.31207760374316,93.29319665385071,,no_target,0.0,counterfactual_sector_median,0.601,2030.0,6.0,40,0.13577023052540765,99.86422976947459,4,72.84687171004293
CPRT,Copart,Industrials,4646958000.0,1912563000.0,1230760000.0,,195759.37345094446,modelled,1.0235447065061096,97.95291058698778,97.10164084511975,,no_target,0.0,counterfactual_sector_median,0.48100000000000004,2030.0,6.0,75,0.0956322299127209,99.90436777008728,4,73.92242963389047
CPT,Camden Property Trust,Real Estate,12967000.0,,,,77.26585539464156,modelled,,,99.60201616684317,,no_target,0.0,counterfactual_sector_median,0.54,2030.0,6.0,45,,,2,37.350756062566184
CRH,CRH plc,Materials,37447000000.0,7596000000.0,2912000000.0,,8223755.8858613055,modelled,10.826429549580444,78.34714090083911,84.83165560840686,,no_target,0.0,counterfactual_sector_median,0.5,2030.0,6.0,120,2.824091993771053,97.17590800622895,4,65.38166301338144
CRL,Charles River Laboratories,Health Care,4015382000.0,428474000.0,518494000.0,,11180.845396299372,modelled,0.26094571423935575,99.47810857152129,99.82145412696414,,no_target,0.0,disclosed,0.5,2030.0,6.0,50,0.008985032771433045,99.99101496722857,4,74.81395518066958
CRM,Salesforce,Information Technology,41525000000.0,9531000000.0,14402000000.0,5993000000.0,430990.925258381,modelled,0.4521990612300713,99.09560187753986,99.29642014717693,14.43226971703793,no_target,28.86453943407586,counterfactual_sector_median,0.5,2030.0,6.0,40,0.009975256336119544,99.99002474366388,4,81.83628586695662
CRWD,CrowdStrike,Information Technology,4812005000.0,-293292000.0,1310241000.0,1384770000.0,49944.1417771934,modelled,,,99.29642014717693,28.77740151974073,no_target,30.0,disclosed,0.3539,2031.0,7.0,40,0.007708606617277167,99.99229139338273,3,74.84592920013051
CSCO,Cisco,Information Technology,56654000000.0,12460000000.0,13288000000.0,9300000000.0,588015.8911399957,modelled,0.4719228660834636,99.05615426783308,99.29642014717693,16.415434038196775,no_target,30.0,counterfactual_sector_median,0.5,2030.0,6.0,40,0.014750549145594915,99.98524945085441,4,82.10688413768278
CSGP,CoStar Group,Real Estate,3247000000.0,191000000.0,123000000.0,,19347.74677769732,modelled,1.012971035481535,97.97405792903693,99.60201616684317,,near_term_set,75.0,disclosed,0.546,2033.0,9.0,45,0.04294255992123065,99.95705744007877,4,93.06963703576119
CSX,CSX Corporation,Industrials,14092000000.0,6201000000.0,1711000000.0,,593644.5069378095,modelled,0.9573367310721004,98.08532653785579,97.10164084511975,,no_target,0.0,counterfactual_sector_median,0.48100000000000004,2030.0,6.0,75,0.20860827574304963,99.79139172425695,4,73.92826160540179
CTAS,Cintas,Industrials,11264761000.0,3119358000.0,1881175000.0,,474543.25075342506,modelled,1.521284991185446,96.95743001762911,97.10164084511975,,no_target,0.0,counterfactual_sector_median,0.48100000000000004,2030.0,6.0,75,0.15167070023548945,99.84832929976452,4,73.60697392198605
CTSH,Cognizant,Information Technology,21108000000.0,3939000000.0,2595000000.0,,219081.43167619282,modelled,0.556185406641769,98.88762918671647,99.29642014717693,,no_target,0.0,counterfactual_sector_median,0.5,2030.0,6.0,40,0.028141481268618217,99.97185851873138,4,74.5523093337109
CTVA,Corteva,Materials,17401000000.0,2891000000.0,2815000000.0,1474000000.0,82753.7,measured,0.28624593566240053,99.4275081286752,84.83165560840686,8.470777541520603,no_target,16.941555083041205,counterfactual_sector_median,0.5,2030.0,6.0,120,0.02939740674955595,99.97060259325045,4,76.77957032859902
CVNA,Carvana,Consumer Discretionary,20322000000.0,1881000000.0,889000000.0,,52850.737925797985,modelled,0.280971493491749,99.4380570130165,99.83416332545303,,no_target,0.0,counterfactual_sector_median,0.602,2030.0,6.0,50,0.029823907228468675,99.97017609277154,4,74.79759443055437
CVS,CVS Health,Health Care,402067000000.0,9266000000.0,7807000000.0,,1119556.9851022642,modelled,1.2082419437753769,97.58351611244925,99.82145412696414,,near_term_set,75.0,disclosed,0.47,2030.0,6.0,50,0.056166664851849214,99.94383333514814,4,92.98142295332383
CVX,Chevron Corporation,Energy,189031000000.0,,16592000000.0,427000000.0,15866256.5,measured,,,91.32076234725545,0.22588887536964836,no_target,0.4517777507392967,counterfactual_sector_median,0.5,2030.0,6.0,100,0.7968828602137578,99.20311713978624,3,62.24570561672717
D,Dominion Energy,Utilities,16523000000.0,6801000000.0,,,29193868.7,measured,42.92584722834877,14.148305543302452,0.0,,no_target,0.0,counterfactual_sector_median,0.58,2028.0,4.0,30,,,3,6.063559518558193
DAL,Delta Air Lines,Industrials,63364000000.0,8265000000.0,3843000000.0,,1256096.9,measured,1.5197784633998788,96.96044307320024,97.10164084511975,,no_target,0.0,counterfactual_sector_median,0.48100000000000004,2030.0,6.0,75,0.19652049469815244,99.80347950530185,4,73.59442290031859
DASH,DoorDash,Consumer Discretionary,13717000000.0,1470000000.0,2174000000.0,1431000000.0,35673.33786675381,modelled,0.24267576780104638,99.51464846439791,99.83416332545303,10.432310271925347,no_target,20.864620543850698,counterfactual_sector_median,0.602,2030.0,6.0,50,0.00823188799286484,99.99176811200714,4,80.04320460770214
DD,DuPont,Industrials,6849000000.0,847000000.0,227000000.0,193000000.0,288523.36276022263,modelled,3.406415144748791,93.18716971050242,97.10164084511975,2.8179296247627392,no_target,5.635859249525479,counterfactual_sector_median,0.48100000000000004,2030.0,6.0,75,0.7642056029056559,99.23579439709435,4,73.70110017142837
DDOG,Datadog,Information Technology,3427158000.0,4827000.0,1000557000.0,1548451000.0,35570.7163739112,modelled,73.69114641373773,0.0,99.29642014717693,45.18178035561827,no_target,30.0,counterfactual_sector_median,0.5,2030.0,6.0,40,0.011850304838175535,99.98814969516182,4,52.39090793062509
DE,Deere & Company,Industrials,45684000000.0,11268000000.0,6099000000.0,2311000000.0,45075.9,measured,0.04000346112886049,99.91999307774228,97.10164084511975,5.058663864810437,no_target,10.117327729620873,disclosed,0.5,2030.0,6.0,75,0.004619189621249385,99.99538081037875,4,77.06919022560947
DECK,Deckers Brands,Consumer Discretionary,5472296000.0,1338676000.0,1097332000.0,68899000.0,14231.615084558243,modelled,0.10631112445848169,99.78737775108304,99.83416332545303,1.2590510454843817,no_target,2.5181020909687635,disclosed,0.46,2030.0,6.0,50,0.004971560520499412,99.99502843947951,4,75.5393718787289
DELL,Dell Technologies,Information Technology,113538000000.0,11178000000.0,8552000000.0,3142000000.0,1178418.968620977,modelled,1.0542306035256548,97.8915387929487,99.29642014717693,2.7673554228540223,net_zero_validated,75.53471084570805,disclosed,0.5,2031.0,7.0,40,0.03936987066086385,99.96063012933914,4,93.1337914101899
DG,Dollar General,Consumer Staples,42724369000.0,3249986000.0,2393338000.0,,1465466.5441349111,modelled,4.509147252126351,90.9817054957473,97.64266504638725,,no_target,0.0,counterfactual_sector_median,0.5,2030.0,6.0,60,0.30615536629905826,99.69384463370095,4,71.84906479579256
DGX,Quest Diagnostics,Health Care,11035000000.0,2126000000.0,1359000000.0,,30726.99657172433,modelled,0.14452961698835526,99.7109407660233,99.82145412696414,,no_target,0.0,counterfactual_sector_median,0.5,2030.0,6.0,50,0.009420835348210794,99.99057916465179,4,74.88367409824716
DHI,D. R. Horton,Consumer Discretionary,34250400000.0,4841200000.0,3283500000.0,,89073.85662108805,modelled,0.1839912761734447,99.63201744765311,99.83416332545303,,no_target,0.0,counterfactual_sector_median,0.602,2030.0,6.0,50,0.013609071033423431,99.98639092896657,4,74.86064701180386
DHR,Danaher Corporation,Health Care,24568000000.0,6856000000.0,5260000000.0,1598000000.0,68409.68298813984,modelled,0.0997807511495622,99.80043849770087,99.82145412696414,6.504395962227288,near_term_set,65.50879192445457,disclosed,0.546,2035.0,11.0,50,0.0032277641644939824,99.99677223583551,4,91.28957932021918
DIS,Walt Disney Company (The),Communication Services,94425000000.0,22877000000.0,10077000000.0,,108269.9,measured,0.04732696594833238,99.90534606810334,100.0,,no_target,0.0,disclosed,0.462,2030.0,6.0,40,0.00330923183487149,99.99669076816514,4,74.97061105088054
DLR,Digital Realty,Real Estate,6112692000.0,2553128000.0,,,36423.41144011586,modelled,0.14266190899992423,99.71467618200015,99.60201616684317,,no_target,0.0,disclosed,0.42,2030.0,6.0,45,,,3,64.07815039946645
DLTR,Dollar Tree,Consumer Staples,19411800000.0,2301200000.0,1056700000.0,,665834.1393277937,modelled,2.8934214293750813,94.21315714124984,97.64266504638725,,no_target,0.0,counterfactual_sector_median,0.5,2030.0,6.0,60,0.31505353427074556,99.68494646572925,4,72.81583083905181
DOC,Healthpeak Properties,Real Estate,2822512000.0,,357010000.0,,16818.37001940623,modelled,,,99.60201616684317,,no_target,0.0,disclosed,0.38,2033.0,9.0,45,0.00895070251165845,99.99104929748835,3,64.19659602038998
DOV,Dover Corporation,Industrials,8092571000.0,1752938000.0,1117742000.0,165342000.0,340910.4684327431,modelled,1.9447947869961353,96.11041042600773,97.10164084511975,2.043133140259134,no_target,4.086266280518268,disclosed,0.15,2030.0,6.0,75,0.05718735882801158,99.94281264117198,4,74.40277961705144
DOW,Dow Inc.,Materials,39968000000.0,323000000.0,-1447000000.0,,11429962.2,measured,353.8687987616099,0.0,84.83165560840686,,no_target,0.0,counterfactual_sector_median,0.5,2030.0,6.0,120,,,3,18.178211916087186
DPZ,Domino's,Consumer Discretionary,4939994000.0,1042801000.0,671504000.0,,12847.27528043571,modelled,0.12319968316520323,99.75360063366959,99.83416332545303,,no_target,0.0,counterfactual_sector_median,0.602,2030.0,6.0,50,0.009597932053547333,99.99040206794645,4,74.89832530930276
DRI,Darden Restaurants,Consumer Discretionary,13210900000.0,2143900000.0,1119100000.0,,34357.14071764219,modelled,0.1602553324205522,99.6794893351589,99.83416332545303,,no_target,0.0,counterfactual_sector_median,0.602,2030.0,6.0,50,0.015401512161573733,99.98459848783843,4,74.87435084571715
DTE,DTE Energy,Utilities,15814000000.0,4215000000.0,,,23423239.4,measured,55.57114922894424,0.0,0.0,,no_target,0.0,counterfactual_sector_median,0.58,2028.0,4.0,30,,,3,0.0
DUK,Duke Energy,Utilities,32237000000.0,16330000000.0,-1694000000.0,,72776123.2,measured,44.565905205143906,10.868189589712184,0.0,,no_target,0.0,counterfactual_sector_median,0.58,2028.0,4.0,30,,,3,4.657795538448079
DVA,DaVita,Health Care,13643069000.0,2751867000.0,1310636000.0,,37989.173936637824,modelled,0.13804872814215885,99.72390254371568,99.82145412696414,,no_target,0.0,disclosed,0.5,2030.0,6.0,50,0.012077207152557305,99.98792279284744,4,74.88676572001356
DVN,Devon Energy,Energy,17188000000.0,7061000000.0,3119000000.0,,36538.4,measured,0.05174677807675967,99.89650644384648,91.32076234725545,,no_target,0.0,counterfactual_sector_median,0.5,2030.0,6.0,100,0.009762316981938655,99.99023768301805,4,73.66413759014767
DXCM,Dexcom,Health Care,4662000000.0,1163600000.0,1077200000.0,599100000.0,12981.355506785574,modelled,0.11156201019925725,99.77687597960148,99.82145412696414,12.85070785070785,no_target,25.7014157014157,counterfactual_sector_median,0.5,2030.0,6.0,50,0.005021257081161644,99.99497874291883,4,81.33012846115464
EBAY,eBay Inc.,Consumer Discretionary,11100000000.0,2698000000.0,1434000000.0,1642000000.0,28867.394497409587,modelled,0.10699553186586208,99.78600893626827,99.83416332545303,14.792792792792794,near_term_set,82.08558558558559,disclosed,0.9,2030.0,6.0,50,0.015098009674377398,99.98490199032562,4,95.42779417319252
ECHO,EchoStar,Communication Services,15004989000.0,-16137597000.0,-1065104000.0,68000000.0,3028.8193610009457,modelled,,,100.0,0.4531826047989772,no_target,0.9063652095979544,counterfactual_sector_median,0.462,2030.0,6.0,40,,,2,38.066478255998724
ECL,Ecolab,Materials,16081200000.0,3452100000.0,1904300000.0,202000000.0,3531601.013478058,modelled,10.230297539115488,79.53940492176902,84.83165560840686,1.2561251647886973,near_term_set,55.0122503295774,disclosed,0.504,2030.0,6.0,120,1.8693765801532756,98.13062341984673,4,79.7788194261401
ED,Consolidated Edison,Utilities,17049000000.0,5256000000.0,-530000000.0,27000000.0,2697757.7,measured,5.132720129375952,89.7345597412481,0.0,0.15836705965159248,no_target,0.3167341193031849,counterfactual_sector_median,0.58,2028.0,4.0,30,,,3,38.57078778885747
EFX,Equifax,Industrials,6074500000.0,1822100000.0,1134300000.0,,255896.50563395713,modelled,1.4044042897423694,97.19119142051527,97.10164084511975,,no_target,0.0,disclosed,0.546,2032.0,8.0,75,0.11547828953661449,99.88452171046337,4,73.68796006606155
EG,Everest Group,Financials,17496000000.0,,,,1700876.0630788566,modelled,,,93.29319665385071,,no_target,0.0,counterfactual_sector_median,0.601,2030.0,6.0,40,,,2,34.98494874519402
EIX,Edison International,Utilities,19317000000.0,10330000000.0,-715000000.0,,1102588.9,measured,1.0673658276863502,97.8652683446273,0.0,,no_target,0.0,counterfactual_sector_median,0.58,2028.0,4.0,30,,,3,41.94225786198313
EL,Estée Lauder Companies (The),Consumer Staples,14326000000.0,44000000.0,670000000.0,,491388.7367482651,modelled,111.67925835187843,0.0,97.64266504638725,,no_target,0.0,disclosed,0.504,2030.0,6.0,60,0.3696416765986949,99.6303583234013,4,44.53550725397847
ELV,Elevance Health,Health Care,199125000000.0,8745000000.0,3174000000.0,,554464.2675436889,modelled,0.6340357547669399,98.73192849046613,99.82145412696414,,no_target,0.0,disclosed,0.462,2030.0,6.0,50,0.0672554325785508,99.93274456742145,4,74.57262003641088
EME,Emcor,Industrials,16986422000.0,1765240000.0,1189313000.0,,715575.9376119472,modelled,4.053703392240982,91.89259321551803,97.10164084511975,,no_target,0.0,counterfactual_sector_median,0.48100000000000004,2030.0,6.0,75,0.36175509095518443,99.63824490904481,4,72.02449756413682
EMR,Emerson Electric,Industrials,18016000000.0,4452000000.0,2667000000.0,771000000.0,758948.2995310514,modelled,1.7047356233851108,96.59052875322978,97.10164084511975,4.279529307282416,net_zero_validated,78.55905861456483,disclosed,0.25,2030.0,6.0,75,0.08892813783406582,99.91107186216594,4,93.15549096502788
EOG,EOG Resources,Energy,22632000000.0,10846000000.0,,,318787.6,measured,0.29392181449382254,99.41215637101234,91.32076234725545,,no_target,0.0,counterfactual_sector_median,0.5,2030.0,6.0,100,,,3,62.17394466198861
EQIX,Equinix,Real Estate,9217000000.0,3898000000.0,-400000000.0,,54920.90608254888,modelled,0.1408950900014081,99.71820981999718,99.60201616684317,,near_term_set,75.0,disclosed,0.5,2030.0,6.0,45,,,3,90.86537910146518
EQT,EQT Corporation,Energy,8644211000.0,5850009000.0,2837527000.0,,162027.8,measured,0.27697017218264103,99.44605965563473,91.32076234725545,,no_target,0.0,counterfactual_sector_median,0.5,2030.0,6.0,100,0.04758480418571053,99.9524151958143,4,73.51765680752303
ERIE,Erie Indemnity,Financials,4067258000.0,786634000.0,570965000.0,,395399.04975800094,modelled,5.026467833299869,89.94706433340026,93.29319665385071,,no_target,0.0,counterfactual_sector_median,0.601,2030.0,6.0,40,0.2774657277936575,99.72253427220635,4,70.89485907975958
ES,Eversource Energy,Utilities,13547244000.0,5393089000.0,-45097000.0,,206262.3,measured,0.3824566959677469,99.2350866080645,0.0,,no_target,0.0,counterfactual_sector_median,0.58,2028.0,4.0,30,,,3,42.529322832027646
ESS,Essex Property Trust,Real Estate,1887345000.0,1506858000.0,,,11246.034229181752,modelled,0.07463234245815965,99.85073531508368,99.60201616684317,,no_target,0.0,counterfactual_sector_median,0.54,2030.0,6.0,45,,,3,64.13646145650226
ETN,Eaton Corporation,Industrials,27448000000.0,5938000000.0,3553000000.0,797000000.0,1156284.0211771925,modelled,1.9472617399413819,96.10547652011724,97.10164084511975,2.903672398717575,no_target,5.80734479743515,counterfactual_sector_median,0.48100000000000004,2030.0,6.0,75,0.1956700725394841,99.80432992746051,4,74.79002426040006
ETR,Entergy,Utilities,12946686000.0,5507846000.0,-2534271000.0,,38142109.1,measured,69.25050028631883,0.0,0.0,,no_target,0.0,counterfactual_sector_median,0.58,2028.0,4.0,30,,,3,0.0
EVRG,Evergy,Utilities,5961600000.0,2695800000.0,-751700000.0,,23109085.7,measured,85.72255248905705,0.0,0.0,,no_target,0.0,counterfactual_sector_median,0.58,2028.0,4.0,30,,,3,0.0
EW,Edwards Lifesciences,Health Care,6067600000.0,1420800000.0,1335000000.0,1079200000.0,16895.25368360621,modelled,0.11891366612898516,99.76217266774204,99.82145412696414,17.786274639066516,no_target,30.0,disclosed,0.42,2030.0,6.0,50,0.004429467257874287,99.99557053274214,4,82.40054107918986
EXC,Exelon,Utilities,24258000000.0,8791000000.0,-2275000000.0,,301249.6,measured,0.34267955863951766,99.31464088272097,0.0,,no_target,0.0,counterfactual_sector_median,0.58,2028.0,4.0,30,,,3,42.56341752116613
EXE,Expand Energy,Energy,12124000000.0,5451000000.0,1839000000.0,,1524547.130259074,modelled,2.796821005795403,94.4063579884092,91.32076234725545,,no_target,0.0,counterfactual_sector_median,0.5,2030.0,6.0,100,0.69084064267676,99.30915935732324,4,71.81276955580805
EXPD,Expeditors International,Industrials,11069009000.0,1109315000.0,953400000.0,,466296.9337280142,modelled,4.203467308456247,91.5930653830875,97.10164084511975,,no_target,0.0,counterfactual_sector_median,0.48100000000000004,2030.0,6.0,75,0.2940644340297551,99.70593556597025,4,71.95494641148528
EXPE,Expedia Group,Consumer Discretionary,14733000000.0,2758000000.0,3110000000.0,,38315.614696426615,modelled,0.1389253614808797,99.72214927703824,99.83416332545303,,no_target,0.0,disclosed,0.75,2030.0,6.0,50,0.007700083339314031,99.99229991666068,4,74.88945925692764
EXR,Extra Space Storage,Real Estate,3377542000.0,2127868000.0,1288470000.0,,20125.60127719044,modelled,0.09458106084207499,99.81083787831585,99.60201616684317,,no_target,0.0,counterfactual_sector_median,0.54,2030.0,6.0,45,0.006326005663509532,99.99367399433649,4,74.88165598682217
F,Ford Motor Company,Consumer Discretionary,187267000000.0,6805000000.0,12467000000.0,9400000000.0,497625.1,measured,0.7312639235855988,98.5374721528288,99.83416332545303,5.019570986879696,no_target,10.03914197375939,counterfactual_sector_median,0.602,2030.0,6.0,50,0.02002421794871795,99.97997578205128,4,77.04014437272183
FANG,Diamondback Energy,Energy,15026000000.0,6304000000.0,,,1889462.6508803074,modelled,2.997244052792366,94.00551189441528,91.32076234725545,,no_target,0.0,counterfactual_sector_median,0.5,2030.0,6.0,100,,,3,59.85681131487557
FAST,Fastenal,Industrials,8200500000.0,1834900000.0,1050600000.0,,345457.123129684,modelled,1.8827027256509021,96.2345945486982,97.10164084511975,,no_target,0.0,counterfactual_sector_median,0.48100000000000004,2030.0,6.0,75,0.19770235606484154,99.80229764393516,4,73.37631378455796
FCX,Freeport-McMoRan,Materials,25915000000.0,8762000000.0,1116000000.0,,468238.0,measured,0.5343962565624286,98.93120748687514,84.83165560840686,,no_target,0.0,counterfactual_sector_median,0.5,2030.0,6.0,120,0.41956810035842296,99.58043189964158,4,72.27824015721603
FDS,FactSet,Financials,2321748000.0,905994000.0,617454000.0,300700000.0,225709.0533665529,modelled,2.4912864032935413,95.01742719341291,93.29319665385071,12.951448649896543,no_target,25.902897299793086,counterfactual_sector_median,0.601,2030.0,6.0,40,0.14646288476366745,99.85353711523634,4,78.93099311562065
FDX,FedEx,Industrials,94720000000.0,9832000000.0,5116000000.0,,3990207.7559714247,modelled,4.058388685894451,91.88322262821109,97.10164084511975,,no_target,0.0,disclosed,0.588,2035.0,11.0,75,0.31268775683833216,99.68731224316166,4,72.03640658817979
FDXF,FedEx Freight,Industrials,8795000000.0,1052000000.0,-212000000.0,,370501.237476443,modelled,3.521874880954781,92.95625023809045,97.10164084511975,,no_target,0.0,counterfactual_sector_median,0.48100000000000004,2030.0,6.0,75,,,3,60.645887425992996
FE,FirstEnergy,Utilities,15090000000.0,3523000000.0,-1005000000.0,,15338451.1,measured,43.53803888731195,12.923922225376106,0.0,,no_target,0.0,counterfactual_sector_median,0.58,2028.0,4.0,30,,,3,5.538823810875474
FERG,Ferguson Enterprises,Industrials,30762000000.0,2979000000.0,1603000000.0,,1295890.7410176622,modelled,4.3500864082499575,91.29982718350008,97.10164084511975,,no_target,0.0,counterfactual_sector_median,0.48100000000000004,2030.0,6.0,75,0.48606007987328104,99.51393992012672,4,71.809376257856
FFIV,"F5, Inc.",Information Technology,3088072000.0,858348000.0,906406000.0,539815000.0,32051.31868860925,modelled,0.37340704106736716,99.25318591786527,99.29642014717693,17.48064811960343,no_target,30.0,disclosed,0.5,2030.0,6.0,40,0.011786961798799967,99.9882130382012,4,82.16688270889647
FICO,Fair Isaac,Information Technology,1990869000.0,939802000.0,769885000.0,188347000.0,20663.37079778995,modelled,0.21986940651105183,99.5602611869779,99.29642014717693,9.460542104980288,no_target,18.921084209960576,counterfactual_sector_median,0.5,2030.0,6.0,40,0.008946518331867725,99.99105348166813,4,79.49012847516049
FIS,Fidelity National Information Services,Financials,10677000000.0,3624000000.0,2454000000.0,,1037966.0336930128,modelled,2.8641446845833687,94.27171063083325,93.29319665385071,,no_target,0.0,counterfactual_sector_median,0.601,2030.0,6.0,40,0.1694695969164631,99.83053040308354,4,72.22465180825264
FISV,Fiserv,Financials,21193000000.0,8980000000.0,4299000000.0,,2060280.4300886036,modelled,2.294298919920494,95.41140216015901,93.29319665385071,,no_target,0.0,counterfactual_sector_median,0.601,2030.0,6.0,40,0.192018072184733,99.80798192781528,4,72.5597947244699
FITB,Fifth Third Bancorp,Financials,9903000000.0,3765000000.0,3930000000.0,,962721.5164991951,modelled,2.557029260290027,94.88594147941994,93.29319665385071,,no_target,0.0,counterfactual_sector_median,0.601,2030.0,6.0,40,0.09815023433689844,99.9018497656631,4,72.43031687160251
FIX,Comfort Systems USA,Industrials,9101641000.0,1376989000.0,1031453000.0,,383418.90319116885,modelled,2.784473246998842,94.43105350600231,97.10164084511975,,no_target,0.0,counterfactual_sector_median,0.48100000000000004,2030.0,6.0,75,0.22350084351268576,99.77649915648732,4,72.82751192551484
FLEX,Flex Ltd.,Information Technology,27914000000.0,1801413000.0,1052000000.0,,289721.3892272715,modelled,1.6083007573902903,96.78339848521942,99.29642014717693,,no_target,0.0,counterfactual_sector_median,0.5,2030.0,6.0,40,0.09180018670065637,99.90819981329935,4,73.90194251163217
FOX,Fox Corporation (Class B),Communication Services,16300000000.0,3446000000.0,2993000000.0,,3290.2227108807224,modelled,0.009547947506908653,99.98090410498618,100.0,,no_target,0.0,counterfactual_sector_median,0.462,2030.0,6.0,40,0.0003385862328604285,99.99966141376714,4,74.994169655626
FRT,Federal Realty Investment Trust,Real Estate,1278975000.0,970041000.0,,,7620.968412382331,modelled,0.07856336394422844,99.84287327211155,99.60201616684317,,no_target,0.0,counterfactual_sector_median,0.54,2030.0,6.0,45,,,3,64.1330920095142
FSLR,First Solar,Information Technology,5219376000.0,2126080000.0,1187230000.0,233421000.0,54172.27432899188,modelled,0.25479885201399705,99.490402295972,99.29642014717693,4.472201274635129,near_term_set,61.44440254927026,disclosed,0.34,2028.0,4.0,40,0.015513904864143628,99.98448609513586,4,90.09803017672647
FTNT,Fortinet,Information Technology,6799600000.0,2236700000.0,2225800000.0,815500000.0,70573.53149637298,modelled,0.31552524476404065,99.36894951047192,99.29642014717693,11.993352550150009,no_target,23.986705100300018,disclosed,0.588,2030.0,6.0,40,0.012429160008346755,99.98757083999166,4,80.69809540229062
FTV,Fortive,Industrials,4159100000.0,1157800000.0,978100000.0,259200000.0,175207.6971902529,modelled,1.5132811987411718,96.97343760251765,97.10164084511975,6.232117525426174,no_target,12.464235050852347,counterfactual_sector_median,0.48100000000000004,2030.0,6.0,75,0.10770230849160572,99.89229769150839,4,76.74102547768885
GD,General Dynamics,Industrials,52550000000.0,6280000000.0,3959000000.0,,2213739.62812815,modelled,3.525063102114889,92.94987379577022,97.10164084511975,,no_target,0.0,counterfactual_sector_median,0.48100000000000004,2030.0,6.0,75,0.33619877529983594,99.66380122470017,4,72.34934863290908
GDDY,GoDaddy,Information Technology,4951100000.0,1243900000.0,1575500000.0,,51387.81866458207,modelled,0.41311856792814583,99.17376286414371,99.29642014717693,,no_target,0.0,counterfactual_sector_median,0.5,2030.0,6.0,40,0.010872277301297379,99.9891277226987,4,74.64333019812926
GE,GE Aerospace,Industrials,45855000000.0,10863000000.0,7264000000.0,1580000000.0,1931703.723079283,modelled,1.7782414830887256,96.44351703382254,97.10164084511975,3.4456438774397555,no_target,6.891287754879511,counterfactual_sector_median,0.48100000000000004,2030.0,6.0,75,0.15988943605471073,99.84011056394529,4,75.17315634481818
GEHC,GE HealthCare,Health Care,20625000000.0,,1505000000.0,1260000000.0,57430.38552712408,modelled,,,99.82145412696414,6.109090909090909,near_term_set,64.71818181818182,disclosed,0.42,2030.0,6.0,50,0.013355903610959088,99.98664409638904,3,87.35536686072398
GEN,Gen Digital,Information Technology,5000000000.0,2613000000.0,1523000000.0,409000000.0,51895.355238817705,modelled,0.1986044976609939,99.60279100467801,99.29642014717693,8.18,no_target,16.36,counterfactual_sector_median,0.5,2030.0,6.0,40,0.011358142971945219,99.98864185702806,4,78.86189288058836
GEV,GE Vernova,Industrials,38068000000.0,1388000000.0,3710000000.0,1197000000.0,1603665.8451680765,modelled,11.553788509856458,76.8924229802871,97.10164084511975,3.144373226857203,no_target,6.288746453714405,counterfactual_sector_median,0.48100000000000004,2030.0,6.0,75,0.2598932855545299,99.74010671444547,4,69.12719164861633
GILD,Gilead Sciences,Health Care,29443000000.0,10022000000.0,9456000000.0,,81984.13774909645,modelled,0.08180416857822435,99.83639166284355,99.82145412696414,,no_target,0.0,disclosed,0.46,2030.0,6.0,50,0.0033235250427051935,99.9966764749573,4,74.92313856038487
GIS,General Mills,Consumer Staples,18424600000.0,1441000000.0,1626300000.0,256000000.0,70688.6,measured,0.4905523941707149,99.01889521165857,97.64266504638725,1.3894467179748815,net_zero_validated,72.77889343594977,disclosed,0.42,2030.0,6.0,60,0.0182556797638812,99.98174432023612,4,92.54131497551394
GL,Globe Life,Financials,5994318000.0,1265012000.0,1253907000.0,,582738.4545429085,modelled,4.6065844003290755,90.78683119934186,93.29319665385071,,no_target,0.0,counterfactual_sector_median,0.601,2030.0,6.0,40,0.18620509664607662,99.81379490335392,4,71.17416732888634
GLW,Corning Inc.,Information Technology,15629000000.0,2279000000.0,,800000000.0,171577.2,measured,0.7528617814831067,98.49427643703379,99.29642014717693,5.118689615458442,no_target,10.237379230916885,disclosed,0.3,2028.0,4.0,40,,,3,67.14584394416556
GM,General Motors,Consumer Discretionary,185019000000.0,14889000000.0,17564000000.0,,572171.0,measured,0.38429108737994494,99.23141782524011,99.83416332545303,,no_target,0.0,disclosed,0.72,2035.0,11.0,50,0.010661350696672948,99.98933864930333,4,74.74135144118098
GNRC,Generac,Industrials,4209147000.0,484026000.0,268128000.0,243470000.0,177315.9945673971,modelled,3.6633568148693896,92.67328637026122,97.10164084511975,5.784307366789518,no_target,11.568614733579036,counterfactual_sector_median,0.48100000000000004,2030.0,6.0,75,0.39761323596807313,99.60238676403192,4,75.14010175045067
GOOGL,Alphabet Inc. (Class A),Communication Services,402836000000.0,129039000000.0,73266000000.0,61087000000.0,15853.46924,measured,0.0012285796728120956,99.99754284065438,100.0,15.164235569810046,no_target,30.0,counterfactual_sector_median,0.462,2030.0,6.0,40,6.664576373652172e-05,99.99993335423626,4,82.49924285846718
GPC,Genuine Parts Company,Consumer Discretionary,24300141000.0,590191000.0,420924000.0,,63196.55464771866,modelled,1.0707814020837094,97.85843719583258,99.83416332545303,,no_target,0.0,counterfactual_sector_median,0.602,2030.0,6.0,50,0.07531907164936869,99.92468092835063,4,74.31005993607292
GPN,Global Payments,Financials,7705878000.0,2983832000.0,2038823000.0,,749127.9969825088,modelled,2.510623912413664,94.97875217517267,93.29319665385071,,no_target,0.0,counterfactual_sector_median,0.601,2030.0,6.0,40,0.14721759439522636,99.85278240560478,4,72.44343987231085
GRMN,Garmin,Consumer Discretionary,7245519000.0,,1362913000.0,1126231000.0,18843.176154187084,modelled,,,99.83416332545303,15.543827847252903,no_target,30.0,counterfactual_sector_median,0.602,2030.0,6.0,50,0.006935874388668868,99.99306412561133,3,74.9614910521448
GS,Goldman Sachs,Financials,58283000000.0,24034000000.0,-47218000000.0,,15642.1,measured,0.006508321544478655,99.98698335691104,93.29319665385071,,no_target,0.0,counterfactual_sector_median,0.601,2030.0,6.0,40,,,3,62.84296357878703
GWW,W. W. Grainger,Industrials,17942000000.0,2825000000.0,1331000000.0,,755830.9497216988,modelled,2.675507786625482,94.64898442674904,97.10164084511975,,no_target,0.0,counterfactual_sector_median,0.48100000000000004,2030.0,6.0,75,0.34143002142762685,99.65856997857237,4,72.85751244836439
HAL,Halliburton,Energy,22184000000.0,3396000000.0,1672000000.0,411000000.0,53414.5,measured,0.15728651354534748,99.68542697290931,91.32076234725545,1.8526866209880994,no_target,3.705373241976199,counterfactual_sector_median,0.5,2030.0,6.0,100,0.026622059409888356,99.97337794059011,4,74.52209913663219
HAS,Hasbro,Consumer Discretionary,5365900000.0,146600000.0,829900000.0,385600000.0,13954.914606635144,modelled,0.951904134149737,98.09619173170051,99.83416332545303,7.186119756238469,near_term_set,66.87223951247694,disclosed,0.475,2030.0,6.0,50,0.006656007187765287,99.99334399281223,4,91.12004509429102
HBAN,Huntington Bancshares,Financials,1562000000.0,3450000000.0,2215000000.0,,151850.04632654172,modelled,0.44014506181606294,99.11970987636788,93.29319665385071,,no_target,0.0,counterfactual_sector_median,0.601,2030.0,6.0,40,0.027467833812566313,99.97253216618743,4,73.72165211084419
HCA,HCA Healthcare,Health Care,75600000000.0,13355000000.0,7692000000.0,,210508.4676776039,modelled,0.15762520979229047,99.68474958041543,99.82145412696414,,no_target,0.0,counterfactual_sector_median,0.5,2030.0,6.0,50,0.01140299811912831,99.98859700188088,4,74.87522209373351
HD,Home Depot (The),Consumer Discretionary,164683000000.0,24404000000.0,12646000000.0,,428285.50702854985,modelled,0.17549807696629643,99.6490038460674,99.83416332545303,,no_target,0.0,disclosed,0.42,2030.0,6.0,50,0.01185354479361003,99.98814645520639,4,74.86626958920009
HIG,Hartford (The),Financials,28368000000.0,5156000000.0,5753000000.0,,2757799.048778064,modelled,5.348718093052879,89.30256381389424,93.29319665385071,,no_target,0.0,counterfactual_sector_median,0.601,2030.0,6.0,40,0.19206642659662973,99.80793357340337,4,70.72712871426688
HII,Huntington Ingalls Industries,Industrials,12484000000.0,986000000.0,794000000.0,26000000.0,49706.7,measured,0.5041247464503043,98.9917505070994,97.10164084511975,0.20826658122396668,no_target,0.4165331624479333,counterfactual_sector_median,0.48100000000000004,2030.0,6.0,75,0.03763999165617128,99.96236000834384,4,74.35561257201292
HLT,Hilton Worldwide,Consumer Discretionary,12039000000.0,2870000000.0,2028000000.0,,31309.420031920185,modelled,0.10909205586034906,99.7818158882793,99.83416332545303,,no_target,0.0,counterfactual_sector_median,0.602,2030.0,6.0,50,0.0077450159677909065,99.99225498403221,4,74.9073457605114
HON,Honeywell Technologies,Industrials,37442000000.0,9515000000.0,5422000000.0,1812000000.0,1577294.7508349037,modelled,1.6576928542668457,96.6846142914663,97.10164084511975,4.839485070241974,no_target,9.678970140483948,counterfactual_sector_median,0.48100000000000004,2030.0,6.0,75,0.17490750072657432,99.82509249927342,4,75.93790069911086
HONA,Honeywell Aerospace,Industrials,,,,,,modelled,,,97.10164084511975,,no_target,0.0,counterfactual_sector_median,0.48100000000000004,2030.0,6.0,75,,,2,36.4131153169199
HOOD,Robinhood Markets,Financials,4473000000.0,2194000000.0,-880000000.0,355000000.0,434843.31448055134,modelled,1.98196588186213,96.03606823627574,93.29319665385071,7.936507936507937,no_target,15.873015873015875,counterfactual_sector_median,0.601,2030.0,6.0,40,,,3,66.81864848173471
HPE,Hewlett Packard Enterprise,Information Technology,34296000000.0,2300000000.0,627000000.0,2518000000.0,355960.6206540984,modelled,1.5476548724091235,96.90469025518176,99.29642014717693,7.341964077443434,net_zero_validated,84.68392815488687,disclosed,0.7,2030.0,6.0,40,0.2649361344581274,99.73506386554187,4,95.05737129701535
HPQ,HP Inc.,Information Technology,55295000000.0,4090000000.0,2800000000.0,1602000000.0,573910.7335860849,modelled,1.4032047275943398,97.19359054481133,99.29642014717693,2.897187810832806,net_zero_validated,75.79437562166561,disclosed,0.5,2030.0,6.0,40,0.06832270637929583,99.93167729362071,4,92.98063727902255
HRL,Hormel Foods,Consumer Staples,12106160000.0,982504000.0,534349000.0,35200000.0,58585.7,measured,0.5962896843168068,98.80742063136638,97.64266504638725,0.2907610670931162,no_target,0.5815221341862324,disclosed,0.5,2030.0,6.0,60,0.05481969649049591,99.9451803035095,4,74.41756057096741
HSIC,Henry Schein,Health Care,13184000000.0,964000000.0,573000000.0,,36710.894680708065,modelled,0.3808184095509135,99.23836318089818,99.82145412696414,,near_term_set,75.0,disclosed,0.42,2030.0,6.0,50,0.022423757658373164,99.97757624234163,4,93.48799994601656
HST,Host Hotels & Resorts,Real Estate,6114000000.0,1650000000.0,,,36431.20535843592,modelled,0.2207951839905207,99.55840963201896,99.60201616684317,,no_target,0.0,disclosed,0.54,2030.0,6.0,45,,,3,64.01117902090309
HSY,Hershey Company (The),Consumer Staples,11692576000.0,1945229000.0,1822745000.0,61655000.0,401061.01842615404,modelled,2.0617676295498066,95.87646474090039,97.64266504638725,0.5273003998434562,no_target,1.0546007996869124,disclosed,0.5,2030.0,6.0,60,0.11001566824381744,99.88998433175618,4,73.63998467867678
HUBB,Hubbell Incorporated,Industrials,5844600000.0,1414900000.0,874700000.0,,246211.65805057634,modelled,1.7401346953889063,96.5197306092222,97.10164084511975,,no_target,0.0,counterfactual_sector_median,0.48100000000000004,2030.0,6.0,75,0.16924060752590492,99.8307593924741,4,73.47039312727685
HUM,Humana,Health Care,129664000000.0,3402000000.0,375000000.0,,361049.8671024978,modelled,1.0612870873089295,97.87742582538213,99.82145412696414,,no_target,0.0,counterfactual_sector_median,0.5,2030.0,6.0,50,0.40116651900277533,99.59883348099723,4,74.21609591095843
HWM,Howmet Aerospace,Industrials,8252000000.0,2329000000.0,1431000000.0,37000000.0,124137.6,measured,0.5330081580077286,98.93398368398454,97.10164084511975,0.448376151236064,no_target,0.8967523024721279,counterfactual_sector_median,0.48100000000000004,2030.0,6.0,75,0.05215774423480084,99.9478422557652,4,74.4539819843109
IBKR,Interactive Brokers,Financials,2440000000.0,4832000000.0,,,237204.93792366315,modelled,0.49090425894797834,99.01819148210404,93.29319665385071,,no_target,0.0,counterfactual_sector_median,0.601,2030.0,6.0,40,,,3,62.427767061012595
IBM,IBM,Information Technology,67535000000.0,,12102000000.0,8316000000.0,289772.7,measured,,,99.29642014717693,12.313615162508329,no_target,24.627230325016654,counterfactual_sector_median,0.5,2030.0,6.0,40,0.007981399768633284,99.99201860023138,3,72.92696597628587
ICE,Intercontinental Exchange,Financials,12640000000.0,6489000000.0,4289000000.0,,1228799.3505553696,modelled,1.8936652035065027,96.212669592987,93.29319665385071,,no_target,0.0,counterfactual_sector_median,0.601,2030.0,6.0,40,0.11479107945655975,99.88520892054345,4,72.82334305213674
IDXX,Idexx Laboratories,Health Care,4303702000.0,1505214000.0,1057129000.0,251207000.0,11983.673457156605,modelled,0.07961441666870363,99.84077116666259,99.82145412696414,5.836998007761689,no_target,11.673996015523377,counterfactual_sector_median,0.5,2030.0,6.0,50,0.004723356632743262,99.99527664336726,4,77.84253146593443
IEX,IDEX Corporation,Industrials,3457500000.0,851400000.0,616800000.0,70000000.0,145651.8508896875,modelled,1.7107335082180821,96.57853298356383,97.10164084511975,2.0245842371655822,no_target,4.0491684743311644,counterfactual_sector_median,0.48100000000000004,2030.0,6.0,75,0.1419798562701437,99.85802014372986,4,74.50850418353886
IFF,International Flavors & Fragrances,Materials,10890000000.0,580000000.0,256000000.0,694000000.0,307088.2,measured,5.294624137931034,89.41075172413792,84.83165560840686,6.372819100091827,no_target,12.745638200183654,disclosed,0.5,2030.0,6.0,120,1.19956328125,98.80043671874999,4,72.37451442417331
INCY,Incyte,Health Care,5141242000.0,1608145000.0,892108000.0,2050152000.0,14315.80655264206,modelled,0.08902062035850038,99.821958759283,99.82145412696414,39.87659013133403,no_target,30.0,counterfactual_sector_median,0.5,2030.0,6.0,50,0.0066863198143433215,99.99331368018566,4,82.41779985088522
INTC,Intel,Information Technology,52853000000.0,-2014000000.0,-4949000000.0,13774000000.0,790767.5,measured,,,99.29642014717693,26.060961534823,no_target,30.0,counterfactual_sector_median,0.5,2030.0,6.0,40,,,2,55.98615755519135
INTU,Intuit,Information Technology,18831000000.0,5884000000.0,6123000000.0,2928000000.0,195448.28690043523,modelled,0.3321690803882312,99.33566183922353,99.29642014717693,15.54882905846742,net_zero_validated,100.0,disclosed,0.42,2030.0,6.0,40,0.008937697261493037,99.99106230273851,4,99.69248026466514
INVH,Invitation Homes,Real Estate,2729296000.0,118207000.0,,,16262.92820738595,modelled,1.375800773844692,97.24839845231061,99.60201616684317,,no_target,0.0,counterfactual_sector_median,0.54,2030.0,6.0,45,,,3,63.02117422959952
IP,International Paper,Materials,23634000000.0,5108000000.0,-159000000.0,,5404387.7,measured,10.580242169146437,78.83951566170713,84.83165560840686,,no_target,0.0,disclosed,0.35,2030.0,6.0,120,,,3,51.96657577110452
IQV,IQVIA,Health Care,16310000000.0,3326000000.0,2051000000.0,,45415.25274896454,modelled,0.13654615979845022,99.7269076804031,99.82145412696414,,near_term_set,75.0,disclosed,0.551,2030.0,6.0,50,0.010167318488818243,99.98983268151119,4,93.63824022761891
IR,Ingersoll Rand,Industrials,7650900000.0,1650400000.0,1220100000.0,114300000.0,322304.4818429241,modelled,1.952887068849516,96.09422586230096,97.10164084511975,1.493941889189507,near_term_set,55.487883778379015,disclosed,0.42,2034.0,10.0,75,0.08321113989060003,99.91678886010939,4,87.24052148808582
IRM,Iron Mountain,Real Estate,6901737000.0,2188257000.0,-931629000.0,,41125.05691477191,modelled,0.1879352238552049,99.62412955228959,99.60201616684317,,near_term_set,75.0,disclosed,0.546,2033.0,9.0,45,,,3,90.82505898673337
ISRG,Intuitive Surgical,Health Care,10064700000.0,2945500000.0,2490700000.0,1311800000.0,28025.192786174342,modelled,0.09514579115998759,99.80970841768001,99.82145412696414,13.033672141246138,no_target,26.067344282492275,counterfactual_sector_median,0.5,2030.0,6.0,50,0.004688305962543051,99.99531169403745,4,81.43156022318294
IT,Gartner,Information Technology,6497226000.0,1226020000.0,,,67435.17026737651,modelled,0.550033199029188,98.89993360194163,99.29642014717693,,no_target,0.0,disclosed,0.53,2029.0,5.0,40,,,3,63.663490146655754
ITW,Illinois Tool Works,Industrials,16044000000.0,4216000000.0,2707000000.0,302000000.0,17549.7,measured,0.041626423149905126,99.91674715370019,97.10164084511975,1.882323610072301,no_target,3.764647220144602,counterfactual_sector_median,0.48100000000000004,2030.0,6.0,75,0.0038979523919468054,99.99610204760805,4,75.48026269219659
IVZ,Invesco,Financials,6377100000.0,-539800000.0,1441000000.0,,619950.6596856526,modelled,,,93.29319665385071,,no_target,0.0,counterfactual_sector_median,0.601,2030.0,6.0,40,0.1723758253393834,99.82762417466061,3,62.774666786393986
J,Jacobs Solutions,Industrials,12029783000.0,945693000.0,607472000.0,,506770.83434600075,modelled,5.358724600330136,89.28255079933973,97.10164084511975,,no_target,0.0,counterfactual_sector_median,0.48100000000000004,2030.0,6.0,75,0.5015802607371747,99.49841973926283,4,71.19953728834872
JBHT,J.B. Hunt,Industrials,11999096000.0,1579854000.0,947585000.0,,505478.10308114125,modelled,3.1995241527453886,93.60095169450922,97.10164084511975,,no_target,0.0,counterfactual_sector_median,0.48100000000000004,2030.0,6.0,75,0.3207297598395249,99.67927024016048,4,72.54931270716887
JBL,Jabil,Information Technology,29802000000.0,1856000000.0,1172000000.0,26000000.0,309317.075365449,modelled,1.6665790698569452,96.66684186028611,99.29642014717693,0.08724246694852694,no_target,0.17448493389705388,counterfactual_sector_median,0.5,2030.0,6.0,40,0.08797413975126536,99.91202586024873,4,73.91174457171125
JCI,Johnson Controls,Industrials,23596000000.0,2834000000.0,2120000000.0,273000000.0,56175.1,measured,0.19821841919548341,99.60356316160903,97.10164084511975,1.156975758603153,no_target,2.313951517206306,counterfactual_sector_median,0.48100000000000004,2030.0,6.0,75,0.015931735318396225,99.9840682646816,4,75.02002343395672
JKHY,Jack Henry & Associates,Financials,2375288000.0,635033000.0,588146000.0,162771000.0,230913.95188148442,modelled,3.636251216574326,92.72749756685134,93.29319665385071,6.852684811273412,no_target,13.705369622546824,counterfactual_sector_median,0.601,2030.0,6.0,40,0.15730706897127825,99.84269293102872,4,75.19137905307832
JNJ,Johnson & Johnson,Health Care,94193000000.0,40084000000.0,19698000000.0,109000000.0,262280.7420100072,modelled,0.06543277667149167,99.86913444665701,99.82145412696414,0.11571985179365771,no_target,0.2314397035873154,disclosed,0.44,2030.0,6.0,50,0.004882201513030222,99.99511779848696,4,74.99035371848464
JPM,JPMorgan Chase,Financials,182447000000.0,81416000000.0,,,17736610.37268794,modelled,2.1785165535874937,95.64296689282502,93.29319665385071,,no_target,0.0,counterfactual_sector_median,0.601,2030.0,6.0,40,,,3,60.98124223703587
KDP,Keurig Dr Pepper,Consumer Staples,16603000000.0,3677000000.0,1505000000.0,70000000.0,569490.9392874107,modelled,1.5487923287664145,96.90241534246718,97.64266504638725,0.4216105523098235,no_target,0.843221104619647,disclosed,0.504,2030.0,6.0,60,0.19071324478462126,99.80928675521538,4,73.87071566241777
KEY,KeyCorp,Financials,7513000000.0,2391000000.0,2101000000.0,,730377.3355001973,modelled,3.05469400041906,93.89061199916188,93.29319665385071,,no_target,0.0,counterfactual_sector_median,0.601,2030.0,6.0,40,0.13928503209126397,99.86071496790873,4,72.11937758819879
KEYS,Keysight Technologies,Information Technology,5375000000.0,1101000000.0,1281000000.0,1007000000.0,55787.50688172903,modelled,0.506698518453488,98.98660296309303,99.29642014717693,18.73488372093023,no_target,30.0,disclosed,0.42,2030.0,6.0,40,0.012193990575241318,99.98780600942476,4,82.08678571383187
KHC,Kraft Heinz,Consumer Staples,24942000000.0,-3701000000.0,3661000000.0,167000000.0,45412.3,measured,,,97.64266504638725,0.6695533638040253,near_term_set,53.83910672760805,disclosed,0.5,2030.0,6.0,60,0.006202171537831194,99.99379782846218,3,83.00616541056965
KIM,Kimco Realty,Real Estate,2140116000.0,1397913000.0,1101615000.0,,12752.208944532946,modelled,0.09122319446584262,99.8175536110683,99.60201616684317,,no_target,0.0,counterfactual_sector_median,0.54,2030.0,6.0,45,0.004688248274157345,99.99531175172585,4,74.88416203386473
KKR,KKR & Co.,Financials,19464307000.0,6936631000.0,,,33792.5,measured,0.048716012139034065,99.90256797572194,93.29319665385071,,no_target,0.0,counterfactual_sector_median,0.601,2030.0,6.0,40,,,3,62.80678555827742
KLAC,KLA Corporation,Information Technology,12156162000.0,5038536000.0,3746644000.0,1360334000.0,126169.66906612334,modelled,0.2504093829360817,99.49918123412783,99.29642014717693,11.190489235006904,no_target,22.380978470013805,disclosed,0.5,2030.0,6.0,40,0.011225127435479444,99.98877487256452,4,80.3360944715877
KMB,Kimberly-Clark,Consumer Staples,16447000000.0,3156000000.0,1639000000.0,326000000.0,1030421.3,measured,3.2649597591888466,93.4700804816223,97.64266504638725,1.9821243995865507,no_target,3.9642487991731015,disclosed,0.5,2030.0,6.0,60,0.31434450884685783,99.68565549115314,4,73.584182748584
KMI,Kinder Morgan,Energy,16937000000.0,7177000000.0,2891000000.0,,9724424.7,measured,13.549428312665457,72.90114337466909,91.32076234725545,,no_target,0.0,counterfactual_sector_median,0.5,2030.0,6.0,100,2.803074109304738,97.19692589069527,4,64.72753513169764
KO,Coca-Cola Company (The),Consumer Staples,47941000000.0,14812000000.0,5296000000.0,,1644399.5133637148,modelled,1.1101806058356163,97.77963878832877,97.64266504638725,,no_target,0.0,counterfactual_sector_median,0.5,2030.0,6.0,60,0.15524919876923288,99.84475080123076,4,73.93371663382594
KR,Kroger,Consumer Staples,147642000000.0,5222000000.0,3456000000.0,,5064192.089277353,modelled,9.697801779542997,80.604396440914,97.64266504638725,,no_target,0.0,counterfactual_sector_median,0.5,2030.0,6.0,60,0.7326666795829504,99.26733332041705,4,68.60791868535739
KVUE,Kenvue,Consumer Staples,15124000000.0,2971000000.0,1722000000.0,382000000.0,518760.52314538334,modelled,1.7460805221992035,96.50783895560158,97.64266504638725,2.525786828881248,no_target,5.051573657762496,disclosed,0.42,2030.0,6.0,60,0.12652695686472765,99.87347304313528,4,74.82368677101977
L,Loews Corporation,Financials,18454000000.0,2890000000.0,2700000000.0,,1938481.4,measured,6.707548096885813,86.58490380622837,93.29319665385071,,no_target,0.0,counterfactual_sector_median,0.601,2030.0,6.0,40,0.2876610670123457,99.71233893298765,4,69.88315231984241
LDOS,Leidos,Industrials,17174000000.0,2399000000.0,1625000000.0,187000000.0,723477.913862471,modelled,3.0157478693725346,93.96850426125492,97.10164084511975,1.0888552463025503,no_target,2.1777104926051,counterfactual_sector_median,0.48100000000000004,2030.0,6.0,75,0.2676868281291143,99.73231317187089,4,73.21991897985697
LEN,Lennar,Consumer Discretionary,34186934000.0,2948173000.0,28183000.0,,88908.80274188331,modelled,0.30157254252678967,99.39685491494642,99.83416332545303,,no_target,0.0,counterfactual_sector_median,0.602,2030.0,6.0,50,1.5826059223235567,98.41739407767645,4,74.3193991966048
LH,Labcorp,Health Care,13951700000.0,2065800000.0,1206000000.0,,38848.5580489104,modelled,0.18805575587622425,99.62388848824754,99.82145412696414,,no_target,0.0,disclosed,0.42,2030.0,6.0,50,0.01127445714520617,99.9887255428548,4,74.85700232837532
LHX,L3Harris,Industrials,21325000000.0,3334000000.0,2682000000.0,,898344.387627646,modelled,2.694494264030132,94.61101147193973,97.10164084511975,,no_target,0.0,counterfactual_sector_median,0.48100000000000004,2030.0,6.0,75,0.20139059025396056,99.79860940974604,4,72.8881323912737
LII,Lennox International,Industrials,5195300000.0,1154000000.0,638800000.0,103400000.0,218859.01979094534,modelled,1.8965253014813288,96.20694939703735,97.10164084511975,1.9902604276942621,no_target,3.9805208553885247,disclosed,0.375,2034.0,10.0,75,0.09635895321885314,99.90364104678115,4,74.39355347376065
LIN,Linde plc,Materials,33986000000.0,12686000000.0,5089000000.0,147000000.0,8787322.3,measured,6.926787245782754,86.14642550843449,84.83165560840686,0.43253104219384453,no_target,0.8650620843876891,counterfactual_sector_median,0.5,2030.0,6.0,120,1.7267286893299276,98.27327131067007,4,68.26692290808931
LITE,Lumentum,Information Technology,1645000000.0,524800000.0,-104700000.0,303900000.0,17073.571873571025,modelled,0.3253348299079845,99.34933034018403,99.29642014717693,18.4741641337386,net_zero_validated,100.0,disclosed,0.9,2030.0,6.0,40,,,3,99.57037446304537
LLY,Lilly (Eli),Health Care,65179000000.0,27728000000.0,,7190800000.0,181491.15627987494,modelled,0.06545411002592143,99.86909177994816,99.82145412696414,11.032387732245049,no_target,22.0647754644901,counterfactual_sector_median,0.5,2030.0,6.0,50,,,3,72.07162788450229
LMT,Lockheed Martin,Industrials,75048000000.0,9418000000.0,6908000000.0,2000000000.0,95794.1,measured,0.10171384582713952,99.79657230834572,97.10164084511975,2.6649610915680633,no_target,5.3299221831361265,counterfactual_sector_median,0.48100000000000004,2030.0,6.0,75,0.008337608949768385,99.99166239105023,4,75.83419708237076
LNT,Alliant Energy,Utilities,4362000000.0,1871000000.0,-998000000.0,,13023321.5,measured,69.60620791020844,0.0,0.0,,no_target,0.0,counterfactual_sector_median,0.58,2028.0,4.0,30,,,3,0.0
LOW,Lowe's,Consumer Discretionary,86286000000.0,12347000000.0,7651000000.0,,224401.08122553906,modelled,0.18174542903178023,99.63650914193643,99.83416332545303,,no_target,0.0,counterfactual_sector_median,0.602,2030.0,6.0,50,0.014713703099570263,99.98528629690043,4,74.86166313046901
LRCX,Lam Research,Information Technology,18435591000.0,6287245000.0,5414078000.0,2096387000.0,191344.3087965101,modelled,0.30433728731186727,99.39132542537627,99.29642014717693,11.37141196070145,no_target,22.742823921402895,disclosed,0.462,2034.0,10.0,40,0.006531200375316918,99.99346879962468,4,80.39560726992754
LULU,Lululemon Athletica,Consumer Discretionary,11102600000.0,2706843000.0,921675000.0,,28874.156229454027,modelled,0.10667096772680953,99.78665806454639,99.83416332545303,,no_target,0.0,counterfactual_sector_median,0.602,2030.0,6.0,50,0.015716170785193013,99.9842838292148,4,74.90640706694631
LUV,Southwest Airlines,Industrials,28063000000.0,1988000000.0,-831000000.0,,1182191.7256738397,modelled,5.9466384591239425,88.10672308175211,97.10164084511975,,no_target,0.0,counterfactual_sector_median,0.48100000000000004,2030.0,6.0,75,,,3,58.56751864470514
LVS,Las Vegas Sands,Consumer Discretionary,13017000000.0,4282000000.0,1855000000.0,269000000.0,33852.871547097355,modelled,0.07905855102077851,99.84188289795844,99.83416332545303,2.0665283859568255,no_target,4.133056771913651,disclosed,0.602,2030.0,6.0,50,0.00915517909764268,99.99084482090235,4,75.9582070074546
LYB,LyondellBasell,Materials,30153000000.0,970000000.0,384000000.0,136000000.0,6109912.0,measured,62.988783505154636,0.0,84.83165560840686,0.45103306470334625,no_target,0.9020661294066925,counterfactual_sector_median,0.5,2030.0,6.0,120,15.911229166666667,84.08877083333334,4,38.1768961236127
LYV,Live Nation Entertainment,Communication Services,25201406000.0,1890089000.0,333611000.0,,5087.008488792988,modelled,0.02691412144503771,99.94617175710992,100.0,,no_target,0.0,counterfactual_sector_median,0.462,2030.0,6.0,40,0.004696483672745324,99.99530351632725,4,74.98244258203115
MA,Mastercard,Financials,32791000000.0,20040000000.0,17159000000.0,,3187781.60633395,modelled,1.5907093843981788,96.81858123120364,93.29319665385071,,no_target,0.0,disclosed,0.602,2030.0,6.0,40,0.07455929937692708,99.92544070062307,4,73.01718607762561
MAA,Mid-America Apartment Communities,Real Estate,2209126000.0,753245000.0,,,13163.415598406953,modelled,0.1747560966007999,99.65048780679841,99.60201616684317,,no_target,0.0,counterfactual_sector_median,0.54,2030.0,6.0,45,,,3,64.05064109580857
MAR,Marriott International,Consumer Discretionary,26186000000.0,4268000000.0,2608000000.0,,68101.04435217725,modelled,0.15956195958804417,99.68087608082391,99.83416332545303,,near_term_set,75.0,disclosed,0.462,2030.0,6.0,50,0.010053259998308375,99.98994674000168,4,93.62637134506562
MAS,Masco,Industrials,7562000000.0,1396000000.0,866000000.0,,318559.44943682343,modelled,2.2819444802064717,95.43611103958706,97.10164084511975,,no_target,0.0,counterfactual_sector_median,0.48100000000000004,2030.0,6.0,75,0.2211707493924828,99.77882925060752,4,73.12972821382633
MCD,McDonald's,Consumer Discretionary,26885000000.0,12850000000.0,7186000000.0,,69918.91000566278,modelled,0.0544116031172473,99.8911767937655,99.83416332545303,,near_term_set,75.0,disclosed,0.504,2030.0,6.0,50,0.004086549151458164,99.99591345084853,4,93.69125157220216
MCHP,Microchip Technology,Information Technology,4713100000.0,1179400000.0,871000000.0,1085900000.0,472938.2,measured,4.009989825334916,91.98002034933018,99.29642014717693,23.040037342725594,no_target,30.0,counterfactual_sector_median,0.5,2030.0,6.0,40,0.1809943360122465,99.81900566398775,4,79.93417082607192
MCK,McKesson Corporation,Health Care,403430000000.0,6499000000.0,5719000000.0,,1123352.2634282506,modelled,1.7285001745318518,96.5429996509363,99.82145412696414,,no_target,0.0,disclosed,0.504,2032.0,8.0,50,0.061873747679646596,99.93812625232036,4,73.91755589002162
MCO,Moody's Corporation,Financials,7718000000.0,3831000000.0,2575000000.0,,750306.4388913247,modelled,1.958513283454254,96.0829734330915,93.29319665385071,,near_term_set,75.0,disclosed,0.5,2030.0,6.0,40,0.0971270471056731,99.90287295289433,4,91.53973341387335
MDLZ,Mondelez International,Consumer Staples,38537000000.0,4906000000.0,3235000000.0,400000000.0,13247.4,measured,0.027002445984508766,99.94599510803098,97.64266504638725,1.0379635155824274,near_term_set,54.57592703116485,disclosed,0.504,2030.0,6.0,60,0.002063891684698609,99.9979361083153,4,88.27356087965319
MDT,Medtronic,Health Care,36364000000.0,9425000000.0,5426000000.0,,101255.68675434377,modelled,0.1074330893945292,99.78513382121093,99.82145412696414,,no_target,0.0,counterfactual_sector_median,0.5,2030.0,6.0,50,0.007775501194429889,99.99222449880557,4,74.90642561504957
MET,MetLife,Financials,77084000000.0,6137000000.0,,,7493731.735617889,modelled,12.210740973794834,75.57851805241033,93.29319665385071,,no_target,0.0,counterfactual_sector_median,0.601,2030.0,6.0,40,,,3,52.382192734001016
META,Meta Platforms,Communication Services,200966000000.0,101892000000.0,46109000000.0,57372000000.0,40565.82192115676,modelled,0.003981256813209748,99.99203748637358,100.0,28.548112616064408,no_target,30.0,disclosed,0.42,2031.0,7.0,40,0.000211147438918164,99.99978885256108,4,82.49754790168039
MGM,MGM Resorts,Consumer Discretionary,17537683000.0,2019574000.0,1460451000.0,,110103.336,measured,0.5451809936154852,98.90963801276904,99.83416332545303,,no_target,0.0,counterfactual_sector_median,0.602,2030.0,6.0,50,0.03782062771020732,99.9621793722898,4,74.6366697143356
MKC,McCormick & Company,Consumer Staples,6840300000.0,1302100000.0,740400000.0,106100000.0,234625.6021205611,modelled,1.8019015599459418,96.39619688010812,97.64266504638725,1.551101559873105,net_zero_validated,73.1022031197462,disclosed,0.42,2030.0,6.0,60,0.13309393961458085,99.86690606038542,4,91.8008814190427
MLM,Martin Marietta Materials,Materials,6150000000.0,2074000000.0,978000000.0,,3999044.2,measured,19.281794599807135,61.43641080038573,84.83165560840686,,no_target,0.0,disclosed,0.63,2035.0,11.0,120,2.8102597278304513,97.18974027216954,4,60.312593663027606
MMM,3M,Industrials,24948000000.0,5937000000.0,1396000000.0,700000000.0,1007143.7,measured,1.6963848745157486,96.6072302509685,97.10164084511975,2.8058361391694726,no_target,5.611672278338945,disclosed,0.526,2030.0,6.0,75,0.47435313950573066,99.52564686049426,4,74.80802732979151
MNST,Monster Beverage,Consumer Staples,8294343000.0,2533795000.0,1965902000.0,,284499.9810782365,modelled,1.1228216216317282,97.75435675673656,97.64266504638725,,no_target,0.0,counterfactual_sector_median,0.5,2030.0,6.0,60,0.07235863768342382,99.92764136231658,4,73.95099919267402
MO,Altria,Consumer Staples,23279000000.0,10165000000.0,9074000000.0,195000000.0,66467.2,measured,0.06538829316281358,99.86922341367436,97.64266504638725,0.8376648481463981,near_term_set,54.1753296962928,disclosed,0.65,2030.0,6.0,60,0.004761260744985674,99.99523873925502,4,88.1495708269101
MOS,Mosaic Company (The),Materials,12052400000.0,1871400000.0,-534600000.0,,1584500.0,measured,8.4669231591322,83.0661536817356,84.83165560840686,,no_target,0.0,counterfactual_sector_median,0.5,2030.0,6.0,120,,,3,53.777992065402444
MPC,Marathon Petroleum,Energy,132699000000.0,11542000000.0,4767000000.0,,15864357.7,measured,13.744894905562294,72.51021018887542,91.32076234725545,,no_target,0.0,counterfactual_sector_median,0.5,2030.0,6.0,100,2.773295171666317,97.22670482833368,4,64.61918885725105
MPWR,Monolithic Power Systems,Information Technology,2790459000.0,781149000.0,666189000.0,,28962.3722168712,modelled,0.3707662970428331,99.25846740591433,99.29642014717693,,no_target,0.0,counterfactual_sector_median,0.5,2030.0,6.0,40,0.014491569317851841,99.98550843068215,4,74.66765577305549
MRK,Merck & Co.,Health Care,65011000000.0,,12360000000.0,15789000000.0,365529.7,measured,,,99.82145412696414,24.286659180754025,no_target,30.0,counterfactual_sector_median,0.5,2030.0,6.0,50,0.012322333468176917,99.98767766653182,3,74.95645917000596
MRNA,Moderna,Health Care,1944000000.0,-2863000000.0,-2065000000.0,3132000000.0,5413.074883138386,modelled,,,99.82145412696414,161.11111111111111,near_term_set,82.5,disclosed,0.9,2030.0,6.0,50,,,2,88.99554529761154
MRSH,Marsh McLennan,Financials,26981000000.0,6584000000.0,5001000000.0,,2622961.6516878502,modelled,3.9838421198175125,92.03231576036497,93.29319665385071,,near_term_set,75.0,disclosed,0.5,2030.0,6.0,40,0.17482914428366658,99.82517085571634,4,90.301225482902
MRVL,Marvell Technology,Information Technology,8194600000.0,542900000.0,1396400000.0,2075200000.0,85052.33560800311,modelled,1.566629869368265,96.86674026126347,99.29642014717693,25.32399384960828,no_target,30.0,disclosed,0.5,2030.0,6.0,40,0.020302763202521508,99.97969723679748,4,81.44839427149483
MS,Morgan Stanley,Financials,70645000000.0,26612000000.0,,,24686.4,measured,0.009276416654140989,99.98144716669172,93.29319665385071,,no_target,0.0,counterfactual_sector_median,0.601,2030.0,6.0,40,,,3,62.84059092583589
MSCI,MSCI,Financials,3134459000.0,1736972000.0,1549127000.0,177596000.0,304716.8657865849,modelled,1.7542992390584586,96.49140152188308,93.29319665385071,5.665921934215761,near_term_set,63.83184386843152,disclosed,0.8,2030.0,6.0,40,0.10490790087116504,99.89509209912883,4,88.86788855148906
MSFT,Microsoft,Information Technology,281724000000.0,155237000000.0,71611000000.0,32488000000.0,2924033.411860136,modelled,0.188359309433971,99.62328138113206,99.29642014717693,11.531853871164685,no_target,23.063707742329367,counterfactual_sector_median,0.5,2030.0,6.0,40,0.013610727457421049,99.98638927254258,4,80.54329115376127
MSI,Motorola Solutions,Information Technology,11682000000.0,3413000000.0,2572000000.0,970000000.0,121248.30797997367,modelled,0.35525434509221704,99.28949130981557,99.29642014717693,8.303372710152372,no_target,16.606745420304744,counterfactual_sector_median,0.5,2030.0,6.0,40,0.015713881283044802,99.98428611871695,4,78.82828260571249
MTB,M&T Bank,Financials,1657000000.0,4015000000.0,3649000000.0,,161085.48448340566,modelled,0.40120917679553086,99.19758164640893,93.29319665385071,,no_target,0.0,counterfactual_sector_median,0.601,2030.0,6.0,40,0.01768747166795045,99.98231252833205,4,73.74794775049989
MTD,Mettler Toledo,Health Care,4026399000.0,,848648000.0,199373000.0,11211.522271807364,modelled,,,99.82145412696414,4.951645378413813,no_target,9.903290756827626,counterfactual_sector_median,0.5,2030.0,6.0,50,0.005504599802571936,99.99449540019742,3,67.7819848975868
MU,Micron Technology,Information Technology,37378000000.0,18122000000.0,1668000000.0,3798000000.0,303884.3,measured,0.1676880587131663,99.66462388257366,99.29642014717693,10.161057306436941,no_target,20.322114612873882,counterfactual_sector_median,0.5,2030.0,6.0,40,0.060728277378097516,99.9392717226219,4,79.85616035685368
NCLH,Norwegian Cruise Line Holdings,Consumer Discretionary,9827592000.0,2722976000.0,-1169860000.0,,25558.286056178964,modelled,0.09386159134777157,99.81227681730445,99.83416332545303,,no_target,0.0,counterfactual_sector_median,0.602,2030.0,6.0,50,,,3,64.16972506287041
NDAQ,"Nasdaq, Inc.",Financials,8262000000.0,2476000000.0,1989000000.0,,803191.4742316824,modelled,3.2439074080439516,93.5121851839121,93.29319665385071,,near_term_set,75.0,disclosed,0.9,2032.0,8.0,40,0.18171752810671546,99.81828247189328,4,90.74311979481922
NDSN,Nordson Corporation,Industrials,2791687000.0,790989000.0,661115000.0,68239000.0,117603.58023273436,modelled,1.4867916018141134,97.02641679637178,97.10164084511975,2.444364285824306,no_target,4.888728571648612,counterfactual_sector_median,0.48100000000000004,2030.0,6.0,75,0.1069543916186012,99.8930456083814,4,74.86326699110606
NEE,NextEra Energy,Utilities,27412000000.0,14860000000.0,,,42410123.6,measured,28.539787079407805,42.92042584118438,0.0,,no_target,0.0,counterfactual_sector_median,0.58,2028.0,4.0,30,,,3,18.39446821765045
NEM,Newmont,Materials,22669000000.0,13863000000.0,7299000000.0,166000000.0,567759.3,measured,0.4095500973815192,99.18089980523696,84.83165560840686,0.7322775596629759,no_target,1.4645551193259518,disclosed,0.32,2030.0,6.0,120,0.049782977394163604,99.95021702260584,4,72.83022216944535
NFLX,Netflix,Communication Services,45183036000.0,13659992000.0,9461053000.0,3391390000.0,9120.383508818482,modelled,0.00667671218901042,99.98664657562199,100.0,7.505892255668698,no_target,15.011784511337394,disclosed,0.462,2030.0,6.0,40,0.0002969096696441815,99.99970309033036,4,78.74885102762005
NI,NiSource,Utilities,6522800000.0,3002900000.0,-420000000.0,,5027591.0,measured,16.742452296113758,66.51509540777248,0.0,,no_target,0.0,counterfactual_sector_median,0.58,2028.0,4.0,30,,,3,28.50646946047392
NKE,"Nike, Inc.",Consumer Discretionary,46398000000.0,4647000000.0,2184000000.0,,120665.70899917207,modelled,0.25966367333585555,99.48067265332828,99.83416332545303,,no_target,0.0,disclosed,0.65,2030.0,6.0,50,0.029927011160508946,99.97007298883949,4,74.81034819146828
NOC,Northrop Grumman,Industrials,41954000000.0,5983000000.0,3307000000.0,1100000000.0,110192.3,measured,0.18417566438241684,99.63164867123517,97.10164084511975,2.6219192448872577,no_target,5.243838489774515,counterfactual_sector_median,0.48100000000000004,2030.0,6.0,75,0.020034206342606595,99.97996579365739,4,75.75969008867935
NOW,ServiceNow,Information Technology,13278000000.0,2562000000.0,4576000000.0,2960000000.0,137813.30537220428,modelled,0.5379129795948645,98.92417404081027,99.29642014717693,22.29251393282121,no_target,30.0,disclosed,0.7,2026.0,2.0,40,0.042163161608628937,99.95783683839137,4,82.05906628583703
NRG,NRG Energy,Utilities,30713000000.0,3251000000.0,766000000.0,,22461424.3,measured,69.09081605659797,0.0,0.0,,no_target,0.0,counterfactual_sector_median,0.58,2028.0,4.0,30,12.755508577676238,87.24449142232376,4,26.173347426697127
NSC,Norfolk Southern,Industrials,12180000000.0,5749000000.0,2157000000.0,,513098.9280799404,modelled,0.8925011794745876,98.21499764105083,97.10164084511975,,no_target,0.0,disclosed,0.42,2034.0,10.0,75,0.07493099784199408,99.92506900215801,4,74.00726611973062
NTAP,NetApp,Information Technology,6925000000.0,1853000000.0,1869000000.0,991000000.0,71875.06700576251,modelled,0.3878848732097276,99.22423025358054,99.29642014717693,14.310469314079423,no_target,28.620938628158843,disclosed,0.508,2030.0,6.0,40,0.013023910839638792,99.98697608916036,4,81.81305958193852
NTRS,Northern Trust,Financials,8086400000.0,3118600000.0,5459500000.0,,786120.495912258,modelled,2.520748078984987,94.95850384203003,93.29319665385071,,no_target,0.0,counterfactual_sector_median,0.601,2030.0,6.0,40,0.05769251372754124,99.94230748627247,4,72.46422289656836
NUE,Nucor,Materials,32494000000.0,,-188000000.0,,5497406.2,measured,,,84.83165560840686,,no_target,0.0,counterfactual_sector_median,0.5,2030.0,6.0,120,,,2,31.81187085315257
NVDA,Nvidia,Information Technology,215938000000.0,133230000000.0,96676000000.0,18497000000.0,2241235.8439119635,modelled,0.16822306116580074,99.66355387766839,99.29642014717693,8.56588465207606,no_target,17.13176930415212,disclosed,0.5,2030.0,6.0,40,0.007727653343511536,99.99227234665649,4,79.07415321541203
NVR,"NVR, Inc.",Consumer Discretionary,10323959000.0,,1096812000.0,,26849.170921448847,modelled,,,99.83416332545303,,no_target,0.0,counterfactual_sector_median,0.602,2030.0,6.0,50,0.01228044011090947,99.98771955988909,3,64.2449148096924
NWS,News Corp (Class B),Communication Services,8452000000.0,1382000000.0,571000000.0,,1706.0713099609734,modelled,0.012344944355723395,99.97531011128855,100.0,,no_target,0.0,counterfactual_sector_median,0.462,2030.0,6.0,40,0.0009202626330437474,99.99907973736696,4,74.99231695459665
NXPI,NXP Semiconductors,Information Technology,12269000000.0,3879000000.0,2423000000.0,2360000000.0,127340.82268501088,modelled,0.32828260552980376,99.34343478894039,99.29642014717693,19.23547151357079,no_target,30.0,counterfactual_sector_median,0.5,2030.0,6.0,40,0.017518341269089403,99.98248165873092,4,82.19223795637794
O,Realty Income,Real Estate,5749377000.0,3679329000.0,,,34258.543370963074,modelled,0.09311084540404806,99.8137783091919,99.60201616684317,,no_target,0.0,counterfactual_sector_median,0.54,2030.0,6.0,45,,,3,64.1206227396915
ODFL,Old Dominion,Industrials,5496389000.0,1725728000.0,955099000.0,,231542.8000172722,modelled,1.3417108606760288,97.31657827864795,97.10164084511975,,no_target,0.0,counterfactual_sector_median,0.48100000000000004,2030.0,6.0,75,0.1457598725476468,99.85424012745236,4,73.71649164859805
OKE,Oneok,Energy,33629000000.0,7255000000.0,2447000000.0,,2501676.9,measured,3.448210751206065,93.10357849758788,91.32076234725545,,no_target,0.0,counterfactual_sector_median,0.5,2030.0,6.0,100,0.8519537188393952,99.1480462811606,4,71.37360178571286
OMC,Omnicom Group,Communication Services,17271900000.0,721400000.0,2788400000.0,,3486.404763193911,modelled,0.048328316650872075,99.90334336669827,100.0,,no_target,0.0,disclosed,0.462,2030.0,6.0,40,0.00038509993798010496,99.99961490006201,4,74.97088748002808
ON,ON Semiconductor,Information Technology,5995400000.0,770200000.0,1418600000.0,,62226.682559761524,modelled,0.8079288828844654,98.38414223423106,99.29642014717693,,no_target,0.0,counterfactual_sector_median,0.5,2030.0,6.0,40,0.014621618158692024,99.9853783818413,4,74.40531920689824
ORCL,Oracle Corporation,Information Technology,67357000000.0,20606000000.0,-23686000000.0,10272000000.0,699103.0885642088,modelled,0.3392716143667907,99.32145677126641,99.29642014717693,15.25008536603471,no_target,30.0,counterfactual_sector_median,0.5,2030.0,6.0,40,,,3,74.55842864779494
ORLY,O'Reilly Automotive,Consumer Discretionary,17781992000.0,3971842000.0,1593178000.0,,46245.0250462866,modelled,0.11643218699607537,99.76713562600786,99.83416332545303,,no_target,0.0,counterfactual_sector_median,0.602,2030.0,6.0,50,0.014561830231704875,99.98543816976829,4,74.9008966375508
OTIS,Otis Worldwide,Industrials,14431000000.0,2308000000.0,1444000000.0,152000000.0,607925.3391725468,modelled,2.6339919374893705,94.73201612502126,97.10164084511975,1.0532880604254728,no_target,2.1065761208509457,disclosed,0.55,2033.0,9.0,75,0.1929587583938716,99.80704124160613,4,73.45360736696891
OXY,Occidental Petroleum,Energy,21593000000.0,10661000000.0,4105000000.0,,7889828.4,measured,7.400645718037707,85.19870856392458,91.32076234725545,,no_target,0.0,counterfactual_sector_median,0.5,2030.0,6.0,100,1.6016704019488428,98.39832959805116,4,68.77722580068104
PANW,Palo Alto Networks,Information Technology,9221000000.0,1586000000.0,3469000000.0,1984000000.0,95705.4141314276,modelled,0.6034389289497327,98.79312214210053,99.29642014717693,21.516104543975707,net_zero_validated,100.0,disclosed,0.35,2027.0,3.0,40,0.012874755432305048,99.9871252445677,4,99.528537238077
PAYX,Paychex,Industrials,6512000000.0,2953100000.0,2321800000.0,,274326.78322303545,modelled,0.9289451194440941,98.14210976111181,97.10164084511975,,no_target,0.0,counterfactual_sector_median,0.48100000000000004,2030.0,6.0,75,0.07103927057147476,99.92896072942852,4,73.98656727393006
PCAR,Paccar,Industrials,28444800000.0,3421700000.0,3672800000.0,445500000.0,1198275.5656361484,modelled,3.5019889693314683,92.99602206133706,97.10164084511975,1.5661913601079986,no_target,3.1323827202159977,disclosed,0.35,2030.0,6.0,75,0.14273730123225195,99.85726269876774,4,73.2043272348534
PCG,PG&E Corporation,Utilities,24935000000.0,4749000000.0,-3071000000.0,,671189.7,measured,1.4133284902084648,97.17334301958307,0.0,,no_target,0.0,counterfactual_sector_median,0.58,2028.0,4.0,30,,,3,41.645718436964174
PEG,Public Service Enterprise Group,Utilities,12168000000.0,4138000000.0,26000000.0,,463035.3,measured,1.118983325277912,97.76203334944418,0.0,,no_target,0.0,counterfactual_sector_median,0.58,2028.0,4.0,30,7.74693675,92.25306325,4,57.00452897983325
PEP,PepsiCo,Consumer Staples,93925000000.0,14949000000.0,7672000000.0,839000000.0,317942.6,measured,0.21268486186366978,99.57463027627266,97.64266504638725,0.8932659036465265,near_term_set,54.28653180729305,disclosed,0.5,2030.0,6.0,60,0.02072097236704901,99.97927902763296,4,88.08420549995303
PFE,Pfizer,Health Care,62579000000.0,14112000000.0,9075000000.0,,225796.4,measured,0.1600031179138322,99.67999376417234,99.82145412696414,,no_target,0.0,disclosed,0.46,2030.0,6.0,50,0.009537772635445363,99.99046222736455,4,74.87435491650568
PFG,Principal Financial Group,Financials,15625500000.0,,,,1519035.1465271304,modelled,,,93.29319665385071,,no_target,0.0,counterfactual_sector_median,0.601,2030.0,6.0,40,,,2,34.98494874519402
PG,Procter & Gamble,Consumer Staples,84284000000.0,23298000000.0,14044000000.0,2100000000.0,1660556.1,measured,0.7127462013906773,98.57450759721864,97.64266504638725,2.491576099852878,no_target,4.983152199705756,disclosed,0.63,2030.0,6.0,60,0.07449091021076618,99.92550908978923,4,75.44219281298689
PGR,Progressive Corporation,Financials,87671000000.0,,17200000000.0,,8522948.406846505,modelled,,,93.29319665385071,,no_target,0.0,counterfactual_sector_median,0.601,2030.0,6.0,40,0.19853844932227707,99.80146155067773,3,62.763454233258464
PH,Parker Hannifin,Industrials,19850000000.0,5068000000.0,3341000000.0,240000000.0,836208.0231844677,modelled,1.6499763677673,96.7000472644654,97.10164084511975,1.2090680100755669,no_target,2.4181360201511333,disclosed,0.462,2030.0,6.0,75,0.14454059664442684,99.85545940335557,4,74.13643213215204
PHM,PulteGroup,Consumer Discretionary,17311953000.0,,1748533000.0,,45022.61051996517,modelled,,,99.83416332545303,,no_target,0.0,counterfactual_sector_median,0.602,2030.0,6.0,50,0.012917310078896155,99.98708268992111,3,64.24464186542042
PKG,Packaging Corporation of America,Materials,8989300000.0,1759800000.0,728600000.0,14500000.0,1498344.2,measured,8.514286850778497,82.971426298443,84.83165560840686,0.16130288231564194,no_target,0.3226057646312839,counterfactual_sector_median,0.5,2030.0,6.0,120,2.056470216854241,97.94352978314575,4,67.07988660689547
PLD,Prologis,Real Estate,8790127000.0,6983892000.0,,,52377.317936495296,modelled,0.0749973194552483,99.8500053610895,99.60201616684317,,near_term_set,75.0,disclosed,0.9,2030.0,6.0,45,,,3,90.92186290479047
PLTR,Palantir Technologies,Information Technology,4475446000.0,1440160000.0,2100591000.0,557677000.0,46450.972004429146,modelled,0.322540356657796,99.3549192866844,99.29642014717693,12.460813961334804,no_target,24.921627922669607,counterfactual_sector_median,0.5,2030.0,6.0,40,0.007371095722494152,99.99262890427751,4,80.92913446003251
PM,Philip Morris International,Consumer Staples,40648000000.0,16888000000.0,10664000000.0,756000000.0,1394246.0820426834,modelled,0.8255838950986993,98.34883220980261,97.64266504638725,1.859870104310175,near_term_set,56.21974020862035,disclosed,0.5,2030.0,6.0,60,0.06537162800275147,99.93462837199725,4,88.18637298365313
PNC,PNC Financial Services,Financials,23099000000.0,8867000000.0,,,2245572.484056842,modelled,2.532505338961139,94.93498932207773,93.29319665385071,,no_target,0.0,counterfactual_sector_median,0.601,2030.0,6.0,40,,,3,60.677823278144174
PNR,Pentair,Industrials,4176000000.0,,746000000.0,95900000.0,175919.632484551,modelled,,,97.10164084511975,2.296455938697318,no_target,4.592911877394636,counterfactual_sector_median,0.48100000000000004,2030.0,6.0,75,0.14178509253530333,99.8582149074647,3,65.24419795479433
PNW,Pinnacle West Capital,Utilities,5339939000.0,2037245000.0,-819523000.0,,10549462.6,measured,51.78298437350441,0.0,0.0,,no_target,0.0,counterfactual_sector_median,0.58,2028.0,4.0,30,,,3,0.0
PODD,Insulet Corporation,Health Care,2708100000.0,564200000.0,377700000.0,301100000.0,7540.714038594168,modelled,0.13365320876629153,99.73269358246742,99.82145412696414,11.118496362763562,no_target,22.236992725527124,counterfactual_sector_median,0.5,2030.0,6.0,50,0.008318676681883956,99.99168132331812,4,80.44977877216206
PPG,PPG Industries,Materials,15875000000.0,2573000000.0,1163000000.0,446000000.0,198603.0,measured,0.7718732996502138,98.45625340069957,84.83165560840686,2.809448818897638,no_target,5.618897637795276,disclosed,0.5,2030.0,6.0,120,0.17076784178847806,99.82923215821152,4,73.61511841838316
PPL,PPL Corporation,Utilities,9170000000.0,2129000000.0,-1401000000.0,,26919146.4,measured,126.44033067167685,0.0,0.0,,no_target,0.0,counterfactual_sector_median,0.58,2028.0,4.0,30,,,3,0.0
PRU,Prudential Financial,Financials,60774000000.0,,,,5908152.826792092,modelled,,,93.29319665385071,,no_target,0.0,counterfactual_sector_median,0.601,2030.0,6.0,40,,,2,34.98494874519402
PSA,Public Storage,Real Estate,4824113000.0,2941644000.0,,,28745.21612288197,modelled,0.0977182015324831,99.80456359693504,99.60201616684317,,no_target,0.0,counterfactual_sector_median,0.54,2030.0,6.0,45,,,3,64.1166735772957
PSKY,Paramount Skydance Corporation,Communication Services,12269000000.0,495000000.0,489000000.0,,2476.548615938379,modelled,0.050031285170472305,99.89993742965906,100.0,,no_target,0.0,counterfactual_sector_median,0.462,2030.0,6.0,40,0.0015598711118793883,99.99844012888812,4,74.96951326756415
PSX,Phillips 66,Energy,132376000000.0,,,6000000.0,27912481.3,measured,,,91.32076234725545,0.004532543663503958,no_target,0.009065087327007917,counterfactual_sector_median,0.5,2030.0,6.0,100,,,2,34.25095155980017
PTC,PTC Inc.,Information Technology,2739226000.0,1084889000.0,856688000.0,457693000.0,28430.621269881132,modelled,0.2620601856031459,99.4758796287937,99.29642014717693,16.70884403112412,net_zero_validated,100.0,disclosed,0.5,2030.0,6.0,40,0.01106222306910689,99.9889377769309,4,99.73390824379392
PWR,Quanta Services,Industrials,28479697000.0,1611509000.0,1620816000.0,,1199745.648829351,modelled,7.444858507332884,85.11028298533422,97.10164084511975,,no_target,0.0,counterfactual_sector_median,0.48100000000000004,2030.0,6.0,75,0.4450517957366211,99.55494820426338,4,69.96481548364724
PYPL,PayPal,Financials,33172000000.0,7028000000.0,5564000000.0,,3224820.574099899,modelled,4.5885324048091904,90.82293519038161,93.29319665385071,,no_target,0.0,disclosed,0.25,2025.0,1.0,40,0.5795867315060925,99.42041326849392,4,71.06698403574026
Q,Qnity Electronics,Information Technology,4754000000.0,1338000000.0,988000000.0,354000000.0,49342.10376106787,modelled,0.3687750654788331,99.26244986904234,99.29642014717693,7.446360959192259,no_target,14.892721918384517,counterfactual_sector_median,0.5,2030.0,6.0,40,0.016647133522627484,99.98335286647738,4,78.39138432232858
QCOM,Qualcomm,Information Technology,44284000000.0,13957000000.0,12820000000.0,9042000000.0,48566.8,measured,0.03479744930859067,99.93040510138282,99.29642014717693,20.418209737151116,net_zero_validated,100.0,disclosed,0.5,2030.0,6.0,40,0.0012627873114924597,99.99873721268851,4,99.87320571629793
RCL,Royal Caribbean Group,Consumer Discretionary,17935000000.0,6628000000.0,1236000000.0,,46642.947775769455,modelled,0.07037258264298349,99.85925483471402,99.83416332545303,,no_target,0.0,counterfactual_sector_median,0.602,2030.0,6.0,50,0.018931401403056373,99.98106859859695,4,74.92722152881124
RDDT,Reddit,Communication Services,2202506000.0,457932000.0,684169000.0,783145000.0,444.58498540190527,modelled,0.009708537193336681,99.98058292561332,100.0,35.55699734756682,no_target,30.0,counterfactual_sector_median,0.462,2030.0,6.0,40,0.000200143788309302,99.9997998562117,4,82.4941148345475
REG,Regency Centers,Real Estate,1553524000.0,1528485000.0,,,9256.91067603186,modelled,0.060562653058629026,99.87887469388275,99.60201616684317,,no_target,0.0,counterfactual_sector_median,0.54,2030.0,6.0,45,,,3,64.14852119027329
REGN,Regeneron Pharmaceuticals,Health Care,14342900000.0,4121600000.0,4080500000.0,5850200000.0,39937.85583403578,modelled,0.09689891264080885,99.80620217471838,99.82145412696414,40.78812513508426,no_target,30.0,counterfactual_sector_median,0.5,2030.0,6.0,50,0.004078121128337599,99.99592187887167,4,82.41385533512164
RF,Regions Financial Corporation,Financials,7073000000.0,137000000.0,,,687602.6745631432,modelled,50.18997624548489,0.0,93.29319665385071,,no_target,0.0,counterfactual_sector_median,0.601,2030.0,6.0,40,,,3,19.99139928296801
RJF,Raymond James Financial,Financials,15912000000.0,2445000000.0,2246000000.0,,1546887.2837054622,modelled,6.326737356668557,87.3465252866629,93.29319665385071,,no_target,0.0,counterfactual_sector_median,0.601,2030.0,6.0,40,0.27595110047699106,99.72404889952301,4,70.11515175393338
RL,Ralph Lauren Corporation,Consumer Discretionary,8114500000.0,1412200000.0,1018900000.0,,21103.105644074785,modelled,0.1494342560832374,99.70113148783352,99.83416332545303,,no_target,0.0,counterfactual_sector_median,0.602,2030.0,6.0,50,0.010390347104502422,99.9896096528955,4,74.88234684103666
RMD,ResMed|,Health Care,5146327000.0,1883836000.0,1661723000.0,331284000.0,14329.965753146565,modelled,0.0760680109794407,99.84786397804112,99.82145412696414,6.437290129445719,no_target,12.874580258891436,counterfactual_sector_median,0.5,2030.0,6.0,50,0.0035931494381500825,99.99640685056185,4,78.14514443234836
ROK,Rockwell Automation,Industrials,8342000000.0,2028000000.0,1358000000.0,679000000.0,351418.0014813516,modelled,1.7328303820579467,96.5343392358841,97.10164084511975,8.13953488372093,net_zero_validated,86.27906976744185,disclosed,0.546,2033.0,9.0,75,0.11774314482622608,99.88225685517378,4,95.0599923959458
ROL,"Rollins, Inc.",Industrials,3761050000.0,850812000.0,650021000.0,,158439.30406034974,modelled,1.862212851491866,96.27557429701626,97.10164084511975,,no_target,0.0,counterfactual_sector_median,0.48100000000000004,2030.0,6.0,75,0.14655162151112855,99.85344837848888,4,73.4039529294195
ROP,Roper Technologies,Information Technology,7902500000.0,3133600000.0,,852500000.0,82020.60895495137,modelled,0.2617456246966791,99.47650875060664,99.29642014717693,10.787725403353368,no_target,21.575450806706733,counterfactual_sector_median,0.5,2030.0,6.0,40,,,3,71.61611192705031
ROST,Ross Stores,Consumer Discretionary,22750559000.0,3216748000.0,2207608000.0,,59166.60916122452,modelled,0.18393299431980534,99.63213401136038,99.83416332545303,,no_target,0.0,counterfactual_sector_median,0.602,2030.0,6.0,50,0.013445283581089111,99.98655471641891,4,74.86073111715174
RSG,Republic Services,Industrials,19027000000.0,5116000000.0,2409000000.0,,10721712.3,measured,20.957217161845193,58.08556567630961,97.10164084511975,,no_target,0.0,counterfactual_sector_median,0.48100000000000004,2030.0,6.0,75,2.675977384962641,97.32402261503736,4,61.18812261417205
RTX,RTX Corporation,Industrials,88603000000.0,13678000000.0,7940000000.0,2807000000.0,154646.3,measured,0.11306207047814006,99.77387585904371,97.10164084511975,3.1680642867622995,no_target,6.336128573524598,counterfactual_sector_median,0.48100000000000004,2030.0,6.0,75,0.011710464467884131,99.98828953553212,4,76.07792788852186
RVTY,Revvity,Health Care,2856051000.0,761975000.0,509411000.0,215840000.0,7952.684121945613,modelled,0.104369357550387,99.79126128489922,99.82145412696414,7.557288017615932,no_target,15.114576035231861,counterfactual_sector_median,0.5,2030.0,6.0,50,0.006504803359456324,99.99349519664055,4,78.68728907231451
SBAC,SBA Communications,Real Estate,2815139000.0,1635071000.0,1066509000.0,,16774.43686973208,modelled,0.10259148911412458,99.79481702177175,99.60201616684317,,no_target,0.0,disclosed,0.546,2033.0,9.0,45,0.004293842119885399,99.99570615788012,4,74.87745937892203
SBUX,Starbucks,Consumer Discretionary,37184400000.0,4708100000.0,2442000000.0,,96704.21116661956,modelled,0.2053996541420521,99.5892006917159,99.83416332545303,,no_target,0.0,counterfactual_sector_median,0.602,2030.0,6.0,50,0.0198662077266943,99.9801337922733,4,74.84592484401472
SCHW,Charles Schwab Corporation,Financials,23921000000.0,7182000000.0,8763000000.0,,2325483.3278983384,modelled,3.2379327873828156,93.52413442523438,93.29319665385071,,no_target,0.0,counterfactual_sector_median,0.601,2030.0,6.0,40,0.10632701738878629,99.89367298261122,4,72.0193217204313
SHW,Sherwin-Williams,Materials,23574300000.0,4161700000.0,2654000000.0,,5177164.749647773,modelled,12.440023907652577,75.11995218469485,84.83165560840686,,no_target,0.0,counterfactual_sector_median,0.5,2030.0,6.0,120,1.950702618556056,98.04929738144395,4,64.67552321110267
SJM,J.M. Smucker Company (The),Consumer Staples,9050900000.0,360200000.0,1156200000.0,,22250.9,measured,0.6177373681288173,98.76452526374237,97.64266504638725,,no_target,0.0,disclosed,0.28,2030.0,6.0,60,0.005388559072824772,99.99461144092717,4,74.27414076835895
SLB,Schlumberger,Energy,35708000000.0,6934000000.0,4795000000.0,709000000.0,4490145.902943832,modelled,6.475549326426062,87.04890134714788,91.32076234725545,1.9855494567043799,no_target,3.9710989134087593,counterfactual_sector_median,0.5,2030.0,6.0,100,0.78035208601735,99.21964791398264,4,70.57145385877966
SMCI,Supermicro,Information Technology,21972042000.0,1293994000.0,1532310000.0,636550000.0,228049.38498244452,modelled,1.7623681793149313,96.47526364137013,99.29642014717693,2.8970907665295744,no_target,5.794181533059149,counterfactual_sector_median,0.5,2030.0,6.0,40,0.04960906191359115,99.95039093808641,4,75.27070477917829
SNA,Snap-on,Industrials,5156100000.0,1426200000.0,,72400000.0,217207.66691896395,modelled,1.5229818182510444,96.9540363634979,97.10164084511975,1.4041620604720622,no_target,2.808324120944124,counterfactual_sector_median,0.48100000000000004,2030.0,6.0,75,,,3,63.36219723721909
SNDK,Sandisk,Information Technology,7355000000.0,-1214000000.0,-120000000.0,1132000000.0,76338.06755630084,modelled,,,99.29642014717693,15.39089055064582,no_target,30.0,counterfactual_sector_median,0.5,2030.0,6.0,40,,,2,55.98615755519135
SNPS,Synopsys,Information Technology,7054178000.0,1575357000.0,1349154000.0,2479338000.0,73215.81464557051,modelled,0.46475697029670426,99.07048605940659,99.29642014717693,35.14708588300437,no_target,30.0,disclosed,0.55,2032.0,8.0,40,0.014923684788787561,99.9850763152112,4,82.11113173446188
SO,Southern Company,Utilities,29553000000.0,13315000000.0,-2935000000.0,,76660447.7,measured,57.57450071348104,0.0,0.0,,no_target,0.0,counterfactual_sector_median,0.58,2028.0,4.0,30,,,3,0.0
SOLV,Solventum,Health Care,8325000000.0,2670000000.0,-10000000.0,739000000.0,23180.991976402813,modelled,0.08682019466817532,99.82635961066364,99.82145412696414,8.876876876876876,no_target,17.753753753753752,counterfactual_sector_median,0.5,2030.0,6.0,50,,,3,70.51366348668878
SPG,Simon Property Group,Real Estate,6364505000.0,4601819000.0,3202205000.0,,37923.87776574946,modelled,0.08241062450685144,99.8351787509863,99.60201616684317,,no_target,0.0,disclosed,0.68,2035.0,11.0,45,0.0032945215154498893,99.99670547848454,4,74.88986769386773
SPGI,S&P Global,Financials,15336000000.0,7657000000.0,5456000000.0,,1490891.3639333188,modelled,1.9470959434939519,96.10580811301209,93.29319665385071,,near_term_set,75.0,disclosed,0.9,2025.0,1.0,40,0.9837259732697851,99.01627402673022,4,91.28060414000029
SRE,Sempra,Utilities,13702000000.0,4352000000.0,-6047000000.0,,19822580.900984224,modelled,45.54820979086448,8.903580418271028,0.0,,no_target,0.0,counterfactual_sector_median,0.58,2028.0,4.0,30,,,3,3.815820179259012
STE,Steris,Health Care,5935900000.0,1588300000.0,972400000.0,112900000.0,16528.534567294828,modelled,0.10406431132213581,99.79187137735572,99.82145412696414,1.9019862194443977,no_target,3.8039724388887954,counterfactual_sector_median,0.5,2030.0,6.0,50,0.007082362611106039,99.99291763738889,4,75.8596479331902
STLD,Steel Dynamics,Materials,18176581000.0,2027376000.0,501509000.0,,2569896.6,measured,12.675974264270662,74.64805147145867,84.83165560840686,,no_target,0.0,counterfactual_sector_median,0.5,2030.0,6.0,120,5.124327978161907,94.8756720218381,4,63.581865389250055
STT,State Street Corporation,Financials,13944000000.0,,10843000000.0,,1355567.891150639,modelled,,,93.29319665385071,,no_target,0.0,counterfactual_sector_median,0.601,2030.0,6.0,40,0.05009046097829838,99.9499095390217,3,62.8270747996916
STX,Seagate Technology,Information Technology,9097000000.0,2141000000.0,818000000.0,724000000.0,94418.40932150492,modelled,0.44100144475247516,99.11799711049505,99.29642014717693,7.958667692645927,no_target,15.917335385291855,counterfactual_sector_median,0.5,2030.0,6.0,40,0.03847530942196615,99.96152469057803,4,78.59765340872143
STZ,Constellation Brands,Consumer Staples,9139000000.0,3141400000.0,1794000000.0,,313472.12516699673,modelled,0.9978739580027909,98.00425208399442,97.64266504638725,,no_target,0.0,counterfactual_sector_median,0.5,2030.0,6.0,60,0.08736681303428004,99.91263318696572,4,74.02146533824613
SW,Smurfit Westrock,Materials,31179000000.0,4269000000.0,1200000000.0,,6847237.0220650425,modelled,16.03944020160469,67.92111959679062,84.83165560840686,,no_target,0.0,counterfactual_sector_median,0.5,2030.0,6.0,120,5.706030851720868,94.29396914827913,4,61.38927496478195
SWK,Stanley Black & Decker,Industrials,15130400000.0,783500000.0,687900000.0,321400000.0,637388.5075058071,modelled,8.135143682269396,83.72971263546121,97.10164084511975,2.124200285517898,no_target,4.248400571035796,disclosed,0.42,2030.0,6.0,75,0.48645001663112186,99.51354998336888,4,70.60032505517594
SWKS,Skyworks Solutions,Information Technology,4086900000.0,500000000.0,1105800000.0,785500000.0,24116.7,measured,0.482334,99.035332,99.29642014717693,19.219946658836772,no_target,30.0,counterfactual_sector_median,0.5,2030.0,6.0,40,0.0072697594501718215,99.99273024054983,4,82.10288169424149
SYF,Synchrony Financial,Financials,,5135000000.0,,,,modelled,,,93.29319665385071,,no_target,0.0,counterfactual_sector_median,0.601,2030.0,6.0,40,,,2,34.98494874519402
SYK,Stryker Corporation,Health Care,25116000000.0,6459000000.0,4283000000.0,1623000000.0,69935.59092844841,modelled,0.10827618970188638,99.78344762059622,99.82145412696414,6.46201624462494,no_target,12.92403248924988,counterfactual_sector_median,0.5,2030.0,6.0,50,0.0068036025107448455,99.99319639748926,4,78.13721944678272
SYY,Sysco,Consumer Staples,81370000000.0,4033000000.0,1604000000.0,,2791030.399916678,modelled,6.920482023101111,86.15903595379778,97.64266504638725,,no_target,0.0,disclosed,0.275,2030.0,6.0,60,0.4785120698111512,99.52148793018884,4,70.35055692215407
T,AT&T,Communication Services,125648000000.0,45048000000.0,19442000000.0,,1613.4,measured,0.000358151305274374,99.99928369738946,100.0,,no_target,0.0,counterfactual_sector_median,0.462,2030.0,6.0,40,2.5559469190412512e-05,99.99997444053082,4,74.99977744137608
TAP,Molson Coors Beverage Company,Consumer Staples,13040300000.0,-1625600000.0,1067800000.0,,377025.7,measured,,,97.64266504638725,,no_target,0.0,counterfactual_sector_median,0.5,2030.0,6.0,60,0.17654321970406442,99.82345678029594,3,63.70490970149553
TDG,TransDigm Group,Industrials,8831000000.0,4532000000.0,1816000000.0,118000000.0,372017.7860323443,modelled,0.8208689012187649,98.35826219756247,97.10164084511975,1.3362020156267693,no_target,2.672404031253538,counterfactual_sector_median,0.48100000000000004,2030.0,6.0,75,0.12316943494049944,99.8768305650595,4,74.70387496336794
TDY,Teledyne Technologies,Information Technology,6115400000.0,1486100000.0,1074000000.0,317300000.0,63472.17108549315,modelled,0.4271056529539948,99.145788694092,99.29642014717693,5.188540406187657,no_target,10.377080812375317,counterfactual_sector_median,0.5,2030.0,6.0,40,0.01969961858643487,99.98030038141357,4,77.22655994782204
TECH,Bio-Techne,Health Care,1219635000.0,212158000.0,256550000.0,,3396.0779758726776,modelled,0.1600730576208617,99.67985388475827,99.82145412696414,,no_target,0.0,disclosed,0.7,2031.0,7.0,50,0.006618744837015548,99.99338125516299,4,74.875188661021
TEL,TE Connectivity,Information Technology,17262000000.0,4049000000.0,3203000000.0,699000000.0,179163.52442649423,modelled,0.44248832903555013,99.1150233419289,99.29642014717693,4.049356969064998,no_target,8.098713938129997,counterfactual_sector_median,0.5,2030.0,6.0,40,0.018645387077374776,99.98135461292263,4,76.6480548930645
TER,Teradyne,Information Technology,3190024000.0,778032000.0,450406000.0,,33109.48574007084,modelled,0.42555429262640665,99.14889141474718,99.29642014717693,,near_term_set,75.0,disclosed,0.42,2030.0,6.0,40,0.020582887455362128,99.97941711254464,4,93.38295558026408
TFC,Truist Financial,Financials,24542000000.0,,10517000000.0,,2385853.9289026805,modelled,,,93.29319665385071,,no_target,0.0,counterfactual_sector_median,0.601,2030.0,6.0,40,0.0908939945656563,99.90910600543434,3,62.809587571011306
TGT,Target Corporation,Consumer Staples,104780000000.0,8251000000.0,2835000000.0,,3594004.7352005597,modelled,4.355841395225499,91.28831720954899,97.64266504638725,,no_target,0.0,counterfactual_sector_median,0.5,2030.0,6.0,60,0.6338632689948076,99.3661367310052,4,71.84273593912434
TJX,TJX Companies,Consumer Discretionary,60372000000.0,8546000000.0,4917000000.0,,157007.4180718569,modelled,0.1837203581463338,99.63255928370734,99.83416332545303,,no_target,0.0,counterfactual_sector_median,0.602,2030.0,6.0,50,0.01601899289527114,99.98398100710473,4,74.86008658606157
TKO,TKO Group Holdings,Communication Services,4735151000.0,1320005000.0,,,955.8098993650038,modelled,0.007240956658232384,99.98551808668353,100.0,,no_target,0.0,counterfactual_sector_median,0.462,2030.0,6.0,40,,,3,64.2795077514358
TMO,Thermo Fisher Scientific,Health Care,44556000000.0,10013000000.0,6293000000.0,1397000000.0,28392.3,measured,0.028355437930690102,99.94328912413863,99.82145412696414,3.135380195708771,near_term_set,58.77076039141754,disclosed,0.504,2030.0,6.0,50,0.001894925472747497,99.99810507452726,4,89.64832647649877
TMUS,T-Mobile US,Communication Services,88309000000.0,31787000000.0,17995000000.0,,17825.53848927397,modelled,0.0056078077482222205,99.98878438450356,100.0,,no_target,0.0,counterfactual_sector_median,0.462,2030.0,6.0,40,0.00030509951957190235,99.99969490048043,4,74.99654378549519
TPL,Texas Pacific Land Corporation,Energy,798190000.0,654694000.0,428182000.0,,100369.3726411655,modelled,1.5330730484954116,96.93385390300918,91.32076234725545,,no_target,0.0,counterfactual_sector_median,0.5,2030.0,6.0,100,0.19534016812392374,99.80465983187608,4,72.71966847255389
TPR,"Tapestry, Inc.",Consumer Discretionary,7010700000.0,577900000.0,1093900000.0,,18232.49032459364,modelled,0.3154955930886596,99.36900881382267,99.83416332545303,,net_zero_validated,100.0,disclosed,0.7559,2030.0,6.0,50,0.010499085410275414,99.98950091458973,4,99.78267741734169
TRGP,Targa Resources,Energy,17028300000.0,4846500000.0,584100000.0,,3858294.2,measured,7.960990818116167,84.07801836376767,91.32076234725545,,no_target,0.0,counterfactual_sector_median,0.5,2030.0,6.0,100,5.504614221309137,94.49538577869086,4,67.27013559482587
TRMB,Trimble Inc.,Information Technology,3587300000.0,791900000.0,360900000.0,630700000.0,37232.84156964215,modelled,0.4701710010057097,99.05965799798858,99.29642014717693,17.58146795640175,no_target,30.0,disclosed,0.5,2030.0,6.0,40,0.034388881102468044,99.96561111889754,4,82.10204375714238
TROW,T. Rowe Price,Financials,7314800000.0,2188800000.0,1479200000.0,,711109.2950508243,modelled,3.248854600926646,93.50229079814672,93.29319665385071,,no_target,0.0,counterfactual_sector_median,0.601,2030.0,6.0,40,0.19261613769855115,99.80738386230145,4,71.98688189621205
TRV,Travelers Companies (The),Financials,48828000000.0,8476000000.0,,,4746820.782351076,modelled,5.60030767148546,88.79938465702908,93.29319665385071,,no_target,0.0,counterfactual_sector_median,0.601,2030.0,6.0,40,,,3,58.048278421694754
TSCO,Tractor Supply,Consumer Discretionary,15524046000.0,1961400000.0,740489000.0,,40372.861268282286,modelled,0.20583695966290552,99.5883260806742,99.83416332545303,,no_target,0.0,counterfactual_sector_median,0.602,2030.0,6.0,50,0.027351815808546717,99.97264818419144,4,74.84341677827764
TSLA,"Tesla, Inc.",Consumer Discretionary,94827000000.0,5124300000.0,6220000000.0,6411000000.0,80515.2,measured,0.1571242901469469,99.68575141970611,99.83416332545303,6.760732702711253,no_target,13.521465405422505,counterfactual_sector_median,0.602,2030.0,6.0,50,0.006493857234726688,99.99350614276527,4,78.25926811891499
TSN,Tyson Foods,Consumer Staples,54441000000.0,2448000000.0,1177000000.0,126000000.0,1874907.5,measured,7.6589358660130715,84.68212826797385,97.64266504638725,0.23144321375433957,no_target,0.46288642750867914,disclosed,0.3,2030.0,6.0,60,0.4778863636363636,99.52211363636364,4,70.02339393513651
TT,Trane Technologies,Industrials,21321900000.0,4343700000.0,2811500000.0,347600000.0,898213.7959464435,modelled,2.067854124240724,95.86429175151855,97.10164084511975,1.630248711418776,no_target,3.260497422837552,counterfactual_sector_median,0.48100000000000004,2030.0,6.0,75,0.19208644667003347,99.80791355332997,4,74.08203207393191
TTD,Trade Desk (The),Communication Services,2896284000.0,705105000.0,795710000.0,525141000.0,584.626956684691,modelled,0.008291346064553378,99.9834173078709,100.0,18.131543729827598,no_target,30.0,counterfactual_sector_median,0.462,2030.0,6.0,40,0.00022629488464250146,99.99977370511536,4,82.49495730389587
TTWO,Take-Two Interactive,Communication Services,6656400000.0,94300000.0,461500000.0,,1343.6219909635852,modelled,0.1424837742273155,99.71503245154537,100.0,,no_target,0.0,counterfactual_sector_median,0.462,2030.0,6.0,40,0.0008967184685087417,99.99910328153149,4,74.91424071992306
TXN,Texas Instruments,Information Technology,17682000000.0,6023000000.0,2603000000.0,2083000000.0,1057774.3,measured,1.756224970944712,96.48755005811057,99.29642014717693,11.780341590317837,no_target,23.56068318063567,disclosed,0.42,2030.0,6.0,40,0.11378286746062238,99.88621713253937,4,79.69676397443044
TXT,Textron,Industrials,14799000000.0,1538000000.0,929000000.0,521000000.0,55579.6,measured,0.36137581274382313,99.27724837451235,97.10164084511975,3.520508142442057,no_target,7.041016284884114,counterfactual_sector_median,0.48100000000000004,2030.0,6.0,75,0.035971188912809475,99.96402881108719,4,76.09788335366885
TYL,Tyler Technologies,Information Technology,2332340000.0,496034000.0,637528000.0,,24207.52256754082,modelled,0.4880214373922114,99.02395712521557,99.29642014717693,,no_target,0.0,counterfactual_sector_median,0.5,2030.0,6.0,40,0.012656972225816392,99.98734302777417,4,74.59785306797346
UAL,United Airlines Holdings,Industrials,59070000000.0,7652000000.0,2557000000.0,,2488403.4221413857,modelled,3.2519647440425845,93.49607051191484,97.10164084511975,,no_target,0.0,counterfactual_sector_median,0.48100000000000004,2030.0,6.0,75,0.5851202806267143,99.41487971937329,4,72.4385311961544
UBER,Uber,Industrials,52017000000.0,6284000000.0,9763000000.0,3402000000.0,2191286.2842310555,modelled,3.4870882944478923,93.02582341110421,97.10164084511975,6.540169559951554,no_target,13.080339119903106,counterfactual_sector_median,0.48100000000000004,2030.0,6.0,75,0.13494938834312425,99.86505061165688,4,75.70259311357206
UDR,"UDR, Inc.",Real Estate,1712317000.0,1233641000.0,,,10203.103085662564,modelled,0.0827072307556458,99.83458553848871,99.60201616684317,,no_target,0.0,counterfactual_sector_median,0.54,2030.0,6.0,45,,,3,64.12954012367585
UHS,Universal Health Services,Health Care,17364829000.0,2612758000.0,849245000.0,,48352.427834307135,modelled,0.18506278742350854,99.62987442515299,99.82145412696414,,no_target,0.0,counterfactual_sector_median,0.5,2030.0,6.0,50,0.023723242328140062,99.97627675767185,4,74.85506347389207
ULTA,Ulta Beauty,Consumer Discretionary,12392820000.0,1833764000.0,1067951000.0,,32229.587736521396,modelled,0.17575646449881988,99.64848707100235,99.83416332545303,,no_target,0.0,disclosed,0.9,2030.0,6.0,50,0.02263417591480419,99.9773658240852,4,74.86288036734422
UNH,UnitedHealth Group,Health Care,447567000000.0,23325000000.0,16075000000.0,,1246251.8962045258,modelled,0.5342987765078353,98.93140244698432,99.82145412696414,,no_target,0.0,disclosed,0.6,2030.0,6.0,50,0.0387636670670148,99.96123633293298,4,74.64100975301982
UNP,Union Pacific Corporation,Industrials,24510000000.0,9846000000.0,5499000000.0,,1032516.8084761362,modelled,1.0486662690190292,97.90266746196194,97.10164084511975,,no_target,0.0,disclosed,0.504,2030.0,6.0,75,0.11829161471903361,99.88170838528096,4,73.90055888094082
UPS,United Parcel Service,Industrials,88661000000.0,10867000000.0,4765000000.0,,3734964.2087434805,modelled,3.4369781988989425,93.12604360220212,97.10164084511975,,no_target,0.0,counterfactual_sector_median,0.48100000000000004,2030.0,6.0,75,0.47127958667513487,99.52872041332486,4,72.36167533142606
URI,United Rentals,Industrials,16099000000.0,4411000000.0,416000000.0,,678192.0889293071,modelled,1.537501901902759,96.92499619619448,97.10164084511975,,no_target,0.0,counterfactual_sector_median,0.48100000000000004,2030.0,6.0,75,0.9801995035306393,99.01980049646936,4,73.34868513456712
USB,U.S. Bancorp,Financials,28656000000.0,,,,2785797.008664136,modelled,,,93.29319665385071,,no_target,0.0,counterfactual_sector_median,0.601,2030.0,6.0,40,,,2,34.98494874519402
V,Visa Inc.,Financials,40000000000.0,25214000000.0,21577000000.0,,3888605.5397321824,modelled,1.5422406360482994,96.9155187279034,93.29319665385071,,net_zero_validated,100.0,disclosed,0.8122,2030.0,6.0,40,0.09758308752747458,99.90241691247252,4,98.0393601901904
VEEV,Veeva Systems,Health Care,3195311000.0,936228000.0,,767386000.0,8897.354793166563,modelled,0.09503406000639335,99.80993187998722,99.82145412696414,24.016003450055408,no_target,30.0,disclosed,0.588,2035.0,11.0,50,,,3,74.88028240434399
VICI,Vici Properties,Real Estate,4006116000.0,321018000.0,,,23871.055722230267,modelled,0.7436048982371788,98.51279020352564,99.60201616684317,,no_target,0.0,counterfactual_sector_median,0.54,2030.0,6.0,45,,,3,63.56305640869167
VLO,Valero Energy,Energy,122687000000.0,6339000000.0,4626000000.0,,23517862.3,measured,37.100271809433664,25.799456381132668,91.32076234725545,,no_target,0.0,counterfactual_sector_median,0.5,2030.0,6.0,100,4.236536658740453,95.76346334125955,4,50.16699026880598
VLTO,Veralto,Industrials,5503000000.0,1355000000.0,1014000000.0,266000000.0,231821.29730902397,modelled,1.710858282723424,96.57828343455314,97.10164084511975,4.833727057968381,no_target,9.667454115936762,counterfactual_sector_median,0.48100000000000004,2030.0,6.0,75,0.13745814103259435,99.8625418589674,4,75.91435724380831
VMC,Vulcan Materials Company,Materials,7941100000.0,2368100000.0,1135300000.0,,636280.3,measured,2.6868810438748367,94.62623791225032,84.83165560840686,,no_target,0.0,counterfactual_sector_median,0.5,2030.0,6.0,120,0.5604512463665992,99.4395487536334,4,70.94448434102614
VMRK,Vivmark Residential,Real Estate,2701075000.0,1160585000.0,,,16094.769056842866,modelled,0.1386780723242405,99.72264385535152,99.60201616684317,,no_target,0.0,counterfactual_sector_median,0.54,2030.0,6.0,45,,,3,64.08156511661704
VRSK,Verisk Analytics,Industrials,3072700000.0,1603100000.0,1191900000.0,40900000.0,129441.63188105359,modelled,0.8074457730712594,98.38510845385748,97.10164084511975,1.3310769030494354,near_term_set,55.16215380609887,disclosed,0.588,2034.0,10.0,75,0.047893077992738176,99.95210692200726,4,87.8569491910521
VRSN,Verisign,Information Technology,1656600000.0,1152200000.0,1068300000.0,103600000.0,17193.96909772508,modelled,0.14922729645656205,99.70154540708688,99.29642014717693,6.253772787637329,no_target,12.507545575274657,counterfactual_sector_median,0.5,2030.0,6.0,40,0.00536490033939439,99.9946350996606,4,77.93020356791945
VRT,Vertiv,Industrials,10229900000.0,2138300000.0,1893800000.0,441700000.0,430948.3353337424,modelled,2.0153782693436018,95.96924346131279,97.10164084511975,4.317735266229386,no_target,8.635470532458772,counterfactual_sector_median,0.48100000000000004,2030.0,6.0,75,0.13681892840818072,99.86318107159182,4,75.47384111975404
VRTX,Vertex Pharmaceuticals,Health Care,12001300000.0,4383100000.0,3193800000.0,3051100000.0,33417.66234311148,modelled,0.07624207146337404,99.84751585707326,99.82145412696414,25.423079166423637,no_target,30.0,counterfactual_sector_median,0.5,2030.0,6.0,50,0.004359705046119497,99.99564029495389,4,82.42616496465277
VST,Vistra Corp.,Utilities,17738000000.0,3892000000.0,1318000000.0,,86320993.1,measured,221.79083530318601,0.0,0.0,,no_target,0.0,disclosed,0.58,2028.0,4.0,30,28.48985735849772,71.51014264150228,4,21.453042792450685
VTR,Ventas,Real Estate,5833980000.0,1583461000.0,-1281343000.0,,34762.66330340333,modelled,0.2195359614376567,99.56092807712469,99.60201616684317,,no_target,0.0,counterfactual_sector_median,0.54,2030.0,6.0,45,,,3,64.01225835451983
VTRS,Viatris,Health Care,14299900000.0,135200000.0,1937100000.0,751100000.0,26031.8,measured,1.9254289940828402,96.14914201183431,99.82145412696414,5.252484283106875,no_target,10.504968566213748,disclosed,0.42,2030.0,6.0,50,0.004703489752723142,99.99529651024727,4,76.44279181722253
VZ,Verizon,Communication Services,138191000000.0,47608000000.0,,,27894.427401185145,modelled,0.005859189086116859,99.98828162182777,100.0,,no_target,0.0,disclosed,0.53,2035.0,11.0,40,,,3,64.28069212364046
WAB,Wabtec,Industrials,11167000000.0,2294000000.0,1499000000.0,223000000.0,470424.93677082873,modelled,2.0506754000472047,95.89864919990559,97.10164084511975,1.9969553147667234,no_target,3.9939106295334463,counterfactual_sector_median,0.48100000000000004,2030.0,6.0,75,0.18868778734720532,99.8113122126528,4,74.27671220791885
WAT,Waters Corporation,Health Care,3165286000.0,802588000.0,539810000.0,195711000.0,8813.750074356774,modelled,0.1098166191664562,99.78036676166708,99.82145412696414,6.1830431752454595,near_term_set,64.86608635049092,disclosed,0.42,2030.0,6.0,50,0.005714626490848392,99.99428537350916,4,91.12213534722022
WBD,Warner Bros. Discovery,Communication Services,37296000000.0,6422000000.0,3088000000.0,,7528.352529141559,modelled,0.011722753860388601,99.97655449227922,100.0,,no_target,0.0,counterfactual_sector_median,0.462,2030.0,6.0,40,0.0007508849025180053,99.99924911509748,4,74.992741082213
WDAY,"Workday, Inc.",Information Technology,9552000000.0,919111000.0,2777000000.0,2679000000.0,99140.88664823734,modelled,1.0786606476066256,97.84267870478675,99.29642014717693,28.0464824120603,no_target,30.0,counterfactual_sector_median,0.5,2030.0,6.0,40,0.011900238464558557,99.98809976153544,4,81.7436965619732
WDC,Western Digital,Information Technology,9520000000.0,2785000000.0,1279000000.0,,98808.7563747089,modelled,0.3547890713634072,99.29042185727319,99.29642014717693,,no_target,0.0,disclosed,0.42,2030.0,6.0,40,0.02163131492175019,99.97836868507825,4,74.67510018478197
WEC,WEC Energy Group,Utilities,9800100000.0,3723400000.0,-636200000.0,,17942097.2,measured,48.18740183703067,3.625196325938662,0.0,,no_target,0.0,counterfactual_sector_median,0.58,2028.0,4.0,30,,,3,1.5536555682594266
WELL,Welltower,Real Estate,10838034000.0,,,,64580.0854327299,modelled,,,99.60201616684317,,no_target,0.0,counterfactual_sector_median,0.54,2030.0,6.0,45,,,2,37.350756062566184
WFC,Wells Fargo,Financials,83699000000.0,32912000000.0,,,8136809.876751099,modelled,2.47229274330065,95.05541451339869,93.29319665385071,,no_target,0.0,counterfactual_sector_median,0.601,2030.0,6.0,40,,,3,60.729434074424596
WM,Waste Management,Industrials,25204000000.0,7171000000.0,2816000000.0,,11650459.6,measured,16.24663171105843,67.50673657788313,97.10164084511975,,no_target,0.0,counterfactual_sector_median,0.48100000000000004,2030.0,6.0,75,2.4875137906605116,97.51248620933949,4,64.07101296293474
WMB,Williams Companies,Energy,14899000000.0,6543000000.0,1005000000.0,,2613825.4,measured,3.994842427021244,92.0103151459575,91.32076234725545,,no_target,0.0,counterfactual_sector_median,0.5,2030.0,6.0,100,2.167351077943615,97.83264892205639,4,70.65100357249248
WMT,Walmart,Consumer Staples,713163000000.0,44028000000.0,14923000000.0,,24461836.218456164,modelled,5.555972612532062,88.88805477493588,97.64266504638725,,no_target,0.0,counterfactual_sector_median,0.5,2030.0,6.0,60,0.819601830009253,99.18039816999075,4,71.06693564043607
WRB,W. R. Berkley Corporation,Financials,14707856000.0,2232417000.0,,,1429826.2579795804,modelled,6.404835019530762,87.19032996093847,93.29319665385071,,no_target,0.0,counterfactual_sector_median,0.601,2030.0,6.0,40,,,3,57.358683551941645
WSM,"Williams-Sonoma, Inc.",Consumer Discretionary,7806816000.0,1647171000.0,1055451000.0,,20302.922273935957,modelled,0.12325934753547724,99.75348130492905,99.83416332545303,,no_target,0.0,disclosed,0.5,2030.0,6.0,50,0.008015105341198517,99.9919848946588,4,74.89876435869431
WST,West Pharmaceutical Services,Health Care,3074100000.0,756300000.0,468900000.0,74300000.0,8559.84233449368,modelled,0.11318051480224356,99.77363897039552,99.82145412696414,2.4169675677434044,no_target,4.833935135486809,disclosed,0.42,2035.0,11.0,50,0.003485075108559051,99.99651492489144,4,76.11274807150241
WTW,Willis Towers Watson,Financials,9708000000.0,2405000000.0,1546000000.0,,943764.5644930007,modelled,3.9241769833388807,92.15164603332224,93.29319665385071,,no_target,0.0,counterfactual_sector_median,0.601,2030.0,6.0,40,0.24458926401910025,99.7554107359809,4,71.56609652886854
WY,Weyerhaeuser,Real Estate,6905000000.0,1240000000.0,,5000000.0,41144.5,measured,0.33181048387096773,99.33637903225807,99.60201616684317,0.07241129616220131,no_target,0.14482259232440262,disclosed,0.42,2030.0,6.0,45,,,3,63.96774540397856
WYNN,Wynn Resorts,Consumer Discretionary,7137924000.0,1739017000.0,692220000.0,,18563.35747752503,modelled,0.10674626802110061,99.78650746395779,99.83416332545303,,no_target,0.0,counterfactual_sector_median,0.602,2030.0,6.0,50,0.013453262933592967,99.9865467370664,4,74.90704075912521
XEL,Xcel Energy,Utilities,14669000000.0,5551000000.0,-6825000000.0,,36005568.1,measured,64.86321041253828,0.0,0.0,,no_target,0.0,counterfactual_sector_median,0.58,2028.0,4.0,30,,,3,0.0
XOM,ExxonMobil,Energy,332238000000.0,67261000000.0,23612000000.0,1200000000.0,32238522.1,measured,4.793048289499115,90.41390342100178,91.32076234725545,0.3611868600220324,no_target,0.7223737200440649,counterfactual_sector_median,0.5,2030.0,6.0,100,1.1377873574171324,98.86221264258288,4,70.66154260117473
XYL,Xylem Inc.,Industrials,9035000000.0,1798000000.0,910000000.0,226000000.0,380611.56118245167,modelled,2.1168607407255378,95.76627851854892,97.10164084511975,2.5013835085777534,no_target,5.002767017155507,disclosed,0.42,2030.0,6.0,75,0.21958359298987598,99.78041640701012,4,74.47994635872455
XYZ,"Block, Inc.",Financials,24193683000.0,2077935000.0,2424676000.0,2907889000.0,2351992.2435081084,modelled,11.318892282521391,77.36221543495722,93.29319665385071,12.019207658461921,no_target,24.038415316923842,disclosed,0.462,2030.0,6.0,40,0.2987671800275572,99.70123281997245,4,73.12261780378746
YUM,Yum! Brands,Consumer Discretionary,8214000000.0,2780000000.0,1639000000.0,,21361.871928083096,modelled,0.07684126592835645,99.84631746814328,99.83416332545303,,no_target,0.0,disclosed,0.46,2030.0,6.0,50,0.004996166914235421,99.99500383308576,4,74.92752088918667
ZBH,Zimmer Biomet,Health Care,8231500000.0,2191900000.0,1472600000.0,,22920.640895346514,modelled,0.104569738105509,99.79086052378898,99.82145412696414,,near_term_set,75.0,disclosed,0.55,2030.0,6.0,50,0.007133840651704799,99.9928661593483,4,93.6583361239858
ZBRA,Zebra Technologies,Information Technology,5396000000.0,885000000.0,831000000.0,593000000.0,56005.46737373206,modelled,0.6328301398161814,98.73433972036764,99.29642014717693,10.989621942179392,no_target,21.979243884358784,counterfactual_sector_median,0.5,2030.0,6.0,40,0.022465089199250724,99.97753491080074,4,80.00283638251675
ZTS,Zoetis,Health Care,9467000000.0,3847000000.0,2283000000.0,,26360.89501989254,modelled,0.06852325193629463,99.86295349612742,99.82145412696414,,no_target,0.0,counterfactual_sector_median,0.5,2030.0,6.0,50,0.004811084651024336,99.99518891534898,4,74.93066084248753
