ticker,company,sector,sub_industry,cik,legal_name,gics_sector,gics_sub_industry,hq_state,market_cap_usd,shares_outstanding,esg_risk_score_external,esg_controversy_level_external,scope1_tco2e,ghg_facility_count,cogs_usd,energy_cost_usd,revenue_usd,ebit_usd,ebitda_usd,free_cash_flow_usd,capex_usd,rnd_expense_usd,sbti_target_validated,sbti_target_type,target_year,target_baseline_year,target_reduction_pct,target_scope_coverage,buybacks_usd,dividends_paid_usd
A,Agilent Technologies,Health Care,Life Sciences Tools & Services,structural,structural,structural,structural,structural,structural,structural,structural,structural,not_disclosed,not_disclosed,structural,not_disclosed,structural,structural,structural,structural,structural,structural,structural,structural,quote_verified,quote_verified,quote_verified,quote_verified,structural,structural
AAPL,Apple Inc.,Information Technology,"Technology Hardware, Storage & Peripherals",structural,structural,structural,structural,structural,structural,structural,structural,structural,not_disclosed,not_disclosed,structural,not_disclosed,structural,structural,structural,structural,structural,structural,structural,structural,not_disclosed,not_disclosed,not_disclosed,not_disclosed,structural,structural
ABBV,AbbVie,Health Care,Biotechnology,structural,structural,structural,structural,structural,structural,structural,structural,structural,structural,structural,structural,not_disclosed,structural,structural,not_disclosed,structural,structural,not_disclosed,structural,structural,structural,quote_verified,quote_verified,quote_verified,structural,structural
ABNB,Airbnb,Consumer Discretionary,"Hotels, Resorts & Cruise Lines",structural,structural,structural,structural,structural,structural,structural,not_disclosed,not_disclosed,not_disclosed,not_disclosed,structural,not_disclosed,structural,structural,not_disclosed,not_disclosed,not_disclosed,structural,structural,structural,structural,quote_verified,quote_verified,quote_verified,structural,not_disclosed
ABT,Abbott Laboratories,Health Care,Health Care Equipment,structural,structural,structural,structural,structural,structural,structural,structural,structural,structural,structural,structural,not_disclosed,structural,structural,not_disclosed,structural,structural,structural,structural,not_disclosed,not_disclosed,not_disclosed,not_disclosed,not_disclosed,structural,structural
ACGL,Arch Capital Group,Financials,Property & Casualty Insurance,structural,structural,structural,structural,structural,structural,structural,structural,structural,not_disclosed,not_disclosed,not_disclosed,not_disclosed,structural,structural,not_disclosed,structural,structural,not_disclosed,structural,not_disclosed,not_disclosed,not_disclosed,not_disclosed,not_disclosed,structural,not_disclosed
ACN,Accenture,Information Technology,IT Consulting & Other Services,structural,structural,structural,structural,structural,structural,structural,structural,structural,not_disclosed,not_disclosed,structural,not_disclosed,structural,structural,structural,structural,structural,structural,structural,structural,not_disclosed,not_disclosed,not_disclosed,not_disclosed,structural,not_disclosed
ADBE,Adobe Inc.,Information Technology,Application Software,structural,structural,structural,structural,structural,structural,structural,structural,structural,not_disclosed,not_disclosed,structural,not_disclosed,structural,structural,structural,structural,structural,not_disclosed,structural,structural,quote_verified,quote_verified,quote_verified,quote_verified,structural,not_disclosed
ADI,Analog Devices,Information Technology,Semiconductors,structural,structural,structural,structural,structural,structural,structural,structural,structural,structural,structural,structural,not_disclosed,structural,structural,not_disclosed,structural,structural,structural,structural,structural,structural,quote_verified,quote_verified,quote_verified,structural,structural
ADM,Archer Daniels Midland,Consumer Staples,Agricultural Products & Services,structural,structural,structural,structural,structural,structural,structural,structural,structural,structural,structural,structural,not_disclosed,structural,structural,structural,structural,structural,structural,structural,structural,not_disclosed,not_disclosed,not_disclosed,not_disclosed,structural,structural
ADP,Automatic Data Processing,Industrials,Human Resource & Employment Services,structural,structural,structural,structural,structural,structural,structural,structural,structural,not_disclosed,not_disclosed,structural,not_disclosed,structural,structural,structural,not_disclosed,not_disclosed,structural,structural,not_disclosed,not_disclosed,not_disclosed,not_disclosed,not_disclosed,structural,structural
ADSK,Autodesk,Information Technology,Application Software,structural,structural,structural,structural,structural,structural,structural,structural,structural,not_disclosed,not_disclosed,structural,not_disclosed,structural,structural,structural,structural,structural,structural,structural,structural,quote_verified,quote_verified,quote_verified,quote_verified,structural,structural
AEE,Ameren,Utilities,Multi-Utilities,structural,structural,structural,structural,structural,structural,structural,structural,structural,structural,structural,not_disclosed,not_disclosed,structural,structural,structural,structural,structural,not_disclosed,structural,not_disclosed,not_disclosed,not_disclosed,not_disclosed,not_disclosed,not_disclosed,structural
AEP,American Electric Power,Utilities,Electric Utilities,structural,structural,structural,structural,structural,structural,structural,structural,structural,structural,structural,not_disclosed,not_disclosed,structural,structural,structural,structural,structural,not_disclosed,structural,not_disclosed,not_disclosed,not_disclosed,not_disclosed,not_disclosed,not_disclosed,structural
AES,AES Corporation,Utilities,Independent Power Producers & Energy Traders,structural,structural,structural,structural,structural,structural,structural,structural,structural,structural,structural,structural,not_disclosed,structural,not_disclosed,not_disclosed,structural,structural,not_disclosed,structural,not_disclosed,not_disclosed,not_disclosed,not_disclosed,not_disclosed,not_disclosed,structural
AFL,Aflac,Financials,Life & Health Insurance,structural,structural,structural,structural,structural,structural,structural,structural,structural,not_disclosed,not_disclosed,not_disclosed,not_disclosed,structural,structural,structural,not_disclosed,not_disclosed,not_disclosed,structural,not_disclosed,not_disclosed,not_disclosed,not_disclosed,not_disclosed,structural,structural
AIG,American International Group,Financials,Multi-line Insurance,structural,structural,structural,structural,structural,structural,structural,structural,structural,not_disclosed,not_disclosed,not_disclosed,not_disclosed,structural,structural,structural,structural,structural,not_disclosed,structural,not_disclosed,not_disclosed,not_disclosed,not_disclosed,not_disclosed,structural,structural
AIZ,Assurant,Financials,Multi-line Insurance,structural,structural,structural,structural,structural,structural,structural,structural,structural,not_disclosed,not_disclosed,not_disclosed,not_disclosed,structural,structural,structural,structural,structural,not_disclosed,structural,not_disclosed,not_disclosed,not_disclosed,not_disclosed,not_disclosed,structural,structural
AJG,Arthur J. Gallagher & Co.,Financials,Insurance Brokers,structural,structural,structural,structural,structural,structural,structural,structural,structural,not_disclosed,not_disclosed,not_disclosed,not_disclosed,structural,structural,structural,not_disclosed,not_disclosed,not_disclosed,structural,not_disclosed,not_disclosed,not_disclosed,not_disclosed,not_disclosed,not_disclosed,structural
AKAM,Akamai Technologies,Information Technology,Internet Services & Infrastructure,structural,structural,structural,structural,structural,structural,structural,structural,structural,not_disclosed,not_disclosed,structural,not_disclosed,structural,structural,structural,structural,structural,structural,structural,structural,not_disclosed,not_disclosed,not_disclosed,not_disclosed,structural,not_disclosed
ALB,Albemarle Corporation,Materials,Specialty Chemicals,structural,structural,structural,structural,structural,structural,structural,structural,structural,structural,structural,structural,not_disclosed,structural,structural,structural,structural,structural,structural,structural,not_disclosed,not_disclosed,not_disclosed,not_disclosed,not_disclosed,not_disclosed,structural
ALGN,Align Technology,Health Care,Health Care Supplies,structural,structural,structural,structural,structural,structural,structural,not_disclosed,not_disclosed,not_disclosed,not_disclosed,structural,not_disclosed,structural,structural,structural,structural,structural,structural,structural,not_disclosed,not_disclosed,not_disclosed,not_disclosed,not_disclosed,structural,not_disclosed
ALL,Allstate,Financials,Property & Casualty Insurance,structural,structural,structural,structural,structural,structural,structural,structural,structural,not_disclosed,not_disclosed,not_disclosed,not_disclosed,structural,structural,structural,structural,structural,not_disclosed,structural,not_disclosed,not_disclosed,not_disclosed,not_disclosed,not_disclosed,structural,structural
ALLE,Allegion,Industrials,Building Products,structural,structural,structural,structural,structural,structural,structural,structural,structural,not_disclosed,not_disclosed,structural,not_disclosed,structural,structural,structural,structural,structural,structural,structural,not_disclosed,not_disclosed,not_disclosed,not_disclosed,not_disclosed,structural,structural
AMAT,Applied Materials,Information Technology,Semiconductor Materials & Equipment,structural,structural,structural,structural,structural,structural,structural,structural,structural,not_disclosed,not_disclosed,structural,not_disclosed,structural,structural,structural,structural,structural,structural,structural,structural,quote_verified,quote_verified,quote_verified,quote_verified,structural,structural
AMCR,Amcor,Materials,Paper & Plastic Packaging Products & Materials,structural,structural,structural,structural,structural,structural,structural,not_disclosed,not_disclosed,not_disclosed,not_disclosed,structural,not_disclosed,structural,structural,structural,structural,structural,structural,structural,structural,not_disclosed,not_disclosed,not_disclosed,not_disclosed,structural,structural
AMD,Advanced Micro Devices,Information Technology,Semiconductors,structural,structural,structural,structural,structural,structural,structural,not_disclosed,not_disclosed,not_disclosed,not_disclosed,structural,not_disclosed,structural,structural,not_disclosed,structural,structural,structural,structural,structural,structural,quote_verified,quote_verified,quote_verified,structural,not_disclosed
AME,Ametek,Industrials,Electrical Components & Equipment,structural,structural,structural,structural,structural,structural,structural,structural,structural,not_disclosed,not_disclosed,structural,not_disclosed,structural,structural,structural,structural,structural,structural,structural,not_disclosed,not_disclosed,not_disclosed,not_disclosed,not_disclosed,structural,structural
AMGN,Amgen,Health Care,Biotechnology,structural,structural,structural,structural,structural,structural,structural,structural,structural,structural,structural,structural,not_disclosed,structural,structural,structural,structural,structural,not_disclosed,structural,structural,structural,quote_verified,quote_verified,quote_verified,structural,structural
AMP,Ameriprise Financial,Financials,Asset Management & Custody Banks,structural,structural,structural,structural,structural,structural,structural,structural,structural,not_disclosed,not_disclosed,not_disclosed,not_disclosed,structural,structural,structural,structural,structural,not_disclosed,structural,not_disclosed,not_disclosed,not_disclosed,not_disclosed,not_disclosed,structural,structural
AMT,American Tower,Real Estate,Telecom Tower REITs,structural,structural,structural,structural,structural,structural,structural,structural,structural,not_disclosed,not_disclosed,not_disclosed,not_disclosed,structural,structural,structural,structural,structural,not_disclosed,structural,structural,structural,quote_verified,quote_verified,quote_verified,structural,structural
AMZN,Amazon,Consumer Discretionary,Broadline Retail,structural,structural,structural,structural,structural,structural,structural,structural,structural,not_disclosed,not_disclosed,structural,not_disclosed,structural,structural,structural,structural,structural,not_disclosed,structural,structural,not_disclosed,not_disclosed,not_disclosed,not_disclosed,structural,not_disclosed
ANET,Arista Networks,Information Technology,Communications Equipment,structural,structural,structural,structural,structural,structural,structural,structural,structural,not_disclosed,not_disclosed,structural,not_disclosed,structural,structural,structural,structural,structural,structural,structural,structural,structural,quote_verified,quote_verified,quote_verified,structural,not_disclosed
AON,Aon plc,Financials,Insurance Brokers,structural,structural,structural,structural,structural,structural,structural,not_disclosed,not_disclosed,not_disclosed,not_disclosed,not_disclosed,not_disclosed,structural,structural,not_disclosed,structural,structural,not_disclosed,structural,structural,structural,not_disclosed,not_disclosed,not_disclosed,not_disclosed,structural
AOS,A. O. Smith,Industrials,Building Products,structural,structural,structural,structural,structural,structural,structural,structural,structural,not_disclosed,not_disclosed,structural,not_disclosed,structural,structural,structural,structural,structural,structural,structural,not_disclosed,not_disclosed,not_disclosed,not_disclosed,not_disclosed,structural,structural
APA,APA Corporation,Energy,Oil & Gas Exploration & Production,structural,structural,structural,structural,structural,structural,structural,structural,structural,structural,structural,not_disclosed,not_disclosed,not_disclosed,structural,structural,not_disclosed,not_disclosed,not_disclosed,structural,not_disclosed,not_disclosed,not_disclosed,not_disclosed,not_disclosed,not_disclosed,structural
APD,Air Products,Materials,Industrial Gases,structural,structural,structural,structural,structural,structural,structural,structural,structural,not_disclosed,not_disclosed,structural,not_disclosed,structural,structural,structural,structural,structural,structural,structural,not_disclosed,not_disclosed,not_disclosed,not_disclosed,not_disclosed,not_disclosed,structural
APH,Amphenol,Information Technology,Electronic Components,structural,structural,structural,structural,structural,structural,structural,structural,structural,not_disclosed,not_disclosed,structural,not_disclosed,structural,structural,structural,structural,structural,structural,structural,not_disclosed,not_disclosed,not_disclosed,not_disclosed,not_disclosed,structural,structural
APO,Apollo Global Management,Financials,Asset Management & Custody Banks,structural,structural,structural,structural,structural,structural,structural,not_disclosed,not_disclosed,not_disclosed,not_disclosed,not_disclosed,not_disclosed,structural,structural,structural,not_disclosed,not_disclosed,not_disclosed,structural,not_disclosed,not_disclosed,not_disclosed,not_disclosed,not_disclosed,structural,structural
APP,AppLovin,Communication Services,Advertising,structural,structural,structural,structural,structural,structural,structural,not_disclosed,not_disclosed,not_disclosed,not_disclosed,structural,not_disclosed,structural,structural,structural,structural,structural,structural,structural,not_disclosed,not_disclosed,not_disclosed,not_disclosed,not_disclosed,structural,not_disclosed
APTV,Aptiv,Consumer Discretionary,Automotive Parts & Equipment,structural,structural,structural,structural,structural,structural,structural,structural,structural,not_disclosed,not_disclosed,structural,not_disclosed,structural,structural,structural,structural,structural,structural,structural,structural,structural,not_disclosed,not_disclosed,not_disclosed,structural,not_disclosed
ARE,Alexandria Real Estate Equities,Real Estate,Office REITs,structural,structural,structural,structural,structural,structural,structural,structural,structural,not_disclosed,not_disclosed,not_disclosed,not_disclosed,structural,not_disclosed,not_disclosed,not_disclosed,not_disclosed,not_disclosed,structural,not_disclosed,not_disclosed,not_disclosed,not_disclosed,not_disclosed,structural,structural
ARES,Ares Management,Financials,Asset Management & Custody Banks,structural,structural,structural,structural,structural,structural,structural,not_disclosed,not_disclosed,structural,structural,not_disclosed,not_disclosed,structural,structural,not_disclosed,not_disclosed,not_disclosed,not_disclosed,structural,not_disclosed,not_disclosed,not_disclosed,not_disclosed,not_disclosed,not_disclosed,not_disclosed
ATO,Atmos Energy,Utilities,Gas Utilities,structural,structural,structural,structural,structural,structural,structural,structural,structural,structural,structural,structural,not_disclosed,structural,structural,structural,structural,structural,not_disclosed,structural,not_disclosed,not_disclosed,not_disclosed,not_disclosed,not_disclosed,not_disclosed,structural
AVGO,Broadcom,Information Technology,Semiconductors,structural,structural,structural,structural,structural,structural,structural,structural,structural,structural,structural,structural,not_disclosed,structural,structural,not_disclosed,structural,structural,structural,structural,structural,not_disclosed,not_disclosed,not_disclosed,not_disclosed,structural,structural
AVY,Avery Dennison,Materials,Paper & Plastic Packaging Products & Materials,structural,structural,structural,structural,structural,structural,structural,structural,structural,not_disclosed,not_disclosed,structural,not_disclosed,structural,structural,structural,structural,structural,structural,structural,structural,structural,quote_verified,quote_verified,quote_verified,structural,structural
AWK,American Water Works,Utilities,Water Utilities,structural,structural,structural,structural,structural,structural,structural,structural,structural,not_disclosed,not_disclosed,not_disclosed,not_disclosed,structural,structural,structural,structural,structural,not_disclosed,structural,not_disclosed,not_disclosed,not_disclosed,not_disclosed,not_disclosed,not_disclosed,structural
AXON,Axon Enterprise,Industrials,Aerospace & Defense,structural,structural,structural,structural,structural,structural,structural,not_disclosed,not_disclosed,not_disclosed,not_disclosed,structural,not_disclosed,structural,structural,structural,structural,structural,structural,structural,not_disclosed,not_disclosed,not_disclosed,not_disclosed,not_disclosed,not_disclosed,not_disclosed
AXP,American Express,Financials,Consumer Finance,structural,structural,structural,structural,structural,structural,structural,structural,structural,not_disclosed,not_disclosed,not_disclosed,not_disclosed,structural,structural,structural,structural,structural,not_disclosed,structural,structural,structural,quote_verified,quote_verified,quote_verified,structural,structural
AZO,AutoZone,Consumer Discretionary,Automotive Retail,structural,structural,structural,structural,structural,not_disclosed,structural,structural,structural,not_disclosed,not_disclosed,structural,not_disclosed,structural,structural,structural,structural,structural,not_disclosed,structural,not_disclosed,not_disclosed,not_disclosed,not_disclosed,not_disclosed,structural,not_disclosed
BA,Boeing,Industrials,Aerospace & Defense,structural,structural,structural,structural,structural,structural,structural,structural,structural,structural,structural,structural,not_disclosed,structural,structural,structural,structural,structural,structural,structural,not_disclosed,not_disclosed,not_disclosed,not_disclosed,not_disclosed,not_disclosed,not_disclosed
BAC,Bank of America,Financials,Diversified Banks,structural,structural,structural,structural,structural,structural,structural,structural,structural,not_disclosed,not_disclosed,not_disclosed,not_disclosed,structural,structural,structural,not_disclosed,not_disclosed,not_disclosed,structural,not_disclosed,not_disclosed,not_disclosed,not_disclosed,not_disclosed,structural,not_disclosed
BALL,Ball Corporation,Materials,"Metal, Glass & Plastic Containers",structural,structural,structural,structural,structural,structural,structural,structural,structural,not_disclosed,not_disclosed,not_disclosed,not_disclosed,structural,structural,structural,structural,structural,structural,structural,structural,structural,not_disclosed,not_disclosed,not_disclosed,structural,structural
BAX,Baxter International,Health Care,Health Care Equipment,structural,structural,structural,structural,structural,structural,structural,structural,structural,structural,structural,structural,not_disclosed,structural,structural,structural,structural,structural,structural,structural,not_disclosed,not_disclosed,not_disclosed,not_disclosed,not_disclosed,structural,structural
BBY,Best Buy,Consumer Discretionary,Computer & Electronics Retail,structural,structural,structural,structural,structural,structural,structural,structural,structural,not_disclosed,not_disclosed,structural,not_disclosed,structural,structural,structural,structural,structural,not_disclosed,structural,structural,structural,not_disclosed,not_disclosed,not_disclosed,structural,structural
BDX,Becton Dickinson,Health Care,Health Care Equipment,structural,structural,structural,structural,structural,structural,structural,structural,structural,not_disclosed,not_disclosed,structural,not_disclosed,structural,structural,structural,structural,structural,structural,structural,not_disclosed,not_disclosed,not_disclosed,not_disclosed,not_disclosed,structural,structural
BEN,Franklin Resources,Financials,Asset Management & Custody Banks,structural,structural,structural,structural,structural,structural,structural,structural,structural,not_disclosed,not_disclosed,not_disclosed,not_disclosed,structural,structural,structural,structural,structural,not_disclosed,structural,not_disclosed,not_disclosed,not_disclosed,not_disclosed,not_disclosed,structural,structural
BF.B,Brown–Forman,Consumer Staples,Distillers & Vintners,structural,structural,structural,structural,structural,structural,structural,not_disclosed,not_disclosed,structural,structural,structural,not_disclosed,structural,structural,structural,structural,structural,not_disclosed,structural,not_disclosed,not_disclosed,not_disclosed,not_disclosed,not_disclosed,structural,structural
BG,Bunge Global,Consumer Staples,Agricultural Products & Services,structural,structural,structural,structural,structural,structural,structural,structural,structural,not_disclosed,not_disclosed,structural,not_disclosed,structural,structural,structural,structural,structural,structural,structural,not_disclosed,not_disclosed,not_disclosed,not_disclosed,not_disclosed,structural,structural
BIIB,Biogen,Health Care,Biotechnology,structural,structural,structural,structural,structural,structural,structural,structural,structural,structural,structural,structural,not_disclosed,structural,structural,structural,structural,structural,not_disclosed,structural,structural,not_disclosed,not_disclosed,not_disclosed,not_disclosed,structural,not_disclosed
BKNG,Booking Holdings,Consumer Discretionary,"Hotels, Resorts & Cruise Lines",structural,structural,structural,structural,structural,structural,structural,structural,structural,not_disclosed,not_disclosed,not_disclosed,not_disclosed,structural,structural,structural,structural,structural,not_disclosed,structural,structural,structural,quote_verified,quote_verified,quote_verified,structural,structural
BKR,Baker Hughes,Energy,Oil & Gas Equipment & Services,structural,structural,structural,structural,structural,structural,structural,not_disclosed,not_disclosed,not_disclosed,not_disclosed,not_disclosed,not_disclosed,structural,structural,structural,structural,structural,structural,structural,not_disclosed,not_disclosed,not_disclosed,not_disclosed,not_disclosed,structural,structural
BLDR,Builders FirstSource,Industrials,Building Products,structural,structural,structural,structural,structural,structural,structural,not_disclosed,not_disclosed,not_disclosed,not_disclosed,structural,not_disclosed,structural,structural,structural,structural,structural,not_disclosed,structural,not_disclosed,not_disclosed,not_disclosed,not_disclosed,not_disclosed,structural,not_disclosed
BLK,BlackRock,Financials,Asset Management & Custody Banks,structural,structural,structural,structural,structural,structural,structural,structural,structural,structural,structural,not_disclosed,not_disclosed,structural,structural,structural,structural,structural,not_disclosed,structural,not_disclosed,not_disclosed,not_disclosed,not_disclosed,not_disclosed,structural,structural
BMY,Bristol Myers Squibb,Health Care,Pharmaceuticals,structural,structural,structural,structural,structural,structural,structural,structural,structural,structural,structural,structural,not_disclosed,structural,structural,structural,structural,structural,structural,structural,structural,structural,quote_verified,quote_verified,quote_verified,structural,structural
BNY,BNY Mellon,Financials,Asset Management & Custody Banks,structural,structural,structural,structural,structural,structural,structural,not_disclosed,not_disclosed,not_disclosed,not_disclosed,not_disclosed,not_disclosed,structural,not_disclosed,not_disclosed,structural,structural,not_disclosed,structural,not_disclosed,not_disclosed,not_disclosed,not_disclosed,not_disclosed,structural,structural
BR,Broadridge Financial Solutions,Industrials,Data Processing & Outsourced Services,structural,structural,structural,structural,structural,structural,structural,structural,structural,not_disclosed,not_disclosed,structural,not_disclosed,structural,structural,structural,structural,structural,not_disclosed,structural,structural,quote_verified,quote_verified,quote_verified,quote_verified,structural,structural
BRK.B,Berkshire Hathaway,Financials,Multi-Sector Holdings,structural,structural,structural,structural,structural,structural,structural,not_disclosed,not_disclosed,structural,structural,not_disclosed,not_disclosed,structural,structural,structural,structural,structural,not_disclosed,structural,not_disclosed,not_disclosed,not_disclosed,not_disclosed,not_disclosed,structural,not_disclosed
BRO,Brown & Brown,Financials,Insurance Brokers,structural,structural,structural,structural,structural,structural,structural,structural,structural,not_disclosed,not_disclosed,not_disclosed,not_disclosed,structural,structural,not_disclosed,structural,structural,not_disclosed,structural,not_disclosed,not_disclosed,not_disclosed,not_disclosed,not_disclosed,structural,structural
BSX,Boston Scientific,Health Care,Health Care Equipment,structural,structural,structural,structural,structural,structural,structural,structural,structural,not_disclosed,not_disclosed,structural,not_disclosed,structural,structural,structural,structural,structural,not_disclosed,structural,structural,structural,quote_verified,quote_verified,quote_verified,not_disclosed,structural
BX,Blackstone Inc.,Financials,Asset Management & Custody Banks,structural,structural,structural,structural,structural,structural,structural,structural,structural,not_disclosed,not_disclosed,not_disclosed,not_disclosed,structural,structural,not_disclosed,structural,structural,not_disclosed,structural,not_disclosed,not_disclosed,not_disclosed,not_disclosed,not_disclosed,not_disclosed,structural
BXP,"BXP, Inc.",Real Estate,Office REITs,structural,structural,structural,structural,structural,structural,structural,structural,structural,not_disclosed,not_disclosed,not_disclosed,not_disclosed,structural,not_disclosed,not_disclosed,not_disclosed,not_disclosed,not_disclosed,structural,structural,structural,quote_verified,quote_verified,quote_verified,not_disclosed,structural
C,Citigroup,Financials,Diversified Banks,structural,structural,structural,structural,structural,structural,structural,structural,structural,not_disclosed,not_disclosed,not_disclosed,not_disclosed,structural,structural,structural,structural,structural,not_disclosed,structural,not_disclosed,not_disclosed,not_disclosed,not_disclosed,not_disclosed,structural,structural
CAH,Cardinal Health,Health Care,Health Care Distributors,structural,structural,structural,structural,structural,structural,structural,structural,structural,not_disclosed,not_disclosed,structural,not_disclosed,structural,structural,structural,structural,structural,not_disclosed,structural,structural,quote_verified,quote_verified,quote_verified,quote_verified,structural,structural
CARR,Carrier Global,Industrials,Building Products,structural,structural,structural,structural,structural,structural,structural,not_disclosed,not_disclosed,not_disclosed,not_disclosed,structural,not_disclosed,structural,structural,structural,structural,structural,structural,structural,structural,structural,quote_verified,quote_verified,quote_verified,structural,structural
CASY,Casey's,Consumer Staples,Food Retail,structural,structural,structural,structural,structural,structural,structural,not_disclosed,not_disclosed,not_disclosed,not_disclosed,not_disclosed,not_disclosed,structural,not_disclosed,not_disclosed,structural,structural,not_disclosed,structural,not_disclosed,not_disclosed,not_disclosed,not_disclosed,not_disclosed,structural,structural
CAT,Caterpillar Inc.,Industrials,Construction Machinery & Heavy Transportation Equipment,structural,structural,structural,structural,structural,structural,structural,structural,structural,structural,structural,structural,not_disclosed,structural,structural,structural,structural,structural,structural,structural,not_disclosed,not_disclosed,not_disclosed,not_disclosed,not_disclosed,structural,structural
CB,Chubb Limited,Financials,Property & Casualty Insurance,structural,structural,structural,structural,structural,structural,structural,structural,structural,not_disclosed,not_disclosed,not_disclosed,not_disclosed,structural,structural,not_disclosed,not_disclosed,not_disclosed,not_disclosed,structural,not_disclosed,not_disclosed,not_disclosed,not_disclosed,not_disclosed,structural,structural
CBOE,Cboe Global Markets,Financials,Financial Exchanges & Data,structural,structural,structural,structural,structural,structural,structural,structural,structural,not_disclosed,not_disclosed,structural,not_disclosed,structural,structural,structural,structural,structural,not_disclosed,structural,not_disclosed,not_disclosed,not_disclosed,not_disclosed,not_disclosed,structural,structural
CBRE,CBRE Group,Real Estate,Real Estate Services,structural,structural,structural,structural,structural,structural,structural,structural,structural,not_disclosed,not_disclosed,structural,not_disclosed,structural,structural,structural,structural,structural,not_disclosed,structural,structural,quote_verified,quote_verified,quote_verified,quote_verified,structural,not_disclosed
CCI,Crown Castle,Real Estate,Telecom Tower REITs,structural,structural,structural,structural,structural,structural,structural,structural,structural,not_disclosed,not_disclosed,structural,not_disclosed,structural,structural,structural,structural,structural,not_disclosed,structural,not_disclosed,not_disclosed,not_disclosed,not_disclosed,not_disclosed,structural,structural
CCL,Carnival Corporation,Consumer Discretionary,"Hotels, Resorts & Cruise Lines",structural,structural,structural,structural,structural,structural,structural,structural,structural,not_disclosed,not_disclosed,structural,not_disclosed,structural,structural,structural,structural,structural,not_disclosed,structural,not_disclosed,not_disclosed,not_disclosed,not_disclosed,not_disclosed,not_disclosed,not_disclosed
CDNS,Cadence Design Systems,Information Technology,Application Software,structural,structural,structural,structural,structural,structural,structural,structural,structural,not_disclosed,not_disclosed,not_disclosed,not_disclosed,structural,structural,structural,structural,structural,not_disclosed,structural,structural,structural,quote_verified,quote_verified,quote_verified,structural,not_disclosed
CDW,CDW Corporation,Information Technology,Technology Distributors,structural,structural,structural,structural,structural,structural,structural,structural,structural,not_disclosed,not_disclosed,structural,not_disclosed,structural,structural,structural,structural,structural,not_disclosed,structural,structural,structural,quote_verified,quote_verified,quote_verified,structural,structural
CEG,Constellation Energy,Utilities,Electric Utilities,structural,structural,structural,structural,structural,structural,structural,not_disclosed,not_disclosed,structural,structural,not_disclosed,not_disclosed,structural,structural,structural,structural,structural,not_disclosed,structural,not_disclosed,not_disclosed,not_disclosed,not_disclosed,not_disclosed,structural,structural
CF,CF Industries,Materials,Fertilizers & Agricultural Chemicals,structural,structural,structural,structural,structural,structural,structural,structural,structural,structural,structural,structural,not_disclosed,structural,structural,structural,structural,structural,not_disclosed,structural,not_disclosed,not_disclosed,not_disclosed,not_disclosed,not_disclosed,structural,structural
CFG,Citizens Financial Group,Financials,Regional Banks,structural,structural,structural,structural,structural,structural,structural,structural,structural,not_disclosed,not_disclosed,not_disclosed,not_disclosed,structural,structural,structural,not_disclosed,not_disclosed,not_disclosed,structural,not_disclosed,not_disclosed,not_disclosed,not_disclosed,not_disclosed,structural,structural
CHD,Church & Dwight,Consumer Staples,Household Products,structural,structural,structural,structural,structural,structural,structural,structural,structural,not_disclosed,not_disclosed,structural,not_disclosed,structural,structural,structural,structural,structural,structural,structural,structural,structural,quote_verified,quote_verified,quote_verified,structural,structural
CHRW,C.H. Robinson,Industrials,Air Freight & Logistics,structural,structural,structural,structural,structural,structural,structural,structural,structural,not_disclosed,not_disclosed,not_disclosed,not_disclosed,structural,structural,structural,structural,structural,not_disclosed,structural,not_disclosed,not_disclosed,not_disclosed,not_disclosed,not_disclosed,structural,structural
CHTR,Charter Communications,Communication Services,Cable & Satellite,structural,structural,structural,structural,structural,structural,structural,structural,structural,not_disclosed,not_disclosed,not_disclosed,not_disclosed,structural,structural,structural,structural,structural,not_disclosed,structural,not_disclosed,not_disclosed,not_disclosed,not_disclosed,not_disclosed,structural,not_disclosed
CI,Cigna,Health Care,Health Care Services,structural,structural,structural,structural,structural,structural,structural,structural,structural,not_disclosed,not_disclosed,structural,not_disclosed,structural,structural,structural,not_disclosed,not_disclosed,not_disclosed,structural,structural,not_disclosed,not_disclosed,not_disclosed,not_disclosed,structural,structural
CIEN,Ciena,Information Technology,Communications Equipment,structural,structural,structural,structural,structural,structural,structural,not_disclosed,not_disclosed,not_disclosed,not_disclosed,structural,not_disclosed,structural,structural,not_disclosed,structural,structural,structural,structural,structural,quote_verified,quote_verified,quote_verified,quote_verified,structural,not_disclosed
CINF,Cincinnati Financial,Financials,Property & Casualty Insurance,structural,structural,structural,structural,structural,structural,structural,structural,structural,not_disclosed,not_disclosed,not_disclosed,not_disclosed,structural,structural,not_disclosed,structural,structural,not_disclosed,structural,not_disclosed,not_disclosed,not_disclosed,not_disclosed,not_disclosed,structural,structural
CL,Colgate-Palmolive,Consumer Staples,Household Products,structural,structural,structural,structural,structural,structural,structural,structural,structural,not_disclosed,not_disclosed,structural,not_disclosed,structural,structural,structural,structural,structural,structural,structural,structural,structural,quote_verified,quote_verified,quote_verified,structural,not_disclosed
CLX,Clorox,Consumer Staples,Household Products,structural,structural,structural,structural,structural,structural,structural,structural,structural,not_disclosed,not_disclosed,structural,not_disclosed,structural,structural,structural,structural,structural,structural,structural,structural,structural,quote_verified,quote_verified,quote_verified,structural,structural
CMCSA,Comcast,Communication Services,Cable & Satellite,structural,structural,structural,structural,structural,structural,structural,structural,structural,not_disclosed,not_disclosed,not_disclosed,not_disclosed,structural,structural,structural,structural,structural,not_disclosed,structural,structural,structural,quote_verified,quote_verified,quote_verified,structural,structural
CME,CME Group,Financials,Financial Exchanges & Data,structural,structural,structural,structural,structural,structural,structural,structural,structural,not_disclosed,not_disclosed,not_disclosed,not_disclosed,structural,structural,structural,structural,structural,not_disclosed,structural,not_disclosed,not_disclosed,not_disclosed,not_disclosed,not_disclosed,not_disclosed,structural
CMG,Chipotle Mexican Grill,Consumer Discretionary,Restaurants,structural,structural,structural,structural,structural,structural,structural,structural,structural,not_disclosed,not_disclosed,not_disclosed,not_disclosed,structural,structural,structural,structural,structural,not_disclosed,structural,structural,structural,quote_verified,quote_verified,quote_verified,structural,not_disclosed
CMI,Cummins,Industrials,Construction Machinery & Heavy Transportation Equipment,structural,structural,structural,structural,structural,structural,structural,structural,structural,not_disclosed,not_disclosed,structural,not_disclosed,structural,structural,structural,structural,structural,structural,structural,structural,structural,quote_verified,quote_verified,quote_verified,structural,structural
CMS,CMS Energy,Utilities,Multi-Utilities,structural,structural,structural,structural,structural,structural,structural,structural,structural,structural,structural,not_disclosed,structural,structural,structural,structural,not_disclosed,not_disclosed,not_disclosed,structural,not_disclosed,not_disclosed,not_disclosed,not_disclosed,not_disclosed,not_disclosed,not_disclosed
CNC,Centene Corporation,Health Care,Managed Health Care,structural,structural,structural,structural,structural,structural,structural,structural,structural,not_disclosed,not_disclosed,structural,not_disclosed,structural,structural,structural,structural,structural,not_disclosed,structural,not_disclosed,not_disclosed,not_disclosed,not_disclosed,not_disclosed,structural,not_disclosed
CNP,CenterPoint Energy,Utilities,Multi-Utilities,structural,structural,structural,structural,structural,structural,structural,structural,structural,structural,structural,structural,not_disclosed,structural,structural,structural,structural,structural,not_disclosed,structural,not_disclosed,not_disclosed,not_disclosed,not_disclosed,not_disclosed,not_disclosed,structural
COF,Capital One,Financials,Consumer Finance,structural,structural,structural,structural,structural,structural,structural,structural,structural,not_disclosed,not_disclosed,not_disclosed,not_disclosed,structural,structural,structural,structural,structural,not_disclosed,structural,not_disclosed,not_disclosed,not_disclosed,not_disclosed,not_disclosed,structural,structural
COHR,Coherent Corp.,Information Technology,Electronic Components,structural,structural,structural,structural,structural,structural,structural,not_disclosed,not_disclosed,not_disclosed,not_disclosed,structural,not_disclosed,structural,structural,structural,structural,structural,structural,structural,not_disclosed,not_disclosed,not_disclosed,not_disclosed,not_disclosed,not_disclosed,not_disclosed
COIN,Coinbase,Financials,Financial Exchanges & Data,structural,structural,structural,structural,structural,structural,structural,not_disclosed,not_disclosed,not_disclosed,not_disclosed,not_disclosed,not_disclosed,structural,structural,structural,not_disclosed,not_disclosed,structural,structural,not_disclosed,not_disclosed,not_disclosed,not_disclosed,not_disclosed,structural,not_disclosed
COO,Cooper Companies (The),Health Care,Health Care Supplies,structural,structural,structural,structural,structural,structural,structural,structural,structural,not_disclosed,not_disclosed,structural,not_disclosed,structural,structural,structural,structural,structural,structural,structural,not_disclosed,not_disclosed,not_disclosed,not_disclosed,not_disclosed,structural,structural
COP,ConocoPhillips,Energy,Oil & Gas Exploration & Production,structural,structural,structural,structural,structural,structural,structural,structural,structural,structural,structural,structural,not_disclosed,structural,structural,structural,not_disclosed,not_disclosed,structural,structural,not_disclosed,not_disclosed,not_disclosed,not_disclosed,not_disclosed,structural,structural
COR,Cencora,Health Care,Health Care Distributors,structural,structural,structural,structural,structural,structural,structural,structural,structural,not_disclosed,not_disclosed,structural,not_disclosed,structural,structural,structural,structural,structural,not_disclosed,structural,structural,quote_verified,quote_verified,quote_verified,quote_verified,structural,structural
COST,Costco,Consumer Staples,Consumer Staples Merchandise Retail,structural,structural,structural,structural,structural,structural,structural,structural,structural,not_disclosed,not_disclosed,structural,not_disclosed,structural,structural,structural,structural,structural,not_disclosed,structural,not_disclosed,not_disclosed,not_disclosed,not_disclosed,not_disclosed,structural,structural
CPAY,Corpay,Financials,Transaction & Payment Processing Services,structural,structural,structural,structural,structural,structural,structural,not_disclosed,not_disclosed,not_disclosed,not_disclosed,not_disclosed,not_disclosed,structural,structural,structural,structural,structural,not_disclosed,structural,not_disclosed,not_disclosed,not_disclosed,not_disclosed,not_disclosed,structural,not_disclosed
CPRT,Copart,Industrials,Diversified Support Services,structural,structural,structural,structural,structural,structural,structural,structural,structural,not_disclosed,not_disclosed,not_disclosed,not_disclosed,structural,structural,structural,structural,structural,not_disclosed,structural,not_disclosed,not_disclosed,not_disclosed,not_disclosed,not_disclosed,not_disclosed,not_disclosed
CPT,Camden Property Trust,Real Estate,Multi-Family Residential REITs,structural,structural,structural,structural,structural,structural,structural,structural,structural,not_disclosed,not_disclosed,structural,not_disclosed,structural,not_disclosed,not_disclosed,not_disclosed,not_disclosed,not_disclosed,structural,not_disclosed,not_disclosed,not_disclosed,not_disclosed,not_disclosed,structural,structural
CRH,CRH plc,Materials,Construction Materials,structural,structural,structural,structural,structural,structural,structural,not_disclosed,not_disclosed,not_disclosed,not_disclosed,structural,not_disclosed,structural,structural,structural,structural,structural,not_disclosed,structural,structural,structural,not_disclosed,not_disclosed,not_disclosed,structural,not_disclosed
CRL,Charles River Laboratories,Health Care,Life Sciences Tools & Services,structural,structural,structural,structural,structural,structural,structural,not_disclosed,not_disclosed,not_disclosed,not_disclosed,not_disclosed,not_disclosed,structural,structural,structural,structural,structural,not_disclosed,structural,structural,structural,quote_verified,quote_verified,quote_verified,structural,not_disclosed
CRM,Salesforce,Information Technology,Application Software,structural,structural,structural,structural,structural,structural,structural,structural,structural,not_disclosed,not_disclosed,structural,not_disclosed,structural,structural,structural,structural,structural,structural,structural,not_disclosed,not_disclosed,not_disclosed,not_disclosed,not_disclosed,structural,structural
CRWD,CrowdStrike,Information Technology,Systems Software,structural,structural,structural,structural,structural,structural,structural,not_disclosed,not_disclosed,not_disclosed,not_disclosed,structural,not_disclosed,structural,structural,not_disclosed,structural,structural,structural,structural,structural,quote_verified,quote_verified,quote_verified,quote_verified,not_disclosed,not_disclosed
CSCO,Cisco,Information Technology,Communications Equipment,structural,structural,structural,structural,structural,structural,structural,structural,structural,not_disclosed,not_disclosed,structural,not_disclosed,structural,structural,structural,structural,structural,structural,structural,not_disclosed,not_disclosed,not_disclosed,not_disclosed,not_disclosed,structural,structural
CSGP,CoStar Group,Real Estate,Real Estate Services,structural,structural,structural,structural,structural,structural,structural,structural,structural,not_disclosed,not_disclosed,structural,not_disclosed,structural,structural,structural,structural,structural,not_disclosed,structural,structural,structural,quote_verified,quote_verified,quote_verified,structural,not_disclosed
CSX,CSX Corporation,Industrials,Rail Transportation,structural,structural,structural,structural,structural,structural,structural,structural,structural,not_disclosed,not_disclosed,not_disclosed,structural,structural,structural,structural,structural,structural,not_disclosed,structural,structural,structural,not_disclosed,not_disclosed,not_disclosed,structural,structural
CTAS,Cintas,Industrials,Diversified Support Services,structural,structural,structural,structural,structural,structural,structural,structural,structural,not_disclosed,not_disclosed,structural,not_disclosed,structural,structural,structural,structural,structural,not_disclosed,structural,not_disclosed,not_disclosed,not_disclosed,not_disclosed,not_disclosed,structural,structural
CTSH,Cognizant,Information Technology,IT Consulting & Other Services,structural,structural,structural,structural,structural,structural,structural,structural,structural,not_disclosed,not_disclosed,not_disclosed,not_disclosed,structural,structural,structural,structural,structural,not_disclosed,structural,not_disclosed,not_disclosed,not_disclosed,not_disclosed,not_disclosed,structural,structural
CTVA,Corteva,Materials,Fertilizers & Agricultural Chemicals,structural,structural,structural,structural,structural,structural,structural,not_disclosed,not_disclosed,structural,structural,structural,not_disclosed,structural,structural,structural,structural,structural,structural,structural,not_disclosed,not_disclosed,not_disclosed,not_disclosed,not_disclosed,structural,structural
CVNA,Carvana,Consumer Discretionary,Automotive Retail,structural,structural,structural,structural,structural,structural,structural,not_disclosed,not_disclosed,not_disclosed,not_disclosed,structural,not_disclosed,structural,structural,not_disclosed,structural,structural,not_disclosed,structural,not_disclosed,not_disclosed,not_disclosed,not_disclosed,not_disclosed,not_disclosed,not_disclosed
CVS,CVS Health,Health Care,Health Care Services,structural,structural,structural,structural,structural,structural,structural,structural,structural,not_disclosed,not_disclosed,structural,not_disclosed,structural,structural,structural,structural,structural,not_disclosed,structural,structural,structural,quote_verified,quote_verified,quote_verified,structural,structural
CVX,Chevron Corporation,Energy,Integrated Oil & Gas,structural,structural,structural,structural,structural,structural,structural,structural,structural,structural,structural,structural,not_disclosed,structural,not_disclosed,not_disclosed,structural,structural,structural,structural,not_disclosed,not_disclosed,not_disclosed,not_disclosed,not_disclosed,structural,structural
D,Dominion Energy,Utilities,Multi-Utilities,structural,structural,structural,structural,structural,structural,structural,structural,structural,structural,structural,not_disclosed,not_disclosed,structural,structural,structural,not_disclosed,not_disclosed,not_disclosed,structural,not_disclosed,not_disclosed,not_disclosed,not_disclosed,not_disclosed,not_disclosed,structural
DAL,Delta Air Lines,Industrials,Passenger Airlines,structural,structural,structural,structural,structural,structural,structural,structural,structural,structural,structural,not_disclosed,structural,structural,structural,structural,structural,structural,not_disclosed,structural,structural,structural,not_disclosed,not_disclosed,not_disclosed,not_disclosed,structural
DASH,DoorDash,Consumer Discretionary,Specialized Consumer Services,structural,structural,structural,structural,structural,structural,structural,not_disclosed,not_disclosed,not_disclosed,not_disclosed,not_disclosed,not_disclosed,structural,structural,structural,structural,structural,structural,structural,not_disclosed,not_disclosed,not_disclosed,not_disclosed,not_disclosed,structural,not_disclosed
DD,DuPont,Industrials,Industrial Conglomerates,structural,structural,structural,structural,structural,structural,structural,structural,structural,not_disclosed,not_disclosed,structural,not_disclosed,structural,structural,structural,structural,structural,structural,structural,not_disclosed,not_disclosed,not_disclosed,not_disclosed,not_disclosed,not_disclosed,structural
DDOG,Datadog,Information Technology,Application Software,structural,structural,structural,structural,structural,structural,structural,not_disclosed,not_disclosed,not_disclosed,not_disclosed,structural,not_disclosed,structural,structural,structural,structural,structural,structural,structural,not_disclosed,not_disclosed,not_disclosed,not_disclosed,not_disclosed,not_disclosed,not_disclosed
DE,Deere & Company,Industrials,Agricultural & Farm Machinery,structural,structural,structural,structural,structural,structural,structural,structural,structural,structural,structural,not_disclosed,not_disclosed,structural,structural,structural,structural,structural,structural,structural,structural,quote_verified,quote_verified,quote_verified,quote_verified,structural,structural
DECK,Deckers Brands,Consumer Discretionary,Footwear,structural,structural,structural,structural,structural,structural,structural,not_disclosed,not_disclosed,not_disclosed,not_disclosed,structural,not_disclosed,structural,structural,structural,structural,structural,structural,structural,structural,quote_verified,quote_verified,quote_verified,quote_verified,structural,not_disclosed
DELL,Dell Technologies,Information Technology,"Technology Hardware, Storage & Peripherals",structural,structural,structural,structural,structural,structural,structural,not_disclosed,not_disclosed,not_disclosed,not_disclosed,structural,not_disclosed,structural,structural,structural,structural,structural,structural,structural,structural,quote_verified,quote_verified,quote_verified,quote_verified,structural,structural
DG,Dollar General,Consumer Staples,Consumer Staples Merchandise Retail,structural,structural,structural,structural,structural,structural,structural,structural,structural,not_disclosed,not_disclosed,structural,not_disclosed,structural,structural,structural,structural,structural,not_disclosed,structural,not_disclosed,not_disclosed,not_disclosed,not_disclosed,not_disclosed,not_disclosed,structural
DGX,Quest Diagnostics,Health Care,Health Care Services,structural,structural,structural,structural,structural,structural,structural,structural,structural,not_disclosed,not_disclosed,structural,not_disclosed,structural,structural,structural,structural,structural,not_disclosed,structural,not_disclosed,not_disclosed,not_disclosed,not_disclosed,not_disclosed,structural,structural
DHI,D. R. Horton,Consumer Discretionary,Homebuilding,structural,structural,structural,structural,structural,structural,structural,structural,structural,not_disclosed,not_disclosed,structural,not_disclosed,structural,structural,structural,structural,structural,not_disclosed,structural,not_disclosed,not_disclosed,not_disclosed,not_disclosed,not_disclosed,structural,structural
DHR,Danaher Corporation,Health Care,Life Sciences Tools & Services,structural,structural,structural,structural,structural,structural,structural,structural,structural,not_disclosed,not_disclosed,structural,not_disclosed,structural,structural,structural,structural,structural,structural,structural,structural,structural,quote_verified,quote_verified,quote_verified,structural,structural
DIS,Walt Disney Company (The),Communication Services,Movies & Entertainment,structural,structural,structural,structural,structural,structural,structural,structural,structural,structural,structural,not_disclosed,not_disclosed,structural,structural,structural,structural,structural,not_disclosed,structural,structural,quote_verified,quote_verified,quote_verified,quote_verified,structural,structural
DLR,Digital Realty,Real Estate,Data Center REITs,structural,structural,structural,structural,structural,structural,structural,structural,structural,not_disclosed,not_disclosed,not_disclosed,not_disclosed,structural,structural,structural,not_disclosed,not_disclosed,not_disclosed,structural,structural,structural,quote_verified,quote_verified,quote_verified,not_disclosed,structural
DLTR,Dollar Tree,Consumer Staples,Consumer Staples Merchandise Retail,structural,structural,structural,structural,structural,structural,structural,structural,structural,not_disclosed,not_disclosed,structural,not_disclosed,structural,structural,structural,structural,structural,not_disclosed,structural,not_disclosed,not_disclosed,not_disclosed,not_disclosed,not_disclosed,structural,not_disclosed
DOC,Healthpeak Properties,Real Estate,Health Care REITs,structural,structural,structural,structural,structural,structural,structural,not_disclosed,not_disclosed,not_disclosed,not_disclosed,structural,not_disclosed,structural,not_disclosed,not_disclosed,structural,structural,not_disclosed,structural,structural,structural,quote_verified,quote_verified,quote_verified,structural,structural
DOV,Dover Corporation,Industrials,Industrial Machinery & Supplies & Components,structural,structural,structural,structural,structural,structural,structural,structural,structural,not_disclosed,not_disclosed,structural,not_disclosed,structural,structural,structural,structural,structural,structural,structural,structural,structural,not_disclosed,quote_verified,quote_verified,structural,structural
DOW,Dow Inc.,Materials,Commodity Chemicals,structural,structural,structural,structural,structural,structural,structural,not_disclosed,not_disclosed,structural,structural,structural,not_disclosed,structural,structural,structural,structural,structural,not_disclosed,structural,not_disclosed,not_disclosed,not_disclosed,not_disclosed,not_disclosed,structural,structural
DPZ,Domino's,Consumer Discretionary,Restaurants,structural,structural,structural,structural,structural,structural,structural,structural,structural,not_disclosed,not_disclosed,structural,not_disclosed,structural,structural,structural,structural,structural,not_disclosed,structural,not_disclosed,not_disclosed,not_disclosed,not_disclosed,not_disclosed,structural,structural
DRI,Darden Restaurants,Consumer Discretionary,Restaurants,structural,structural,structural,structural,structural,structural,structural,structural,structural,not_disclosed,not_disclosed,not_disclosed,not_disclosed,structural,structural,structural,structural,structural,not_disclosed,structural,not_disclosed,not_disclosed,not_disclosed,not_disclosed,not_disclosed,structural,structural
DTE,DTE Energy,Utilities,Multi-Utilities,structural,structural,structural,structural,structural,structural,structural,structural,structural,structural,structural,not_disclosed,not_disclosed,structural,structural,structural,not_disclosed,not_disclosed,not_disclosed,structural,not_disclosed,not_disclosed,not_disclosed,not_disclosed,not_disclosed,structural,structural
DUK,Duke Energy,Utilities,Electric Utilities,structural,structural,structural,structural,structural,structural,structural,structural,structural,structural,structural,not_disclosed,not_disclosed,structural,structural,structural,structural,structural,not_disclosed,structural,not_disclosed,not_disclosed,not_disclosed,not_disclosed,not_disclosed,not_disclosed,not_disclosed
DVA,DaVita,Health Care,Health Care Services,structural,structural,structural,structural,structural,structural,structural,structural,structural,not_disclosed,not_disclosed,not_disclosed,not_disclosed,structural,structural,structural,structural,structural,not_disclosed,structural,structural,structural,quote_verified,quote_verified,quote_verified,structural,structural
DVN,Devon Energy,Energy,Oil & Gas Exploration & Production,structural,structural,structural,structural,structural,structural,structural,structural,structural,structural,structural,not_disclosed,not_disclosed,structural,structural,structural,structural,structural,not_disclosed,structural,not_disclosed,not_disclosed,not_disclosed,not_disclosed,not_disclosed,structural,structural
DXCM,Dexcom,Health Care,Health Care Equipment,structural,structural,structural,structural,structural,structural,structural,structural,structural,not_disclosed,not_disclosed,structural,not_disclosed,structural,structural,structural,structural,structural,structural,structural,structural,not_disclosed,not_disclosed,not_disclosed,not_disclosed,structural,not_disclosed
EBAY,eBay Inc.,Consumer Discretionary,Broadline Retail,structural,structural,structural,structural,structural,structural,structural,structural,structural,not_disclosed,not_disclosed,structural,not_disclosed,structural,structural,structural,structural,structural,structural,structural,structural,structural,quote_verified,quote_verified,quote_verified,structural,structural
ECHO,EchoStar,Communication Services,Wireless Telecommunication Services,structural,structural,structural,structural,structural,structural,structural,not_disclosed,not_disclosed,not_disclosed,not_disclosed,not_disclosed,not_disclosed,structural,structural,structural,structural,structural,structural,structural,not_disclosed,not_disclosed,not_disclosed,not_disclosed,not_disclosed,not_disclosed,not_disclosed
ECL,Ecolab,Materials,Specialty Chemicals,structural,structural,structural,structural,structural,structural,structural,structural,structural,not_disclosed,not_disclosed,structural,not_disclosed,structural,structural,not_disclosed,structural,structural,structural,structural,structural,structural,quote_verified,quote_verified,quote_verified,structural,structural
ED,Consolidated Edison,Utilities,Multi-Utilities,structural,structural,structural,structural,structural,structural,structural,structural,structural,structural,structural,not_disclosed,not_disclosed,structural,structural,structural,not_disclosed,not_disclosed,not_disclosed,structural,not_disclosed,not_disclosed,not_disclosed,not_disclosed,not_disclosed,structural,structural
EFX,Equifax,Industrials,Research & Consulting Services,structural,structural,structural,structural,structural,structural,structural,structural,structural,not_disclosed,not_disclosed,not_disclosed,not_disclosed,structural,structural,structural,structural,structural,not_disclosed,structural,structural,structural,quote_verified,quote_verified,quote_verified,structural,structural
EG,Everest Group,Financials,Reinsurance,structural,structural,structural,structural,structural,structural,structural,structural,structural,not_disclosed,not_disclosed,not_disclosed,not_disclosed,structural,structural,not_disclosed,not_disclosed,not_disclosed,not_disclosed,structural,not_disclosed,not_disclosed,not_disclosed,not_disclosed,not_disclosed,structural,structural
EIX,Edison International,Utilities,Electric Utilities,structural,structural,structural,structural,structural,structural,structural,structural,structural,structural,structural,not_disclosed,not_disclosed,structural,structural,structural,structural,structural,not_disclosed,structural,not_disclosed,not_disclosed,not_disclosed,not_disclosed,not_disclosed,structural,structural
EL,Estée Lauder Companies (The),Consumer Staples,Personal Care Products,structural,structural,structural,structural,structural,structural,structural,structural,structural,not_disclosed,not_disclosed,structural,not_disclosed,structural,structural,structural,structural,structural,not_disclosed,structural,structural,quote_verified,quote_verified,quote_verified,quote_verified,structural,structural
ELV,Elevance Health,Health Care,Managed Health Care,structural,structural,structural,structural,structural,structural,structural,structural,structural,not_disclosed,not_disclosed,structural,not_disclosed,structural,structural,structural,structural,structural,not_disclosed,structural,structural,structural,quote_verified,quote_verified,quote_verified,structural,structural
EME,Emcor,Industrials,Construction & Engineering,structural,structural,structural,structural,structural,structural,structural,not_disclosed,not_disclosed,not_disclosed,not_disclosed,structural,not_disclosed,structural,structural,structural,structural,structural,not_disclosed,structural,structural,not_disclosed,not_disclosed,not_disclosed,not_disclosed,structural,structural
EMR,Emerson Electric,Industrials,Electrical Components & Equipment,structural,structural,structural,structural,structural,structural,structural,structural,structural,not_disclosed,not_disclosed,structural,not_disclosed,structural,structural,structural,structural,structural,structural,structural,structural,quote_verified,quote_verified,quote_verified,quote_verified,structural,structural
EOG,EOG Resources,Energy,Oil & Gas Exploration & Production,structural,structural,structural,structural,structural,structural,structural,structural,structural,structural,structural,not_disclosed,not_disclosed,structural,structural,structural,not_disclosed,not_disclosed,not_disclosed,structural,not_disclosed,not_disclosed,not_disclosed,not_disclosed,not_disclosed,structural,not_disclosed
EQIX,Equinix,Real Estate,Data Center REITs,structural,structural,structural,structural,structural,structural,structural,structural,structural,not_disclosed,not_disclosed,structural,not_disclosed,structural,structural,structural,structural,structural,not_disclosed,structural,structural,structural,quote_verified,quote_verified,quote_verified,not_disclosed,structural
EQT,EQT Corporation,Energy,Oil & Gas Exploration & Production,structural,structural,structural,structural,structural,structural,structural,structural,structural,not_disclosed,not_disclosed,structural,not_disclosed,structural,structural,structural,structural,structural,not_disclosed,structural,not_disclosed,not_disclosed,not_disclosed,not_disclosed,not_disclosed,structural,structural
ERIE,Erie Indemnity,Financials,Insurance Brokers,structural,structural,structural,structural,structural,structural,structural,not_disclosed,not_disclosed,not_disclosed,not_disclosed,not_disclosed,not_disclosed,structural,structural,structural,structural,structural,not_disclosed,structural,not_disclosed,not_disclosed,not_disclosed,not_disclosed,not_disclosed,not_disclosed,structural
ES,Eversource Energy,Utilities,Electric Utilities,structural,structural,structural,structural,structural,structural,structural,structural,structural,structural,structural,not_disclosed,not_disclosed,structural,structural,structural,structural,structural,not_disclosed,structural,structural,not_disclosed,not_disclosed,not_disclosed,not_disclosed,not_disclosed,structural
ESS,Essex Property Trust,Real Estate,Multi-Family Residential REITs,structural,structural,structural,structural,structural,structural,structural,structural,structural,not_disclosed,not_disclosed,not_disclosed,not_disclosed,structural,structural,structural,not_disclosed,not_disclosed,not_disclosed,structural,structural,structural,not_disclosed,not_disclosed,not_disclosed,structural,not_disclosed
ETN,Eaton Corporation,Industrials,Electrical Components & Equipment,structural,structural,structural,structural,structural,structural,structural,structural,structural,not_disclosed,not_disclosed,structural,not_disclosed,structural,structural,structural,structural,structural,structural,structural,structural,structural,not_disclosed,not_disclosed,not_disclosed,structural,structural
ETR,Entergy,Utilities,Electric Utilities,structural,structural,structural,structural,structural,structural,structural,structural,structural,structural,structural,not_disclosed,not_disclosed,structural,structural,structural,structural,structural,not_disclosed,structural,not_disclosed,not_disclosed,not_disclosed,not_disclosed,not_disclosed,not_disclosed,structural
EVRG,Evergy,Utilities,Electric Utilities,structural,structural,structural,structural,structural,structural,structural,not_disclosed,not_disclosed,structural,structural,not_disclosed,not_disclosed,structural,structural,structural,structural,structural,not_disclosed,structural,not_disclosed,not_disclosed,not_disclosed,not_disclosed,not_disclosed,not_disclosed,structural
EW,Edwards Lifesciences,Health Care,Health Care Equipment,structural,structural,structural,structural,structural,structural,structural,structural,structural,not_disclosed,not_disclosed,structural,not_disclosed,structural,structural,structural,structural,structural,structural,structural,structural,structural,quote_verified,quote_verified,quote_verified,structural,not_disclosed
EXC,Exelon,Utilities,Electric Utilities,structural,structural,structural,structural,structural,structural,structural,structural,structural,structural,structural,not_disclosed,not_disclosed,structural,structural,structural,structural,structural,not_disclosed,structural,not_disclosed,not_disclosed,not_disclosed,not_disclosed,not_disclosed,not_disclosed,structural
EXE,Expand Energy,Energy,Oil & Gas Exploration & Production,structural,structural,structural,structural,structural,structural,structural,not_disclosed,not_disclosed,not_disclosed,not_disclosed,not_disclosed,not_disclosed,structural,structural,structural,structural,structural,not_disclosed,structural,not_disclosed,not_disclosed,not_disclosed,not_disclosed,not_disclosed,structural,structural
EXPD,Expeditors International,Industrials,Air Freight & Logistics,structural,structural,structural,structural,structural,structural,structural,structural,structural,not_disclosed,not_disclosed,not_disclosed,not_disclosed,structural,structural,structural,structural,structural,not_disclosed,structural,not_disclosed,not_disclosed,not_disclosed,not_disclosed,not_disclosed,structural,structural
EXPE,Expedia Group,Consumer Discretionary,"Hotels, Resorts & Cruise Lines",structural,structural,structural,structural,structural,structural,structural,structural,structural,not_disclosed,not_disclosed,not_disclosed,not_disclosed,structural,structural,structural,structural,structural,not_disclosed,structural,structural,structural,quote_verified,quote_verified,quote_verified,structural,structural
EXR,Extra Space Storage,Real Estate,Self-Storage REITs,structural,structural,structural,structural,structural,structural,structural,structural,structural,not_disclosed,not_disclosed,structural,not_disclosed,structural,structural,structural,structural,structural,not_disclosed,structural,not_disclosed,not_disclosed,not_disclosed,not_disclosed,not_disclosed,structural,structural
F,Ford Motor Company,Consumer Discretionary,Automobile Manufacturers,structural,structural,structural,structural,structural,structural,structural,structural,structural,structural,structural,structural,not_disclosed,structural,structural,structural,structural,structural,structural,structural,structural,structural,not_disclosed,not_disclosed,not_disclosed,structural,structural
FANG,Diamondback Energy,Energy,Oil & Gas Exploration & Production,structural,structural,structural,structural,structural,structural,structural,not_disclosed,not_disclosed,not_disclosed,not_disclosed,not_disclosed,not_disclosed,structural,structural,structural,not_disclosed,not_disclosed,not_disclosed,structural,not_disclosed,not_disclosed,not_disclosed,not_disclosed,not_disclosed,structural,structural
FAST,Fastenal,Industrials,Trading Companies & Distributors,structural,structural,structural,structural,structural,structural,structural,structural,structural,not_disclosed,not_disclosed,structural,not_disclosed,structural,structural,structural,structural,structural,not_disclosed,structural,not_disclosed,not_disclosed,not_disclosed,not_disclosed,not_disclosed,structural,structural
FCX,Freeport-McMoRan,Materials,Copper,structural,structural,structural,structural,structural,structural,structural,structural,structural,structural,structural,structural,not_disclosed,structural,structural,structural,structural,structural,not_disclosed,structural,structural,not_disclosed,not_disclosed,not_disclosed,not_disclosed,structural,structural
FDS,FactSet,Financials,Financial Exchanges & Data,structural,structural,structural,structural,structural,structural,structural,structural,structural,not_disclosed,not_disclosed,structural,not_disclosed,structural,structural,structural,structural,structural,structural,structural,not_disclosed,not_disclosed,not_disclosed,not_disclosed,not_disclosed,structural,structural
FDX,FedEx,Industrials,Air Freight & Logistics,structural,structural,structural,structural,structural,structural,structural,structural,structural,not_disclosed,not_disclosed,not_disclosed,structural,structural,structural,structural,structural,structural,not_disclosed,structural,structural,quote_verified,quote_verified,quote_verified,quote_verified,structural,structural
FDXF,FedEx Freight,Industrials,Cargo Ground Transportation,structural,structural,structural,structural,structural,structural,structural,not_disclosed,not_disclosed,not_disclosed,not_disclosed,not_disclosed,structural,structural,structural,structural,structural,structural,not_disclosed,structural,not_disclosed,not_disclosed,not_disclosed,not_disclosed,not_disclosed,not_disclosed,structural
FE,FirstEnergy,Utilities,Electric Utilities,structural,structural,structural,structural,structural,structural,structural,structural,structural,structural,structural,not_disclosed,structural,structural,structural,not_disclosed,structural,structural,not_disclosed,structural,not_disclosed,not_disclosed,not_disclosed,not_disclosed,not_disclosed,not_disclosed,structural
FERG,Ferguson Enterprises,Industrials,Trading Companies & Distributors,structural,structural,structural,structural,structural,structural,structural,not_disclosed,not_disclosed,not_disclosed,not_disclosed,structural,not_disclosed,structural,structural,structural,structural,structural,not_disclosed,structural,not_disclosed,not_disclosed,not_disclosed,not_disclosed,not_disclosed,structural,structural
FFIV,"F5, Inc.",Information Technology,Communications Equipment,structural,structural,structural,structural,structural,structural,structural,structural,structural,not_disclosed,not_disclosed,structural,not_disclosed,structural,structural,structural,structural,structural,structural,structural,structural,quote_verified,quote_verified,quote_verified,quote_verified,structural,not_disclosed
FICO,Fair Isaac,Information Technology,Application Software,structural,structural,structural,structural,structural,structural,structural,not_disclosed,not_disclosed,not_disclosed,not_disclosed,structural,not_disclosed,structural,structural,structural,structural,structural,structural,structural,not_disclosed,not_disclosed,not_disclosed,not_disclosed,not_disclosed,structural,not_disclosed
FIS,Fidelity National Information Services,Financials,Transaction & Payment Processing Services,structural,structural,structural,structural,structural,structural,structural,structural,structural,not_disclosed,not_disclosed,structural,not_disclosed,structural,structural,structural,structural,structural,not_disclosed,structural,not_disclosed,not_disclosed,not_disclosed,not_disclosed,not_disclosed,structural,structural
FISV,Fiserv,Financials,Transaction & Payment Processing Services,structural,structural,structural,structural,structural,structural,structural,structural,structural,not_disclosed,not_disclosed,not_disclosed,not_disclosed,structural,structural,structural,structural,structural,not_disclosed,structural,not_disclosed,not_disclosed,not_disclosed,not_disclosed,not_disclosed,not_disclosed,not_disclosed
FITB,Fifth Third Bancorp,Financials,Regional Banks,structural,structural,structural,structural,structural,structural,structural,structural,structural,not_disclosed,not_disclosed,not_disclosed,not_disclosed,structural,structural,structural,structural,structural,not_disclosed,structural,not_disclosed,not_disclosed,not_disclosed,not_disclosed,not_disclosed,structural,structural
FIX,Comfort Systems USA,Industrials,Construction & Engineering,structural,structural,structural,structural,structural,structural,structural,not_disclosed,not_disclosed,not_disclosed,not_disclosed,structural,not_disclosed,structural,structural,structural,structural,structural,not_disclosed,structural,not_disclosed,not_disclosed,not_disclosed,not_disclosed,not_disclosed,structural,structural
FLEX,Flex Ltd.,Information Technology,Electronic Manufacturing Services,structural,structural,structural,structural,structural,structural,structural,not_disclosed,not_disclosed,not_disclosed,not_disclosed,structural,not_disclosed,structural,structural,not_disclosed,structural,structural,not_disclosed,structural,structural,structural,not_disclosed,not_disclosed,not_disclosed,structural,not_disclosed
FOX,Fox Corporation (Class B),Communication Services,Broadcasting,structural,structural,structural,structural,structural,structural,structural,not_disclosed,not_disclosed,not_disclosed,not_disclosed,not_disclosed,not_disclosed,structural,structural,structural,structural,structural,not_disclosed,structural,not_disclosed,not_disclosed,not_disclosed,not_disclosed,not_disclosed,structural,structural
FRT,Federal Realty Investment Trust,Real Estate,Retail REITs,structural,structural,structural,structural,structural,structural,structural,structural,structural,not_disclosed,not_disclosed,not_disclosed,structural,structural,structural,structural,not_disclosed,not_disclosed,not_disclosed,structural,structural,structural,not_disclosed,not_disclosed,not_disclosed,not_disclosed,not_disclosed
FSLR,First Solar,Information Technology,Semiconductors,structural,structural,structural,structural,structural,structural,structural,not_disclosed,not_disclosed,not_disclosed,not_disclosed,structural,not_disclosed,structural,structural,structural,structural,structural,structural,structural,structural,structural,quote_verified,quote_verified,quote_verified,not_disclosed,not_disclosed
FTNT,Fortinet,Information Technology,Systems Software,structural,structural,structural,structural,structural,structural,structural,structural,structural,not_disclosed,not_disclosed,structural,not_disclosed,structural,structural,structural,structural,structural,structural,structural,structural,structural,quote_verified,quote_verified,quote_verified,structural,not_disclosed
FTV,Fortive,Industrials,Industrial Machinery & Supplies & Components,structural,structural,structural,structural,structural,structural,structural,structural,structural,not_disclosed,not_disclosed,structural,not_disclosed,structural,structural,structural,structural,structural,structural,structural,not_disclosed,not_disclosed,not_disclosed,not_disclosed,not_disclosed,structural,structural
GD,General Dynamics,Industrials,Aerospace & Defense,structural,structural,structural,structural,structural,structural,structural,structural,structural,not_disclosed,not_disclosed,not_disclosed,not_disclosed,structural,structural,structural,structural,structural,not_disclosed,structural,not_disclosed,not_disclosed,not_disclosed,not_disclosed,not_disclosed,structural,structural
GDDY,GoDaddy,Information Technology,Internet Services & Infrastructure,structural,structural,structural,structural,structural,structural,structural,not_disclosed,not_disclosed,not_disclosed,not_disclosed,not_disclosed,not_disclosed,structural,structural,structural,structural,structural,not_disclosed,structural,not_disclosed,not_disclosed,not_disclosed,not_disclosed,not_disclosed,structural,not_disclosed
GE,GE Aerospace,Industrials,Aerospace & Defense,structural,structural,structural,structural,structural,structural,structural,structural,structural,not_disclosed,not_disclosed,not_disclosed,not_disclosed,structural,structural,structural,structural,structural,structural,structural,not_disclosed,not_disclosed,not_disclosed,not_disclosed,not_disclosed,structural,not_disclosed
GEHC,GE HealthCare,Health Care,Health Care Equipment,structural,structural,structural,structural,structural,structural,structural,not_disclosed,not_disclosed,not_disclosed,not_disclosed,not_disclosed,not_disclosed,structural,structural,not_disclosed,structural,structural,structural,structural,structural,structural,quote_verified,quote_verified,quote_verified,structural,structural
GEN,Gen Digital,Information Technology,Systems Software,structural,structural,structural,structural,structural,structural,structural,structural,structural,not_disclosed,not_disclosed,structural,not_disclosed,structural,structural,structural,structural,structural,structural,structural,not_disclosed,not_disclosed,not_disclosed,not_disclosed,not_disclosed,structural,structural
GEV,GE Vernova,Industrials,Heavy Electrical Equipment,structural,structural,structural,structural,structural,structural,structural,not_disclosed,not_disclosed,not_disclosed,not_disclosed,structural,not_disclosed,structural,structural,not_disclosed,structural,structural,structural,structural,not_disclosed,not_disclosed,not_disclosed,not_disclosed,not_disclosed,structural,structural
GILD,Gilead Sciences,Health Care,Biotechnology,structural,structural,structural,structural,structural,structural,structural,structural,structural,not_disclosed,not_disclosed,structural,not_disclosed,structural,structural,not_disclosed,structural,structural,not_disclosed,structural,structural,structural,quote_verified,quote_verified,quote_verified,structural,structural
GIS,General Mills,Consumer Staples,Packaged Foods & Meats,structural,structural,structural,structural,structural,structural,structural,structural,structural,structural,structural,structural,not_disclosed,structural,structural,structural,structural,structural,structural,structural,structural,quote_verified,quote_verified,quote_verified,quote_verified,structural,structural
GL,Globe Life,Financials,Life & Health Insurance,structural,structural,structural,structural,structural,structural,structural,structural,structural,not_disclosed,not_disclosed,not_disclosed,not_disclosed,structural,structural,not_disclosed,structural,structural,not_disclosed,structural,not_disclosed,not_disclosed,not_disclosed,not_disclosed,not_disclosed,structural,structural
GLW,Corning Inc.,Information Technology,Electronic Components,structural,structural,structural,structural,structural,structural,structural,structural,structural,structural,structural,structural,not_disclosed,structural,structural,not_disclosed,not_disclosed,not_disclosed,structural,structural,structural,structural,quote_verified,quote_verified,quote_verified,not_disclosed,not_disclosed
GM,General Motors,Consumer Discretionary,Automobile Manufacturers,structural,structural,structural,structural,structural,structural,structural,structural,structural,structural,structural,not_disclosed,not_disclosed,structural,structural,structural,structural,structural,not_disclosed,structural,structural,structural,quote_verified,quote_verified,quote_verified,structural,structural
GNRC,Generac,Industrials,Heavy Electrical Equipment,structural,structural,structural,structural,structural,structural,structural,not_disclosed,not_disclosed,not_disclosed,not_disclosed,structural,not_disclosed,structural,structural,structural,structural,structural,structural,structural,not_disclosed,not_disclosed,not_disclosed,not_disclosed,not_disclosed,structural,structural
GOOGL,Alphabet Inc. (Class A),Communication Services,Interactive Media & Services,structural,structural,structural,structural,structural,structural,structural,structural,structural,structural,structural,structural,not_disclosed,structural,structural,not_disclosed,structural,structural,structural,structural,structural,structural,not_disclosed,not_disclosed,not_disclosed,structural,structural
GPC,Genuine Parts Company,Consumer Discretionary,Distributors,structural,structural,structural,structural,structural,structural,structural,structural,structural,not_disclosed,not_disclosed,structural,not_disclosed,structural,structural,structural,structural,structural,not_disclosed,structural,not_disclosed,not_disclosed,not_disclosed,not_disclosed,not_disclosed,structural,structural
GPN,Global Payments,Financials,Transaction & Payment Processing Services,structural,structural,structural,structural,structural,structural,structural,structural,structural,not_disclosed,not_disclosed,structural,not_disclosed,structural,structural,structural,structural,structural,not_disclosed,structural,not_disclosed,not_disclosed,not_disclosed,not_disclosed,not_disclosed,structural,structural
GRMN,Garmin,Consumer Discretionary,Consumer Electronics,structural,structural,structural,structural,structural,structural,structural,structural,structural,not_disclosed,not_disclosed,structural,not_disclosed,structural,structural,not_disclosed,structural,structural,structural,structural,not_disclosed,not_disclosed,not_disclosed,not_disclosed,not_disclosed,not_disclosed,structural
GS,Goldman Sachs,Financials,Investment Banking & Brokerage,structural,structural,structural,structural,structural,structural,structural,structural,structural,structural,structural,not_disclosed,not_disclosed,structural,structural,structural,structural,structural,not_disclosed,structural,not_disclosed,not_disclosed,not_disclosed,not_disclosed,not_disclosed,structural,structural
GWW,W. W. Grainger,Industrials,Industrial Machinery & Supplies & Components,structural,structural,structural,structural,structural,structural,structural,structural,structural,not_disclosed,not_disclosed,structural,not_disclosed,structural,structural,structural,structural,structural,not_disclosed,structural,not_disclosed,not_disclosed,not_disclosed,not_disclosed,not_disclosed,structural,structural
HAL,Halliburton,Energy,Oil & Gas Equipment & Services,structural,structural,structural,structural,structural,structural,structural,structural,structural,structural,structural,not_disclosed,not_disclosed,structural,structural,structural,structural,structural,structural,structural,not_disclosed,not_disclosed,not_disclosed,not_disclosed,not_disclosed,structural,structural
HAS,Hasbro,Consumer Discretionary,Leisure Products,structural,structural,structural,structural,structural,structural,structural,structural,structural,not_disclosed,not_disclosed,structural,not_disclosed,structural,structural,structural,structural,structural,structural,structural,structural,structural,quote_verified,quote_verified,quote_verified,structural,structural
HBAN,Huntington Bancshares,Financials,Regional Banks,structural,structural,structural,structural,structural,structural,structural,structural,structural,not_disclosed,not_disclosed,not_disclosed,not_disclosed,structural,structural,structural,structural,structural,not_disclosed,structural,not_disclosed,not_disclosed,not_disclosed,not_disclosed,not_disclosed,structural,structural
HCA,HCA Healthcare,Health Care,Health Care Facilities,structural,structural,structural,structural,structural,structural,structural,structural,structural,not_disclosed,not_disclosed,not_disclosed,not_disclosed,structural,structural,structural,structural,structural,not_disclosed,structural,not_disclosed,not_disclosed,not_disclosed,not_disclosed,not_disclosed,structural,structural
HD,Home Depot (The),Consumer Discretionary,Home Improvement Retail,structural,structural,structural,structural,structural,structural,structural,structural,structural,not_disclosed,not_disclosed,structural,not_disclosed,structural,structural,structural,structural,structural,not_disclosed,structural,structural,quote_verified,quote_verified,quote_verified,quote_verified,structural,structural
HIG,Hartford (The),Financials,Property & Casualty Insurance,structural,structural,structural,structural,structural,structural,structural,structural,structural,not_disclosed,not_disclosed,not_disclosed,not_disclosed,structural,structural,structural,structural,structural,not_disclosed,structural,not_disclosed,not_disclosed,not_disclosed,not_disclosed,not_disclosed,structural,structural
HII,Huntington Ingalls Industries,Industrials,Aerospace & Defense,structural,structural,structural,structural,structural,structural,structural,not_disclosed,not_disclosed,structural,structural,not_disclosed,not_disclosed,structural,structural,structural,structural,structural,structural,structural,not_disclosed,not_disclosed,not_disclosed,not_disclosed,not_disclosed,structural,structural
HLT,Hilton Worldwide,Consumer Discretionary,"Hotels, Resorts & Cruise Lines",structural,structural,structural,structural,structural,structural,structural,structural,structural,not_disclosed,not_disclosed,not_disclosed,not_disclosed,structural,structural,structural,structural,structural,not_disclosed,structural,structural,structural,not_disclosed,not_disclosed,not_disclosed,structural,structural
HON,Honeywell Technologies,Industrials,Industrial Conglomerates,structural,structural,structural,structural,structural,structural,structural,structural,structural,not_disclosed,not_disclosed,structural,not_disclosed,structural,structural,structural,structural,structural,structural,structural,not_disclosed,not_disclosed,not_disclosed,not_disclosed,not_disclosed,structural,structural
HONA,Honeywell Aerospace,Industrials,Aerospace & Defense,structural,structural,structural,structural,structural,structural,structural,not_disclosed,not_disclosed,not_disclosed,not_disclosed,missing,missing,missing,missing,missing,missing,missing,missing,structural,not_disclosed,not_disclosed,not_disclosed,not_disclosed,not_disclosed,missing,missing
HOOD,Robinhood Markets,Financials,Investment Banking & Brokerage,structural,structural,structural,structural,structural,structural,structural,not_disclosed,not_disclosed,not_disclosed,not_disclosed,not_disclosed,not_disclosed,structural,structural,structural,not_disclosed,not_disclosed,structural,structural,not_disclosed,not_disclosed,not_disclosed,not_disclosed,not_disclosed,structural,not_disclosed
HPE,Hewlett Packard Enterprise,Information Technology,"Technology Hardware, Storage & Peripherals",structural,structural,structural,structural,structural,structural,structural,structural,structural,not_disclosed,not_disclosed,not_disclosed,not_disclosed,structural,structural,structural,structural,structural,structural,structural,structural,quote_verified,quote_verified,quote_verified,quote_verified,structural,structural
HPQ,HP Inc.,Information Technology,"Technology Hardware, Storage & Peripherals",structural,structural,structural,structural,structural,structural,structural,structural,structural,not_disclosed,not_disclosed,structural,not_disclosed,structural,structural,structural,structural,structural,structural,structural,structural,quote_verified,quote_verified,quote_verified,quote_verified,structural,structural
HRL,Hormel Foods,Consumer Staples,Packaged Foods & Meats,structural,structural,structural,structural,structural,structural,structural,structural,structural,structural,structural,structural,not_disclosed,structural,structural,structural,structural,structural,structural,structural,structural,structural,quote_verified,quote_verified,quote_verified,structural,structural
HSIC,Henry Schein,Health Care,Health Care Distributors,structural,structural,structural,structural,structural,structural,structural,structural,structural,not_disclosed,not_disclosed,structural,not_disclosed,structural,structural,structural,structural,structural,not_disclosed,structural,structural,structural,quote_verified,quote_verified,quote_verified,structural,not_disclosed
HST,Host Hotels & Resorts,Real Estate,Hotel & Resort REITs,structural,structural,structural,structural,structural,structural,structural,structural,structural,not_disclosed,not_disclosed,not_disclosed,not_disclosed,structural,structural,structural,not_disclosed,not_disclosed,not_disclosed,structural,structural,structural,quote_verified,quote_verified,quote_verified,structural,structural
HSY,Hershey Company (The),Consumer Staples,Packaged Foods & Meats,structural,structural,structural,structural,structural,structural,structural,structural,structural,not_disclosed,not_disclosed,structural,not_disclosed,structural,structural,structural,structural,structural,structural,structural,structural,structural,quote_verified,quote_verified,quote_verified,structural,structural
HUBB,Hubbell Incorporated,Industrials,Industrial Machinery & Supplies & Components,structural,structural,structural,structural,structural,structural,structural,structural,structural,not_disclosed,not_disclosed,structural,not_disclosed,structural,structural,structural,structural,structural,not_disclosed,structural,not_disclosed,not_disclosed,not_disclosed,not_disclosed,not_disclosed,structural,not_disclosed
HUM,Humana,Health Care,Managed Health Care,structural,structural,structural,structural,structural,structural,structural,structural,structural,not_disclosed,not_disclosed,not_disclosed,not_disclosed,structural,structural,structural,structural,structural,not_disclosed,structural,structural,structural,not_disclosed,not_disclosed,not_disclosed,structural,structural
HWM,Howmet Aerospace,Industrials,Aerospace & Defense,structural,structural,structural,structural,structural,structural,structural,not_disclosed,not_disclosed,structural,structural,not_disclosed,not_disclosed,structural,structural,structural,structural,structural,structural,structural,not_disclosed,not_disclosed,not_disclosed,not_disclosed,not_disclosed,structural,not_disclosed
IBKR,Interactive Brokers,Financials,Investment Banking & Brokerage,structural,structural,structural,structural,structural,structural,structural,not_disclosed,not_disclosed,not_disclosed,not_disclosed,not_disclosed,not_disclosed,structural,structural,structural,not_disclosed,not_disclosed,not_disclosed,structural,not_disclosed,not_disclosed,not_disclosed,not_disclosed,not_disclosed,not_disclosed,structural
IBM,IBM,Information Technology,IT Consulting & Other Services,structural,structural,structural,structural,structural,structural,structural,structural,structural,not_disclosed,not_disclosed,structural,not_disclosed,structural,structural,not_disclosed,structural,structural,structural,structural,not_disclosed,not_disclosed,not_disclosed,not_disclosed,not_disclosed,not_disclosed,structural
ICE,Intercontinental Exchange,Financials,Financial Exchanges & Data,structural,structural,structural,structural,structural,structural,structural,structural,structural,not_disclosed,not_disclosed,not_disclosed,not_disclosed,structural,structural,structural,structural,structural,not_disclosed,structural,not_disclosed,not_disclosed,not_disclosed,not_disclosed,not_disclosed,structural,structural
IDXX,Idexx Laboratories,Health Care,Health Care Equipment,structural,structural,structural,structural,structural,structural,structural,structural,structural,not_disclosed,not_disclosed,structural,not_disclosed,structural,structural,structural,structural,structural,structural,structural,not_disclosed,not_disclosed,not_disclosed,not_disclosed,not_disclosed,structural,not_disclosed
IEX,IDEX Corporation,Industrials,Industrial Machinery & Supplies & Components,structural,structural,structural,structural,structural,structural,structural,structural,structural,not_disclosed,not_disclosed,structural,not_disclosed,structural,structural,structural,structural,structural,structural,structural,not_disclosed,not_disclosed,not_disclosed,not_disclosed,not_disclosed,structural,structural
IFF,International Flavors & Fragrances,Materials,Specialty Chemicals,structural,structural,structural,structural,structural,structural,structural,structural,structural,structural,structural,structural,not_disclosed,structural,structural,structural,structural,structural,structural,structural,structural,structural,quote_verified,quote_verified,quote_verified,structural,structural
INCY,Incyte,Health Care,Biotechnology,structural,structural,structural,structural,structural,structural,structural,structural,structural,not_disclosed,not_disclosed,structural,not_disclosed,structural,structural,structural,not_disclosed,not_disclosed,structural,structural,not_disclosed,not_disclosed,not_disclosed,not_disclosed,not_disclosed,structural,not_disclosed
INTC,Intel,Information Technology,Semiconductors,structural,structural,structural,structural,structural,structural,structural,structural,structural,structural,structural,structural,not_disclosed,structural,structural,not_disclosed,structural,structural,structural,structural,not_disclosed,not_disclosed,not_disclosed,not_disclosed,not_disclosed,structural,structural
INTU,Intuit,Information Technology,Application Software,structural,structural,structural,structural,structural,structural,structural,structural,structural,not_disclosed,not_disclosed,not_disclosed,not_disclosed,structural,structural,not_disclosed,structural,structural,structural,structural,structural,quote_verified,quote_verified,quote_verified,quote_verified,structural,structural
INVH,Invitation Homes,Real Estate,Single-Family Residential REITs,structural,structural,structural,structural,structural,structural,structural,not_disclosed,not_disclosed,not_disclosed,not_disclosed,not_disclosed,not_disclosed,structural,not_disclosed,not_disclosed,not_disclosed,not_disclosed,not_disclosed,structural,not_disclosed,not_disclosed,not_disclosed,not_disclosed,not_disclosed,structural,structural
IP,International Paper,Materials,Paper & Plastic Packaging Products & Materials,structural,structural,structural,structural,structural,structural,structural,structural,structural,structural,structural,structural,not_disclosed,structural,not_disclosed,not_disclosed,structural,structural,not_disclosed,structural,structural,structural,quote_verified,quote_verified,quote_verified,structural,structural
IQV,IQVIA,Health Care,Life Sciences Tools & Services,structural,structural,structural,structural,structural,structural,structural,structural,structural,not_disclosed,not_disclosed,not_disclosed,not_disclosed,structural,structural,structural,structural,structural,not_disclosed,structural,structural,structural,quote_verified,quote_verified,quote_verified,structural,not_disclosed
IR,Ingersoll Rand,Industrials,Industrial Machinery & Supplies & Components,structural,structural,structural,structural,structural,structural,structural,not_disclosed,not_disclosed,not_disclosed,not_disclosed,structural,not_disclosed,structural,structural,structural,structural,structural,structural,structural,structural,structural,quote_verified,quote_verified,quote_verified,structural,structural
IRM,Iron Mountain,Real Estate,Other Specialized REITs,structural,structural,structural,structural,structural,structural,structural,structural,structural,not_disclosed,not_disclosed,not_disclosed,not_disclosed,structural,structural,structural,structural,structural,not_disclosed,structural,structural,structural,quote_verified,quote_verified,quote_verified,not_disclosed,structural
ISRG,Intuitive Surgical,Health Care,Health Care Equipment,structural,structural,structural,structural,structural,structural,structural,structural,structural,not_disclosed,not_disclosed,structural,not_disclosed,structural,structural,not_disclosed,structural,structural,structural,structural,not_disclosed,not_disclosed,not_disclosed,not_disclosed,not_disclosed,structural,not_disclosed
IT,Gartner,Information Technology,IT Consulting & Other Services,structural,structural,structural,structural,structural,structural,structural,structural,structural,not_disclosed,not_disclosed,structural,not_disclosed,structural,structural,structural,not_disclosed,not_disclosed,not_disclosed,structural,structural,structural,quote_verified,quote_verified,quote_verified,structural,not_disclosed
ITW,Illinois Tool Works,Industrials,Industrial Machinery & Supplies & Components,structural,structural,structural,structural,structural,structural,structural,structural,structural,structural,structural,structural,not_disclosed,structural,structural,not_disclosed,structural,structural,structural,structural,not_disclosed,not_disclosed,not_disclosed,not_disclosed,not_disclosed,structural,structural
IVZ,Invesco,Financials,Asset Management & Custody Banks,structural,structural,structural,structural,structural,structural,structural,structural,structural,not_disclosed,not_disclosed,not_disclosed,not_disclosed,structural,structural,structural,structural,structural,not_disclosed,structural,not_disclosed,not_disclosed,not_disclosed,not_disclosed,not_disclosed,structural,structural
J,Jacobs Solutions,Industrials,Construction & Engineering,structural,structural,structural,structural,structural,structural,structural,structural,structural,not_disclosed,not_disclosed,structural,not_disclosed,structural,structural,structural,structural,structural,not_disclosed,structural,not_disclosed,not_disclosed,not_disclosed,not_disclosed,not_disclosed,structural,structural
JBHT,J.B. Hunt,Industrials,Cargo Ground Transportation,structural,structural,structural,structural,structural,structural,structural,structural,structural,not_disclosed,not_disclosed,not_disclosed,structural,structural,structural,structural,structural,structural,not_disclosed,structural,not_disclosed,not_disclosed,not_disclosed,not_disclosed,not_disclosed,structural,structural
JBL,Jabil,Information Technology,Electronic Manufacturing Services,structural,structural,structural,structural,structural,structural,structural,not_disclosed,not_disclosed,not_disclosed,not_disclosed,structural,not_disclosed,structural,structural,structural,structural,structural,structural,structural,structural,not_disclosed,not_disclosed,not_disclosed,not_disclosed,structural,structural
JCI,Johnson Controls,Industrials,Building Products,structural,structural,structural,structural,structural,structural,structural,structural,structural,not_disclosed,not_disclosed,structural,not_disclosed,structural,structural,structural,structural,structural,structural,structural,structural,structural,not_disclosed,not_disclosed,not_disclosed,structural,structural
JKHY,Jack Henry & Associates,Financials,Transaction & Payment Processing Services,structural,structural,structural,structural,structural,structural,structural,structural,structural,not_disclosed,not_disclosed,structural,not_disclosed,structural,structural,not_disclosed,structural,structural,structural,structural,not_disclosed,not_disclosed,not_disclosed,not_disclosed,not_disclosed,structural,structural
JNJ,Johnson & Johnson,Health Care,Pharmaceuticals,structural,structural,structural,structural,structural,structural,structural,structural,structural,not_disclosed,not_disclosed,structural,not_disclosed,structural,structural,structural,structural,structural,structural,structural,structural,structural,quote_verified,quote_verified,quote_verified,structural,not_disclosed
JPM,JPMorgan Chase,Financials,Diversified Banks,structural,structural,structural,structural,structural,structural,structural,structural,structural,not_disclosed,not_disclosed,not_disclosed,not_disclosed,structural,structural,structural,not_disclosed,not_disclosed,not_disclosed,structural,not_disclosed,not_disclosed,not_disclosed,not_disclosed,not_disclosed,structural,structural
KDP,Keurig Dr Pepper,Consumer Staples,Soft Drinks & Non-alcoholic Beverages,structural,structural,structural,structural,structural,structural,structural,not_disclosed,not_disclosed,not_disclosed,not_disclosed,structural,not_disclosed,structural,structural,not_disclosed,structural,structural,structural,structural,structural,structural,quote_verified,quote_verified,quote_verified,structural,structural
KEY,KeyCorp,Financials,Regional Banks,structural,structural,structural,structural,structural,structural,structural,structural,structural,not_disclosed,not_disclosed,not_disclosed,not_disclosed,structural,structural,structural,structural,structural,not_disclosed,structural,not_disclosed,not_disclosed,not_disclosed,not_disclosed,not_disclosed,structural,structural
KEYS,Keysight Technologies,Information Technology,Electronic Equipment & Instruments,structural,structural,structural,structural,structural,structural,structural,structural,structural,not_disclosed,not_disclosed,structural,not_disclosed,structural,structural,not_disclosed,structural,structural,structural,structural,structural,quote_verified,quote_verified,quote_verified,quote_verified,structural,not_disclosed
KHC,Kraft Heinz,Consumer Staples,Packaged Foods & Meats,structural,structural,structural,structural,structural,structural,structural,structural,structural,not_disclosed,not_disclosed,structural,not_disclosed,structural,structural,structural,structural,structural,structural,structural,structural,structural,quote_verified,quote_verified,quote_verified,structural,structural
KIM,Kimco Realty,Real Estate,Retail REITs,structural,structural,structural,structural,structural,structural,structural,structural,structural,not_disclosed,not_disclosed,not_disclosed,not_disclosed,structural,structural,structural,not_disclosed,not_disclosed,not_disclosed,structural,structural,structural,not_disclosed,not_disclosed,not_disclosed,structural,structural
KKR,KKR & Co.,Financials,Asset Management & Custody Banks,structural,structural,structural,structural,structural,structural,structural,not_disclosed,not_disclosed,not_disclosed,not_disclosed,not_disclosed,not_disclosed,structural,structural,structural,not_disclosed,not_disclosed,not_disclosed,structural,not_disclosed,not_disclosed,not_disclosed,not_disclosed,not_disclosed,structural,structural
KLAC,KLA Corporation,Information Technology,Semiconductor Materials & Equipment,structural,structural,structural,structural,structural,structural,structural,structural,structural,not_disclosed,not_disclosed,structural,not_disclosed,structural,structural,structural,structural,structural,structural,structural,structural,structural,quote_verified,quote_verified,quote_verified,structural,structural
KMB,Kimberly-Clark,Consumer Staples,Household Products,structural,structural,structural,structural,structural,structural,structural,structural,structural,structural,structural,structural,not_disclosed,structural,structural,structural,structural,structural,structural,structural,structural,structural,quote_verified,quote_verified,quote_verified,structural,structural
KMI,Kinder Morgan,Energy,Oil & Gas Storage & Transportation,structural,structural,structural,structural,structural,structural,structural,structural,structural,structural,structural,not_disclosed,not_disclosed,structural,structural,structural,structural,structural,not_disclosed,structural,not_disclosed,not_disclosed,not_disclosed,not_disclosed,not_disclosed,structural,structural
KO,Coca-Cola Company (The),Consumer Staples,Soft Drinks & Non-alcoholic Beverages,structural,structural,structural,structural,structural,structural,structural,structural,structural,not_disclosed,not_disclosed,structural,not_disclosed,structural,structural,structural,structural,structural,not_disclosed,structural,not_disclosed,not_disclosed,not_disclosed,not_disclosed,not_disclosed,structural,structural
KR,Kroger,Consumer Staples,Food Retail,structural,structural,structural,structural,structural,structural,structural,structural,structural,not_disclosed,not_disclosed,not_disclosed,not_disclosed,structural,structural,structural,structural,structural,not_disclosed,structural,structural,not_disclosed,not_disclosed,not_disclosed,not_disclosed,structural,structural
KVUE,Kenvue,Consumer Staples,Personal Care Products,structural,structural,structural,structural,structural,structural,structural,not_disclosed,not_disclosed,not_disclosed,not_disclosed,structural,not_disclosed,structural,structural,structural,structural,structural,structural,structural,structural,structural,quote_verified,quote_verified,quote_verified,structural,structural
L,Loews Corporation,Financials,Multi-line Insurance,structural,structural,structural,structural,structural,structural,structural,structural,structural,structural,structural,not_disclosed,not_disclosed,structural,structural,structural,structural,structural,not_disclosed,structural,not_disclosed,not_disclosed,not_disclosed,not_disclosed,not_disclosed,structural,structural
LDOS,Leidos,Industrials,Diversified Support Services,structural,structural,structural,structural,structural,structural,structural,structural,structural,not_disclosed,not_disclosed,structural,not_disclosed,structural,structural,structural,structural,structural,structural,structural,not_disclosed,not_disclosed,not_disclosed,not_disclosed,not_disclosed,structural,not_disclosed
LEN,Lennar,Consumer Discretionary,Homebuilding,structural,structural,structural,structural,structural,structural,structural,structural,structural,not_disclosed,not_disclosed,not_disclosed,not_disclosed,structural,structural,structural,structural,structural,not_disclosed,structural,not_disclosed,not_disclosed,not_disclosed,not_disclosed,not_disclosed,structural,structural
LH,Labcorp,Health Care,Health Care Services,structural,structural,structural,structural,structural,structural,structural,structural,structural,not_disclosed,not_disclosed,structural,not_disclosed,structural,structural,structural,structural,structural,not_disclosed,structural,structural,structural,quote_verified,quote_verified,quote_verified,structural,structural
LHX,L3Harris,Industrials,Aerospace & Defense,structural,structural,structural,structural,structural,structural,structural,not_disclosed,not_disclosed,not_disclosed,not_disclosed,structural,not_disclosed,structural,structural,structural,structural,structural,not_disclosed,structural,not_disclosed,not_disclosed,not_disclosed,not_disclosed,not_disclosed,structural,structural
LII,Lennox International,Industrials,Building Products,structural,structural,structural,structural,structural,structural,structural,not_disclosed,not_disclosed,not_disclosed,not_disclosed,structural,not_disclosed,structural,structural,structural,structural,structural,structural,structural,structural,structural,quote_verified,quote_verified,quote_verified,structural,structural
LIN,Linde plc,Materials,Industrial Gases,structural,structural,structural,structural,structural,structural,structural,not_disclosed,not_disclosed,structural,structural,not_disclosed,not_disclosed,structural,structural,structural,structural,structural,structural,structural,structural,structural,not_disclosed,not_disclosed,not_disclosed,structural,structural
LITE,Lumentum,Information Technology,Communications Equipment,structural,structural,structural,structural,structural,structural,structural,not_disclosed,not_disclosed,not_disclosed,not_disclosed,not_disclosed,not_disclosed,structural,structural,not_disclosed,structural,structural,structural,structural,structural,quote_verified,quote_verified,quote_verified,quote_verified,structural,not_disclosed
LLY,Lilly (Eli),Health Care,Pharmaceuticals,structural,structural,structural,structural,structural,structural,structural,structural,structural,not_disclosed,not_disclosed,structural,not_disclosed,structural,structural,structural,not_disclosed,not_disclosed,not_disclosed,structural,not_disclosed,not_disclosed,not_disclosed,not_disclosed,not_disclosed,structural,structural
LMT,Lockheed Martin,Industrials,Aerospace & Defense,structural,structural,structural,structural,structural,structural,structural,structural,structural,structural,structural,structural,not_disclosed,structural,structural,structural,structural,structural,structural,structural,not_disclosed,not_disclosed,not_disclosed,not_disclosed,not_disclosed,structural,structural
LNT,Alliant Energy,Utilities,Electric Utilities,structural,structural,structural,structural,structural,structural,structural,structural,structural,structural,structural,structural,not_disclosed,structural,structural,structural,not_disclosed,not_disclosed,not_disclosed,structural,not_disclosed,not_disclosed,not_disclosed,not_disclosed,not_disclosed,not_disclosed,structural
LOW,Lowe's,Consumer Discretionary,Home Improvement Retail,structural,structural,structural,structural,structural,structural,structural,structural,structural,not_disclosed,not_disclosed,structural,not_disclosed,structural,structural,structural,structural,structural,not_disclosed,structural,not_disclosed,not_disclosed,not_disclosed,not_disclosed,not_disclosed,structural,structural
LRCX,Lam Research,Information Technology,Semiconductor Materials & Equipment,structural,structural,structural,structural,structural,structural,structural,structural,structural,not_disclosed,not_disclosed,structural,not_disclosed,structural,structural,structural,structural,structural,structural,structural,structural,structural,quote_verified,quote_verified,quote_verified,structural,structural
LULU,Lululemon Athletica,Consumer Discretionary,"Apparel, Accessories & Luxury Goods",structural,structural,structural,structural,structural,structural,structural,structural,structural,not_disclosed,not_disclosed,structural,not_disclosed,structural,structural,structural,structural,structural,not_disclosed,structural,not_disclosed,not_disclosed,not_disclosed,not_disclosed,not_disclosed,structural,not_disclosed
LUV,Southwest Airlines,Industrials,Passenger Airlines,structural,structural,structural,structural,structural,structural,structural,structural,structural,not_disclosed,not_disclosed,not_disclosed,structural,structural,structural,structural,structural,structural,not_disclosed,structural,not_disclosed,not_disclosed,not_disclosed,not_disclosed,not_disclosed,structural,structural
LVS,Las Vegas Sands,Consumer Discretionary,Casinos & Gaming,structural,structural,structural,structural,structural,structural,structural,structural,structural,not_disclosed,not_disclosed,not_disclosed,not_disclosed,structural,structural,structural,structural,structural,structural,structural,structural,structural,quote_verified,quote_verified,quote_verified,structural,structural
LYB,LyondellBasell,Materials,Specialty Chemicals,structural,structural,structural,structural,structural,structural,structural,structural,structural,not_disclosed,not_disclosed,structural,not_disclosed,structural,structural,structural,structural,structural,structural,structural,not_disclosed,not_disclosed,not_disclosed,not_disclosed,not_disclosed,structural,structural
LYV,Live Nation Entertainment,Communication Services,Movies & Entertainment,structural,structural,structural,structural,structural,structural,structural,not_disclosed,not_disclosed,not_disclosed,not_disclosed,not_disclosed,not_disclosed,structural,structural,structural,structural,structural,not_disclosed,structural,not_disclosed,not_disclosed,not_disclosed,not_disclosed,not_disclosed,structural,not_disclosed
MA,Mastercard,Financials,Transaction & Payment Processing Services,structural,structural,structural,structural,structural,structural,structural,structural,structural,not_disclosed,not_disclosed,not_disclosed,not_disclosed,structural,structural,structural,structural,structural,not_disclosed,structural,structural,structural,quote_verified,quote_verified,quote_verified,structural,structural
MAA,Mid-America Apartment Communities,Real Estate,Multi-Family Residential REITs,structural,structural,structural,structural,structural,structural,structural,structural,structural,not_disclosed,not_disclosed,not_disclosed,not_disclosed,structural,not_disclosed,not_disclosed,not_disclosed,not_disclosed,not_disclosed,structural,not_disclosed,not_disclosed,not_disclosed,not_disclosed,not_disclosed,structural,structural
MAR,Marriott International,Consumer Discretionary,"Hotels, Resorts & Cruise Lines",structural,structural,structural,structural,structural,structural,structural,structural,structural,not_disclosed,not_disclosed,not_disclosed,not_disclosed,structural,structural,not_disclosed,structural,structural,not_disclosed,structural,structural,structural,quote_verified,quote_verified,quote_verified,structural,structural
MAS,Masco,Industrials,Building Products,structural,structural,structural,structural,structural,structural,structural,structural,structural,not_disclosed,not_disclosed,structural,not_disclosed,structural,structural,structural,structural,structural,not_disclosed,structural,not_disclosed,not_disclosed,not_disclosed,not_disclosed,not_disclosed,structural,structural
MCD,McDonald's,Consumer Discretionary,Restaurants,structural,structural,structural,structural,structural,structural,structural,structural,structural,not_disclosed,not_disclosed,not_disclosed,not_disclosed,structural,structural,structural,structural,structural,not_disclosed,structural,structural,structural,quote_verified,quote_verified,quote_verified,structural,structural
MCHP,Microchip Technology,Information Technology,Semiconductors,structural,structural,structural,structural,structural,structural,structural,structural,structural,structural,structural,structural,not_disclosed,structural,structural,structural,structural,structural,structural,structural,not_disclosed,not_disclosed,not_disclosed,not_disclosed,not_disclosed,structural,structural
MCK,McKesson Corporation,Health Care,Health Care Distributors,structural,structural,structural,structural,structural,structural,structural,structural,structural,not_disclosed,not_disclosed,structural,not_disclosed,structural,structural,structural,structural,structural,not_disclosed,structural,structural,quote_verified,quote_verified,quote_verified,quote_verified,structural,structural
MCO,Moody's Corporation,Financials,Financial Exchanges & Data,structural,structural,structural,structural,structural,structural,structural,structural,structural,not_disclosed,not_disclosed,structural,not_disclosed,structural,structural,structural,structural,structural,not_disclosed,structural,structural,structural,quote_verified,quote_verified,quote_verified,structural,structural
MDLZ,Mondelez International,Consumer Staples,Packaged Foods & Meats,structural,structural,structural,structural,structural,structural,structural,structural,structural,not_disclosed,not_disclosed,structural,not_disclosed,structural,structural,structural,structural,structural,structural,structural,structural,structural,quote_verified,quote_verified,quote_verified,structural,structural
MDT,Medtronic,Health Care,Health Care Equipment,structural,structural,structural,structural,structural,structural,structural,structural,structural,not_disclosed,not_disclosed,structural,not_disclosed,structural,structural,structural,structural,structural,not_disclosed,structural,structural,not_disclosed,not_disclosed,not_disclosed,not_disclosed,structural,structural
MET,MetLife,Financials,Life & Health Insurance,structural,structural,structural,structural,structural,structural,structural,structural,structural,not_disclosed,not_disclosed,not_disclosed,not_disclosed,structural,structural,not_disclosed,not_disclosed,not_disclosed,not_disclosed,structural,structural,not_disclosed,not_disclosed,not_disclosed,not_disclosed,structural,structural
META,Meta Platforms,Communication Services,Interactive Media & Services,structural,structural,structural,structural,structural,structural,structural,structural,structural,not_disclosed,not_disclosed,structural,not_disclosed,structural,structural,structural,structural,structural,structural,structural,structural,structural,quote_verified,quote_verified,quote_verified,structural,structural
MGM,MGM Resorts,Consumer Discretionary,Casinos & Gaming,structural,structural,structural,structural,structural,structural,structural,structural,structural,structural,structural,not_disclosed,not_disclosed,structural,structural,structural,structural,structural,not_disclosed,structural,structural,structural,not_disclosed,not_disclosed,not_disclosed,structural,structural
MKC,McCormick & Company,Consumer Staples,Packaged Foods & Meats,structural,structural,structural,structural,structural,structural,structural,structural,structural,not_disclosed,not_disclosed,structural,not_disclosed,structural,structural,structural,structural,structural,structural,structural,structural,quote_verified,quote_verified,quote_verified,quote_verified,structural,structural
MLM,Martin Marietta Materials,Materials,Construction Materials,structural,structural,structural,structural,structural,structural,structural,structural,structural,structural,structural,structural,not_disclosed,structural,structural,structural,structural,structural,not_disclosed,structural,structural,structural,quote_verified,quote_verified,quote_verified,structural,structural
MMM,3M,Industrials,Industrial Conglomerates,structural,structural,structural,structural,structural,structural,structural,structural,structural,structural,structural,structural,not_disclosed,structural,structural,structural,structural,structural,structural,structural,structural,structural,quote_verified,quote_verified,quote_verified,structural,structural
MNST,Monster Beverage,Consumer Staples,Soft Drinks & Non-alcoholic Beverages,structural,structural,structural,structural,structural,structural,structural,structural,structural,not_disclosed,not_disclosed,structural,not_disclosed,structural,structural,structural,structural,structural,not_disclosed,structural,structural,not_disclosed,not_disclosed,not_disclosed,not_disclosed,structural,not_disclosed
MO,Altria,Consumer Staples,Tobacco,structural,structural,structural,structural,structural,structural,structural,structural,structural,structural,structural,structural,not_disclosed,structural,structural,structural,structural,structural,structural,structural,structural,structural,quote_verified,quote_verified,quote_verified,structural,structural
MOS,Mosaic Company (The),Materials,Fertilizers & Agricultural Chemicals,structural,structural,structural,structural,structural,structural,structural,structural,structural,structural,structural,structural,not_disclosed,structural,structural,structural,structural,structural,not_disclosed,structural,not_disclosed,not_disclosed,not_disclosed,not_disclosed,not_disclosed,structural,structural
MPC,Marathon Petroleum,Energy,Oil & Gas Refining & Marketing,structural,structural,structural,structural,structural,structural,structural,structural,structural,structural,structural,structural,not_disclosed,structural,structural,structural,structural,structural,not_disclosed,structural,not_disclosed,not_disclosed,not_disclosed,not_disclosed,not_disclosed,structural,structural
MPWR,Monolithic Power Systems,Information Technology,Semiconductors,structural,structural,structural,structural,structural,structural,structural,not_disclosed,not_disclosed,not_disclosed,not_disclosed,structural,not_disclosed,structural,structural,structural,structural,structural,not_disclosed,structural,not_disclosed,not_disclosed,not_disclosed,not_disclosed,not_disclosed,structural,structural
MRK,Merck & Co.,Health Care,Pharmaceuticals,structural,structural,structural,structural,structural,structural,structural,structural,structural,structural,structural,structural,not_disclosed,structural,structural,not_disclosed,structural,structural,structural,structural,not_disclosed,not_disclosed,not_disclosed,not_disclosed,not_disclosed,structural,structural
MRNA,Moderna,Health Care,Biotechnology,structural,structural,structural,structural,structural,structural,structural,not_disclosed,not_disclosed,not_disclosed,not_disclosed,structural,not_disclosed,structural,structural,structural,structural,structural,structural,structural,structural,structural,quote_verified,quote_verified,quote_verified,structural,not_disclosed
MRSH,Marsh McLennan,Financials,Insurance Brokers,structural,structural,structural,structural,structural,structural,structural,not_disclosed,not_disclosed,not_disclosed,not_disclosed,not_disclosed,not_disclosed,structural,structural,structural,structural,structural,not_disclosed,structural,structural,structural,quote_verified,quote_verified,quote_verified,structural,structural
MRVL,Marvell Technology,Information Technology,Semiconductors,structural,structural,structural,structural,structural,structural,structural,not_disclosed,not_disclosed,not_disclosed,not_disclosed,structural,not_disclosed,structural,structural,not_disclosed,structural,structural,structural,structural,structural,quote_verified,quote_verified,quote_verified,quote_verified,structural,structural
MS,Morgan Stanley,Financials,Investment Banking & Brokerage,structural,structural,structural,structural,structural,structural,structural,structural,structural,not_disclosed,not_disclosed,not_disclosed,not_disclosed,structural,structural,structural,not_disclosed,not_disclosed,not_disclosed,structural,not_disclosed,not_disclosed,not_disclosed,not_disclosed,not_disclosed,not_disclosed,structural
MSCI,MSCI,Financials,Financial Exchanges & Data,structural,structural,structural,structural,structural,structural,structural,structural,structural,not_disclosed,not_disclosed,not_disclosed,not_disclosed,structural,structural,structural,structural,structural,structural,structural,structural,structural,quote_verified,quote_verified,quote_verified,structural,structural
MSFT,Microsoft,Information Technology,Systems Software,structural,structural,structural,structural,structural,structural,structural,structural,structural,not_disclosed,not_disclosed,structural,not_disclosed,structural,structural,not_disclosed,structural,structural,structural,structural,structural,structural,not_disclosed,not_disclosed,not_disclosed,structural,structural
MSI,Motorola Solutions,Information Technology,Communications Equipment,structural,structural,structural,structural,structural,structural,structural,structural,structural,not_disclosed,not_disclosed,structural,not_disclosed,structural,structural,structural,structural,structural,structural,structural,not_disclosed,not_disclosed,not_disclosed,not_disclosed,not_disclosed,structural,structural
MTB,M&T Bank,Financials,Regional Banks,structural,structural,structural,structural,structural,structural,structural,structural,structural,not_disclosed,not_disclosed,not_disclosed,not_disclosed,structural,structural,structural,structural,structural,not_disclosed,structural,not_disclosed,not_disclosed,not_disclosed,not_disclosed,not_disclosed,structural,structural
MTD,Mettler Toledo,Health Care,Life Sciences Tools & Services,structural,structural,structural,structural,structural,structural,structural,structural,structural,not_disclosed,not_disclosed,not_disclosed,not_disclosed,structural,structural,not_disclosed,structural,structural,structural,structural,structural,structural,not_disclosed,not_disclosed,not_disclosed,structural,not_disclosed
MU,Micron Technology,Information Technology,Semiconductors,structural,structural,structural,structural,structural,structural,structural,structural,structural,structural,structural,structural,not_disclosed,structural,structural,structural,structural,structural,structural,structural,not_disclosed,not_disclosed,not_disclosed,not_disclosed,not_disclosed,structural,structural
NCLH,Norwegian Cruise Line Holdings,Consumer Discretionary,"Hotels, Resorts & Cruise Lines",structural,structural,structural,structural,structural,structural,structural,structural,structural,not_disclosed,not_disclosed,structural,structural,structural,structural,structural,structural,structural,not_disclosed,structural,not_disclosed,not_disclosed,not_disclosed,not_disclosed,not_disclosed,not_disclosed,not_disclosed
NDAQ,"Nasdaq, Inc.",Financials,Financial Exchanges & Data,structural,structural,structural,structural,structural,structural,structural,structural,structural,not_disclosed,not_disclosed,structural,not_disclosed,structural,structural,structural,structural,structural,not_disclosed,structural,structural,structural,quote_verified,quote_verified,quote_verified,structural,structural
NDSN,Nordson Corporation,Industrials,Industrial Machinery & Supplies & Components,structural,structural,structural,structural,structural,structural,structural,structural,structural,not_disclosed,not_disclosed,structural,not_disclosed,structural,structural,structural,structural,structural,structural,structural,not_disclosed,not_disclosed,not_disclosed,not_disclosed,not_disclosed,structural,structural
NEE,NextEra Energy,Utilities,Multi-Utilities,structural,structural,structural,structural,structural,structural,structural,structural,structural,structural,structural,not_disclosed,not_disclosed,structural,structural,structural,not_disclosed,not_disclosed,not_disclosed,structural,not_disclosed,not_disclosed,not_disclosed,not_disclosed,not_disclosed,not_disclosed,structural
NEM,Newmont,Materials,Gold,structural,structural,structural,structural,structural,structural,structural,structural,structural,structural,structural,not_disclosed,not_disclosed,structural,structural,structural,structural,structural,structural,structural,structural,structural,quote_verified,quote_verified,quote_verified,structural,structural
NFLX,Netflix,Communication Services,Movies & Entertainment,structural,structural,structural,structural,structural,structural,structural,structural,structural,not_disclosed,not_disclosed,structural,not_disclosed,structural,structural,structural,structural,structural,structural,structural,structural,structural,quote_verified,quote_verified,quote_verified,structural,not_disclosed
NI,NiSource,Utilities,Multi-Utilities,structural,structural,structural,structural,structural,structural,structural,structural,structural,structural,structural,not_disclosed,not_disclosed,structural,structural,structural,structural,structural,not_disclosed,structural,not_disclosed,not_disclosed,not_disclosed,not_disclosed,not_disclosed,not_disclosed,structural
NKE,"Nike, Inc.",Consumer Discretionary,"Apparel, Accessories & Luxury Goods",structural,structural,structural,structural,structural,structural,structural,structural,structural,not_disclosed,not_disclosed,structural,not_disclosed,structural,structural,structural,structural,structural,not_disclosed,structural,structural,structural,quote_verified,quote_verified,quote_verified,structural,structural
NOC,Northrop Grumman,Industrials,Aerospace & Defense,structural,structural,structural,structural,structural,structural,structural,structural,structural,structural,structural,not_disclosed,not_disclosed,structural,structural,structural,structural,structural,structural,structural,not_disclosed,not_disclosed,not_disclosed,not_disclosed,not_disclosed,structural,structural
NOW,ServiceNow,Information Technology,Systems Software,structural,structural,structural,structural,structural,structural,structural,structural,structural,not_disclosed,not_disclosed,structural,not_disclosed,structural,structural,structural,structural,structural,structural,structural,structural,structural,quote_verified,quote_verified,quote_verified,structural,not_disclosed
NRG,NRG Energy,Utilities,Independent Power Producers & Energy Traders,structural,structural,structural,structural,structural,structural,structural,structural,structural,structural,structural,not_disclosed,not_disclosed,structural,structural,structural,structural,structural,not_disclosed,structural,structural,structural,not_disclosed,not_disclosed,not_disclosed,structural,structural
NSC,Norfolk Southern,Industrials,Rail Transportation,structural,structural,structural,structural,structural,structural,structural,structural,structural,not_disclosed,not_disclosed,not_disclosed,structural,structural,structural,structural,structural,structural,not_disclosed,structural,structural,structural,quote_verified,quote_verified,quote_verified,structural,structural
NTAP,NetApp,Information Technology,"Technology Hardware, Storage & Peripherals",structural,structural,structural,structural,structural,structural,structural,structural,structural,not_disclosed,not_disclosed,structural,not_disclosed,structural,structural,structural,structural,structural,structural,structural,structural,quote_verified,quote_verified,quote_verified,quote_verified,structural,structural
NTRS,Northern Trust,Financials,Asset Management & Custody Banks,structural,structural,structural,structural,structural,structural,structural,structural,structural,not_disclosed,not_disclosed,not_disclosed,not_disclosed,structural,structural,structural,structural,structural,not_disclosed,structural,structural,not_disclosed,not_disclosed,not_disclosed,not_disclosed,structural,structural
NUE,Nucor,Materials,Steel,structural,structural,structural,structural,structural,structural,structural,structural,structural,structural,structural,structural,not_disclosed,structural,structural,not_disclosed,structural,structural,not_disclosed,structural,not_disclosed,not_disclosed,not_disclosed,not_disclosed,not_disclosed,structural,structural
NVDA,Nvidia,Information Technology,Semiconductors,structural,structural,structural,structural,structural,structural,structural,structural,structural,not_disclosed,not_disclosed,structural,not_disclosed,structural,structural,structural,structural,structural,structural,structural,structural,quote_verified,quote_verified,quote_verified,quote_verified,structural,structural
NVR,"NVR, Inc.",Consumer Discretionary,Homebuilding,structural,structural,structural,structural,structural,structural,structural,structural,structural,not_disclosed,not_disclosed,not_disclosed,not_disclosed,structural,not_disclosed,not_disclosed,structural,structural,not_disclosed,structural,not_disclosed,not_disclosed,not_disclosed,not_disclosed,not_disclosed,structural,not_disclosed
NWS,News Corp (Class B),Communication Services,Publishing,structural,structural,structural,structural,structural,structural,structural,not_disclosed,not_disclosed,not_disclosed,not_disclosed,not_disclosed,not_disclosed,structural,structural,structural,structural,structural,not_disclosed,structural,structural,not_disclosed,not_disclosed,not_disclosed,not_disclosed,structural,structural
NXPI,NXP Semiconductors,Information Technology,Semiconductors,structural,structural,structural,structural,structural,structural,structural,structural,structural,not_disclosed,not_disclosed,structural,not_disclosed,structural,structural,structural,structural,structural,structural,structural,structural,structural,not_disclosed,not_disclosed,not_disclosed,structural,structural
O,Realty Income,Real Estate,Retail REITs,structural,structural,structural,structural,structural,structural,structural,structural,structural,not_disclosed,not_disclosed,not_disclosed,not_disclosed,structural,structural,structural,not_disclosed,not_disclosed,not_disclosed,structural,not_disclosed,not_disclosed,not_disclosed,not_disclosed,not_disclosed,not_disclosed,structural
ODFL,Old Dominion,Industrials,Cargo Ground Transportation,structural,structural,structural,structural,structural,structural,structural,not_disclosed,not_disclosed,not_disclosed,not_disclosed,not_disclosed,not_disclosed,structural,structural,structural,structural,structural,not_disclosed,structural,not_disclosed,not_disclosed,not_disclosed,not_disclosed,not_disclosed,structural,structural
OKE,Oneok,Energy,Oil & Gas Storage & Transportation,structural,structural,structural,structural,structural,structural,structural,structural,structural,structural,structural,structural,not_disclosed,structural,structural,structural,structural,structural,not_disclosed,structural,not_disclosed,not_disclosed,not_disclosed,not_disclosed,not_disclosed,structural,structural
OMC,Omnicom Group,Communication Services,Advertising,structural,structural,structural,structural,structural,structural,structural,structural,structural,not_disclosed,not_disclosed,structural,not_disclosed,structural,structural,structural,structural,structural,not_disclosed,structural,structural,structural,quote_verified,quote_verified,quote_verified,structural,structural
ON,ON Semiconductor,Information Technology,Semiconductors,structural,structural,structural,structural,structural,structural,structural,structural,structural,not_disclosed,not_disclosed,structural,not_disclosed,structural,structural,structural,structural,structural,not_disclosed,structural,not_disclosed,not_disclosed,not_disclosed,not_disclosed,not_disclosed,structural,not_disclosed
ORCL,Oracle Corporation,Information Technology,Application Software,structural,structural,structural,structural,structural,structural,structural,structural,structural,not_disclosed,not_disclosed,not_disclosed,not_disclosed,structural,structural,not_disclosed,structural,structural,structural,structural,not_disclosed,not_disclosed,not_disclosed,not_disclosed,not_disclosed,structural,structural
ORLY,O'Reilly Automotive,Consumer Discretionary,Automotive Retail,structural,structural,structural,structural,structural,structural,structural,structural,structural,not_disclosed,not_disclosed,structural,not_disclosed,structural,structural,structural,structural,structural,not_disclosed,structural,not_disclosed,not_disclosed,not_disclosed,not_disclosed,not_disclosed,structural,not_disclosed
OTIS,Otis Worldwide,Industrials,Industrial Machinery & Supplies & Components,structural,structural,structural,structural,structural,structural,structural,not_disclosed,not_disclosed,not_disclosed,not_disclosed,not_disclosed,not_disclosed,structural,structural,structural,structural,structural,structural,structural,structural,structural,quote_verified,quote_verified,quote_verified,structural,structural
OXY,Occidental Petroleum,Energy,Oil & Gas Exploration & Production,structural,structural,structural,structural,structural,structural,structural,structural,structural,structural,structural,structural,not_disclosed,structural,structural,structural,structural,structural,not_disclosed,structural,not_disclosed,not_disclosed,not_disclosed,not_disclosed,not_disclosed,structural,not_disclosed
PANW,Palo Alto Networks,Information Technology,Systems Software,structural,structural,structural,structural,structural,structural,structural,structural,structural,not_disclosed,not_disclosed,structural,not_disclosed,structural,structural,structural,structural,structural,structural,structural,structural,quote_verified,quote_verified,quote_verified,quote_verified,structural,not_disclosed
PAYX,Paychex,Industrials,Human Resource & Employment Services,structural,structural,structural,structural,structural,structural,structural,structural,structural,not_disclosed,not_disclosed,structural,not_disclosed,structural,structural,structural,structural,structural,not_disclosed,structural,not_disclosed,not_disclosed,not_disclosed,not_disclosed,not_disclosed,structural,structural
PCAR,Paccar,Industrials,Construction Machinery & Heavy Transportation Equipment,structural,structural,structural,structural,structural,structural,structural,structural,structural,not_disclosed,not_disclosed,structural,not_disclosed,structural,structural,structural,structural,structural,structural,structural,structural,structural,quote_verified,quote_verified,quote_verified,structural,structural
PCG,PG&E Corporation,Utilities,Multi-Utilities,structural,structural,structural,structural,structural,structural,structural,structural,structural,structural,structural,not_disclosed,not_disclosed,structural,structural,not_disclosed,structural,structural,not_disclosed,structural,structural,not_disclosed,not_disclosed,not_disclosed,not_disclosed,not_disclosed,structural
PEG,Public Service Enterprise Group,Utilities,Electric Utilities,structural,structural,structural,structural,structural,structural,structural,structural,structural,structural,structural,not_disclosed,not_disclosed,structural,structural,not_disclosed,structural,structural,not_disclosed,structural,not_disclosed,not_disclosed,not_disclosed,not_disclosed,not_disclosed,structural,structural
PEP,PepsiCo,Consumer Staples,Soft Drinks & Non-alcoholic Beverages,structural,structural,structural,structural,structural,structural,structural,structural,structural,structural,structural,structural,not_disclosed,structural,structural,structural,structural,structural,structural,structural,structural,structural,quote_verified,quote_verified,quote_verified,structural,structural
PFE,Pfizer,Health Care,Pharmaceuticals,structural,structural,structural,structural,structural,structural,structural,structural,structural,structural,structural,structural,not_disclosed,structural,structural,structural,structural,structural,not_disclosed,structural,structural,structural,quote_verified,quote_verified,quote_verified,structural,not_disclosed
PFG,Principal Financial Group,Financials,Life & Health Insurance,structural,structural,structural,structural,structural,structural,structural,structural,structural,not_disclosed,not_disclosed,not_disclosed,not_disclosed,structural,not_disclosed,not_disclosed,not_disclosed,not_disclosed,not_disclosed,structural,structural,not_disclosed,not_disclosed,not_disclosed,not_disclosed,structural,structural
PG,Procter & Gamble,Consumer Staples,Personal Care Products,structural,structural,structural,structural,structural,structural,structural,structural,structural,structural,structural,structural,not_disclosed,structural,structural,structural,structural,structural,structural,structural,structural,quote_verified,quote_verified,quote_verified,quote_verified,structural,structural
PGR,Progressive Corporation,Financials,Property & Casualty Insurance,structural,structural,structural,structural,structural,structural,structural,structural,structural,not_disclosed,not_disclosed,not_disclosed,not_disclosed,structural,structural,not_disclosed,structural,structural,not_disclosed,structural,not_disclosed,not_disclosed,not_disclosed,not_disclosed,not_disclosed,not_disclosed,structural
PH,Parker Hannifin,Industrials,Industrial Machinery & Supplies & Components,structural,structural,structural,structural,structural,structural,structural,structural,structural,not_disclosed,not_disclosed,structural,not_disclosed,structural,structural,not_disclosed,structural,structural,structural,structural,structural,quote_verified,quote_verified,quote_verified,quote_verified,structural,structural
PHM,PulteGroup,Consumer Discretionary,Homebuilding,structural,structural,structural,structural,structural,structural,structural,structural,structural,not_disclosed,not_disclosed,not_disclosed,not_disclosed,structural,not_disclosed,not_disclosed,structural,structural,not_disclosed,structural,not_disclosed,not_disclosed,not_disclosed,not_disclosed,not_disclosed,structural,structural
PKG,Packaging Corporation of America,Materials,Paper & Plastic Packaging Products & Materials,structural,structural,structural,structural,structural,structural,structural,structural,structural,structural,structural,structural,not_disclosed,structural,structural,structural,structural,structural,not_disclosed,structural,not_disclosed,not_disclosed,not_disclosed,not_disclosed,not_disclosed,structural,structural
PLD,Prologis,Real Estate,Industrial REITs,structural,structural,structural,structural,structural,structural,structural,structural,structural,not_disclosed,not_disclosed,not_disclosed,not_disclosed,structural,structural,structural,not_disclosed,not_disclosed,not_disclosed,structural,structural,structural,quote_verified,quote_verified,quote_verified,not_disclosed,structural
PLTR,Palantir Technologies,Information Technology,Application Software,structural,structural,structural,structural,structural,structural,structural,not_disclosed,not_disclosed,not_disclosed,not_disclosed,structural,not_disclosed,structural,structural,structural,structural,structural,structural,structural,structural,not_disclosed,not_disclosed,not_disclosed,not_disclosed,structural,not_disclosed
PM,Philip Morris International,Consumer Staples,Tobacco,structural,structural,structural,structural,structural,structural,structural,structural,structural,not_disclosed,not_disclosed,structural,not_disclosed,structural,structural,structural,structural,structural,structural,structural,structural,structural,quote_verified,quote_verified,quote_verified,structural,structural
PNC,PNC Financial Services,Financials,Diversified Banks,structural,structural,structural,structural,structural,structural,structural,structural,structural,not_disclosed,not_disclosed,not_disclosed,not_disclosed,structural,structural,structural,not_disclosed,not_disclosed,not_disclosed,structural,not_disclosed,not_disclosed,not_disclosed,not_disclosed,not_disclosed,structural,structural
PNR,Pentair,Industrials,Industrial Machinery & Supplies & Components,structural,structural,structural,structural,structural,structural,structural,structural,structural,not_disclosed,not_disclosed,structural,not_disclosed,structural,structural,not_disclosed,structural,structural,structural,structural,not_disclosed,not_disclosed,not_disclosed,not_disclosed,not_disclosed,structural,structural
PNW,Pinnacle West Capital,Utilities,Multi-Utilities,structural,structural,structural,structural,structural,structural,structural,structural,structural,structural,structural,not_disclosed,not_disclosed,structural,structural,structural,structural,structural,not_disclosed,structural,not_disclosed,not_disclosed,not_disclosed,not_disclosed,not_disclosed,structural,structural
PODD,Insulet Corporation,Health Care,Health Care Equipment,structural,structural,structural,structural,structural,structural,structural,not_disclosed,not_disclosed,not_disclosed,not_disclosed,structural,not_disclosed,structural,structural,structural,structural,structural,structural,structural,not_disclosed,not_disclosed,not_disclosed,not_disclosed,not_disclosed,structural,not_disclosed
PPG,PPG Industries,Materials,Specialty Chemicals,structural,structural,structural,structural,structural,structural,structural,structural,structural,structural,structural,structural,not_disclosed,structural,structural,structural,structural,structural,structural,structural,structural,structural,quote_verified,quote_verified,quote_verified,structural,structural
PPL,PPL Corporation,Utilities,Electric Utilities,structural,structural,structural,structural,structural,structural,structural,structural,structural,structural,structural,not_disclosed,structural,structural,structural,not_disclosed,structural,structural,not_disclosed,structural,not_disclosed,not_disclosed,not_disclosed,not_disclosed,not_disclosed,structural,structural
PRU,Prudential Financial,Financials,Life & Health Insurance,structural,structural,structural,structural,structural,structural,structural,structural,structural,not_disclosed,not_disclosed,not_disclosed,not_disclosed,structural,not_disclosed,not_disclosed,not_disclosed,not_disclosed,not_disclosed,structural,not_disclosed,not_disclosed,not_disclosed,not_disclosed,not_disclosed,structural,structural
PSA,Public Storage,Real Estate,Self-Storage REITs,structural,structural,structural,structural,structural,structural,structural,structural,structural,not_disclosed,not_disclosed,not_disclosed,not_disclosed,structural,structural,structural,not_disclosed,not_disclosed,not_disclosed,structural,not_disclosed,not_disclosed,not_disclosed,not_disclosed,not_disclosed,structural,not_disclosed
PSKY,Paramount Skydance Corporation,Communication Services,Movies & Entertainment,structural,structural,structural,structural,structural,structural,structural,not_disclosed,not_disclosed,not_disclosed,not_disclosed,not_disclosed,not_disclosed,structural,structural,structural,structural,structural,not_disclosed,structural,not_disclosed,not_disclosed,not_disclosed,not_disclosed,not_disclosed,not_disclosed,structural
PSX,Phillips 66,Energy,Oil & Gas Refining & Marketing,structural,structural,structural,structural,structural,structural,structural,structural,structural,structural,structural,structural,not_disclosed,structural,not_disclosed,not_disclosed,not_disclosed,not_disclosed,structural,structural,not_disclosed,not_disclosed,not_disclosed,not_disclosed,not_disclosed,structural,structural
PTC,PTC Inc.,Information Technology,Application Software,structural,structural,structural,structural,structural,structural,structural,structural,structural,not_disclosed,not_disclosed,structural,not_disclosed,structural,structural,structural,structural,structural,structural,structural,structural,quote_verified,quote_verified,quote_verified,quote_verified,structural,not_disclosed
PWR,Quanta Services,Industrials,Construction & Engineering,structural,structural,structural,structural,structural,structural,structural,structural,structural,not_disclosed,not_disclosed,structural,not_disclosed,structural,structural,not_disclosed,structural,structural,not_disclosed,structural,not_disclosed,not_disclosed,not_disclosed,not_disclosed,not_disclosed,structural,structural
PYPL,PayPal,Financials,Transaction & Payment Processing Services,structural,structural,structural,structural,structural,structural,structural,structural,structural,not_disclosed,not_disclosed,not_disclosed,not_disclosed,structural,structural,structural,structural,structural,not_disclosed,structural,structural,structural,quote_verified,quote_verified,quote_verified,structural,structural
Q,Qnity Electronics,Information Technology,Semiconductor Materials & Equipment,structural,structural,structural,structural,structural,structural,structural,not_disclosed,not_disclosed,not_disclosed,not_disclosed,structural,not_disclosed,structural,structural,structural,structural,structural,structural,structural,not_disclosed,not_disclosed,not_disclosed,not_disclosed,not_disclosed,not_disclosed,structural
QCOM,Qualcomm,Information Technology,Semiconductors,structural,structural,structural,structural,structural,structural,structural,structural,structural,structural,structural,structural,not_disclosed,structural,structural,structural,structural,structural,structural,structural,structural,quote_verified,quote_verified,quote_verified,quote_verified,structural,not_disclosed
RCL,Royal Caribbean Group,Consumer Discretionary,"Hotels, Resorts & Cruise Lines",structural,structural,structural,structural,structural,structural,structural,structural,structural,not_disclosed,not_disclosed,structural,not_disclosed,structural,structural,structural,structural,structural,not_disclosed,structural,not_disclosed,not_disclosed,not_disclosed,not_disclosed,not_disclosed,structural,structural
RDDT,Reddit,Communication Services,Interactive Media & Services,structural,structural,structural,structural,structural,structural,structural,not_disclosed,not_disclosed,not_disclosed,not_disclosed,structural,not_disclosed,structural,structural,structural,structural,structural,structural,structural,not_disclosed,not_disclosed,not_disclosed,not_disclosed,not_disclosed,not_disclosed,not_disclosed
REG,Regency Centers,Real Estate,Retail REITs,structural,structural,structural,structural,structural,structural,structural,structural,structural,not_disclosed,not_disclosed,not_disclosed,not_disclosed,structural,structural,structural,not_disclosed,not_disclosed,not_disclosed,structural,structural,structural,not_disclosed,not_disclosed,not_disclosed,structural,structural
REGN,Regeneron Pharmaceuticals,Health Care,Biotechnology,structural,structural,structural,structural,structural,structural,structural,structural,structural,not_disclosed,not_disclosed,not_disclosed,not_disclosed,structural,structural,structural,structural,structural,structural,structural,not_disclosed,not_disclosed,not_disclosed,not_disclosed,not_disclosed,structural,structural
RF,Regions Financial Corporation,Financials,Regional Banks,structural,structural,structural,structural,structural,structural,structural,structural,structural,not_disclosed,not_disclosed,not_disclosed,not_disclosed,structural,structural,structural,not_disclosed,not_disclosed,not_disclosed,structural,not_disclosed,not_disclosed,not_disclosed,not_disclosed,not_disclosed,structural,structural
RJF,Raymond James Financial,Financials,Investment Banking & Brokerage,structural,structural,structural,structural,structural,structural,structural,structural,structural,not_disclosed,not_disclosed,not_disclosed,not_disclosed,structural,structural,structural,structural,structural,not_disclosed,structural,not_disclosed,not_disclosed,not_disclosed,not_disclosed,not_disclosed,not_disclosed,not_disclosed
RL,Ralph Lauren Corporation,Consumer Discretionary,"Apparel, Accessories & Luxury Goods",structural,structural,structural,structural,structural,structural,structural,structural,structural,not_disclosed,not_disclosed,structural,not_disclosed,structural,structural,structural,structural,structural,not_disclosed,structural,structural,not_disclosed,not_disclosed,quote_verified,quote_verified,structural,structural
RMD,ResMed|,Health Care,Health Care Equipment,structural,structural,structural,structural,structural,structural,structural,structural,structural,not_disclosed,not_disclosed,structural,not_disclosed,structural,structural,structural,structural,structural,structural,structural,structural,not_disclosed,not_disclosed,not_disclosed,not_disclosed,structural,structural
ROK,Rockwell Automation,Industrials,Electrical Components & Equipment,structural,structural,structural,structural,structural,structural,structural,structural,structural,not_disclosed,not_disclosed,structural,not_disclosed,structural,structural,structural,structural,structural,structural,structural,structural,quote_verified,quote_verified,quote_verified,quote_verified,structural,structural
ROL,"Rollins, Inc.",Industrials,Environmental & Facilities Services,structural,structural,structural,structural,structural,structural,structural,structural,structural,not_disclosed,not_disclosed,not_disclosed,not_disclosed,structural,structural,structural,structural,structural,not_disclosed,structural,not_disclosed,not_disclosed,not_disclosed,not_disclosed,not_disclosed,structural,structural
ROP,Roper Technologies,Information Technology,Electronic Equipment & Instruments,structural,structural,structural,structural,structural,structural,structural,structural,structural,not_disclosed,not_disclosed,structural,not_disclosed,structural,structural,structural,not_disclosed,not_disclosed,structural,structural,structural,not_disclosed,not_disclosed,not_disclosed,not_disclosed,structural,structural
ROST,Ross Stores,Consumer Discretionary,Apparel Retail,structural,structural,structural,structural,structural,structural,structural,structural,structural,not_disclosed,not_disclosed,structural,not_disclosed,structural,structural,structural,structural,structural,not_disclosed,structural,not_disclosed,not_disclosed,not_disclosed,not_disclosed,not_disclosed,structural,structural
RSG,Republic Services,Industrials,Environmental & Facilities Services,structural,structural,structural,structural,structural,structural,structural,structural,structural,structural,structural,structural,not_disclosed,structural,structural,structural,structural,structural,not_disclosed,structural,structural,structural,not_disclosed,not_disclosed,not_disclosed,structural,structural
RTX,RTX Corporation,Industrials,Aerospace & Defense,structural,structural,structural,structural,structural,structural,structural,not_disclosed,not_disclosed,structural,structural,not_disclosed,not_disclosed,structural,structural,structural,structural,structural,structural,structural,not_disclosed,not_disclosed,not_disclosed,not_disclosed,not_disclosed,structural,structural
RVTY,Revvity,Health Care,Health Care Equipment,structural,structural,structural,structural,structural,structural,structural,structural,structural,not_disclosed,not_disclosed,not_disclosed,not_disclosed,structural,structural,structural,structural,structural,structural,structural,structural,not_disclosed,not_disclosed,not_disclosed,not_disclosed,structural,structural
SBAC,SBA Communications,Real Estate,Telecom Tower REITs,structural,structural,structural,structural,structural,structural,structural,structural,structural,not_disclosed,not_disclosed,structural,not_disclosed,structural,structural,structural,structural,structural,not_disclosed,structural,structural,quote_verified,quote_verified,quote_verified,quote_verified,structural,structural
SBUX,Starbucks,Consumer Discretionary,Restaurants,structural,structural,structural,structural,structural,structural,structural,structural,structural,not_disclosed,not_disclosed,not_disclosed,not_disclosed,structural,structural,structural,structural,structural,not_disclosed,structural,structural,not_disclosed,not_disclosed,not_disclosed,not_disclosed,structural,structural
SCHW,Charles Schwab Corporation,Financials,Investment Banking & Brokerage,structural,structural,structural,structural,structural,structural,structural,structural,structural,not_disclosed,not_disclosed,not_disclosed,not_disclosed,structural,structural,structural,structural,structural,not_disclosed,structural,not_disclosed,not_disclosed,not_disclosed,not_disclosed,not_disclosed,structural,structural
SHW,Sherwin-Williams,Materials,Specialty Chemicals,structural,structural,structural,structural,structural,structural,structural,structural,structural,not_disclosed,not_disclosed,structural,not_disclosed,structural,structural,not_disclosed,structural,structural,not_disclosed,structural,not_disclosed,not_disclosed,not_disclosed,not_disclosed,not_disclosed,not_disclosed,structural
SJM,J.M. Smucker Company (The),Consumer Staples,Packaged Foods & Meats,structural,structural,structural,structural,structural,structural,structural,structural,structural,not_disclosed,not_disclosed,structural,not_disclosed,structural,structural,not_disclosed,structural,structural,not_disclosed,structural,structural,structural,quote_verified,quote_verified,quote_verified,structural,structural
SLB,Schlumberger,Energy,Oil & Gas Equipment & Services,structural,structural,structural,structural,structural,structural,structural,structural,structural,not_disclosed,not_disclosed,not_disclosed,not_disclosed,structural,structural,structural,structural,structural,structural,structural,not_disclosed,not_disclosed,not_disclosed,not_disclosed,not_disclosed,not_disclosed,structural
SMCI,Supermicro,Information Technology,"Technology Hardware, Storage & Peripherals",structural,structural,structural,structural,structural,structural,structural,not_disclosed,not_disclosed,not_disclosed,not_disclosed,structural,not_disclosed,structural,structural,structural,structural,structural,structural,structural,not_disclosed,not_disclosed,not_disclosed,not_disclosed,not_disclosed,not_disclosed,not_disclosed
SNA,Snap-on,Industrials,Industrial Machinery & Supplies & Components,structural,structural,structural,structural,structural,structural,structural,structural,structural,not_disclosed,not_disclosed,not_disclosed,not_disclosed,structural,structural,structural,not_disclosed,not_disclosed,structural,structural,not_disclosed,not_disclosed,not_disclosed,not_disclosed,not_disclosed,structural,structural
SNDK,Sandisk,Information Technology,"Technology Hardware, Storage & Peripherals",structural,structural,structural,structural,structural,structural,structural,not_disclosed,not_disclosed,not_disclosed,not_disclosed,structural,not_disclosed,structural,structural,structural,structural,structural,structural,structural,structural,not_disclosed,not_disclosed,not_disclosed,not_disclosed,not_disclosed,not_disclosed
SNPS,Synopsys,Information Technology,Application Software,structural,structural,structural,structural,structural,structural,structural,structural,structural,not_disclosed,not_disclosed,structural,not_disclosed,structural,structural,structural,structural,structural,structural,structural,structural,structural,quote_verified,quote_verified,quote_verified,structural,not_disclosed
SO,Southern Company,Utilities,Electric Utilities,structural,structural,structural,structural,structural,structural,structural,structural,structural,structural,structural,not_disclosed,not_disclosed,structural,structural,structural,structural,structural,not_disclosed,structural,not_disclosed,not_disclosed,not_disclosed,not_disclosed,not_disclosed,not_disclosed,structural
SOLV,Solventum,Health Care,Health Care Technology,structural,structural,structural,structural,structural,structural,structural,not_disclosed,not_disclosed,not_disclosed,not_disclosed,not_disclosed,not_disclosed,structural,structural,structural,structural,structural,structural,structural,structural,not_disclosed,not_disclosed,not_disclosed,not_disclosed,not_disclosed,not_disclosed
SPG,Simon Property Group,Real Estate,Retail REITs,structural,structural,structural,structural,structural,structural,structural,structural,structural,not_disclosed,not_disclosed,not_disclosed,not_disclosed,structural,structural,structural,structural,structural,not_disclosed,structural,structural,structural,quote_verified,quote_verified,quote_verified,structural,not_disclosed
SPGI,S&P Global,Financials,Financial Exchanges & Data,structural,structural,structural,structural,structural,structural,structural,structural,structural,not_disclosed,not_disclosed,structural,not_disclosed,structural,structural,structural,structural,structural,not_disclosed,structural,structural,structural,quote_verified,quote_verified,quote_verified,structural,structural
SRE,Sempra,Utilities,Multi-Utilities,structural,structural,structural,structural,structural,structural,structural,structural,structural,not_disclosed,not_disclosed,not_disclosed,not_disclosed,structural,structural,structural,structural,structural,not_disclosed,structural,not_disclosed,not_disclosed,not_disclosed,not_disclosed,not_disclosed,structural,structural
STE,Steris,Health Care,Health Care Equipment,structural,structural,structural,structural,structural,structural,structural,not_disclosed,not_disclosed,not_disclosed,not_disclosed,structural,not_disclosed,structural,structural,structural,structural,structural,structural,structural,structural,not_disclosed,not_disclosed,not_disclosed,not_disclosed,structural,structural
STLD,Steel Dynamics,Materials,Steel,structural,structural,structural,structural,structural,structural,structural,structural,structural,structural,structural,structural,not_disclosed,structural,structural,structural,structural,structural,not_disclosed,structural,not_disclosed,not_disclosed,not_disclosed,not_disclosed,not_disclosed,structural,structural
STT,State Street Corporation,Financials,Asset Management & Custody Banks,structural,structural,structural,structural,structural,structural,structural,structural,structural,not_disclosed,not_disclosed,not_disclosed,not_disclosed,structural,structural,not_disclosed,structural,structural,not_disclosed,structural,not_disclosed,not_disclosed,not_disclosed,not_disclosed,not_disclosed,structural,structural
STX,Seagate Technology,Information Technology,"Technology Hardware, Storage & Peripherals",structural,structural,structural,structural,structural,structural,structural,structural,structural,not_disclosed,not_disclosed,structural,not_disclosed,structural,structural,structural,structural,structural,structural,structural,structural,not_disclosed,not_disclosed,not_disclosed,not_disclosed,structural,structural
STZ,Constellation Brands,Consumer Staples,Distillers & Vintners,structural,structural,structural,structural,structural,structural,structural,structural,structural,not_disclosed,not_disclosed,structural,not_disclosed,structural,structural,structural,structural,structural,not_disclosed,structural,not_disclosed,not_disclosed,not_disclosed,not_disclosed,not_disclosed,structural,structural
SW,Smurfit Westrock,Materials,Paper & Plastic Packaging Products & Materials,structural,structural,structural,structural,structural,structural,structural,not_disclosed,not_disclosed,not_disclosed,not_disclosed,structural,not_disclosed,structural,structural,structural,structural,structural,not_disclosed,structural,not_disclosed,not_disclosed,not_disclosed,not_disclosed,not_disclosed,structural,structural
SWK,Stanley Black & Decker,Industrials,Industrial Machinery & Supplies & Components,structural,structural,structural,structural,structural,structural,structural,structural,structural,not_disclosed,not_disclosed,structural,not_disclosed,structural,structural,structural,structural,structural,structural,structural,structural,structural,quote_verified,quote_verified,quote_verified,structural,structural
SWKS,Skyworks Solutions,Information Technology,Semiconductors,structural,structural,structural,structural,structural,structural,structural,structural,structural,structural,structural,structural,not_disclosed,structural,structural,not_disclosed,structural,structural,structural,structural,not_disclosed,not_disclosed,not_disclosed,not_disclosed,not_disclosed,structural,structural
SYF,Synchrony Financial,Financials,Consumer Finance,structural,structural,structural,structural,structural,structural,structural,structural,structural,not_disclosed,not_disclosed,not_disclosed,not_disclosed,not_disclosed,structural,structural,not_disclosed,not_disclosed,not_disclosed,structural,not_disclosed,not_disclosed,not_disclosed,not_disclosed,not_disclosed,structural,structural
SYK,Stryker Corporation,Health Care,Health Care Equipment,structural,structural,structural,structural,structural,structural,structural,structural,structural,not_disclosed,not_disclosed,structural,not_disclosed,structural,structural,structural,structural,structural,structural,structural,structural,not_disclosed,not_disclosed,not_disclosed,not_disclosed,not_disclosed,structural
SYY,Sysco,Consumer Staples,Food Distributors,structural,structural,structural,structural,structural,structural,structural,structural,structural,not_disclosed,not_disclosed,structural,not_disclosed,structural,structural,structural,structural,structural,not_disclosed,structural,structural,structural,quote_verified,quote_verified,quote_verified,structural,structural
T,AT&T,Communication Services,Integrated Telecommunication Services,structural,structural,structural,structural,structural,structural,structural,structural,structural,not_disclosed,not_disclosed,not_disclosed,not_disclosed,structural,structural,structural,structural,structural,not_disclosed,structural,structural,structural,not_disclosed,not_disclosed,not_disclosed,structural,structural
TAP,Molson Coors Beverage Company,Consumer Staples,Brewers,structural,structural,structural,structural,structural,structural,structural,structural,structural,structural,structural,structural,not_disclosed,structural,structural,structural,structural,structural,not_disclosed,structural,not_disclosed,not_disclosed,not_disclosed,not_disclosed,not_disclosed,structural,structural
TDG,TransDigm Group,Industrials,Aerospace & Defense,structural,structural,structural,structural,structural,structural,structural,structural,structural,not_disclosed,not_disclosed,structural,not_disclosed,structural,structural,structural,structural,structural,structural,structural,not_disclosed,not_disclosed,not_disclosed,not_disclosed,not_disclosed,structural,structural
TDY,Teledyne Technologies,Information Technology,Electronic Equipment & Instruments,structural,structural,structural,structural,structural,structural,structural,not_disclosed,not_disclosed,not_disclosed,not_disclosed,structural,not_disclosed,structural,structural,structural,structural,structural,structural,structural,not_disclosed,not_disclosed,not_disclosed,not_disclosed,not_disclosed,structural,not_disclosed
TECH,Bio-Techne,Health Care,Life Sciences Tools & Services,structural,structural,structural,structural,structural,structural,structural,not_disclosed,not_disclosed,not_disclosed,not_disclosed,structural,not_disclosed,structural,structural,structural,structural,structural,not_disclosed,structural,structural,quote_verified,quote_verified,quote_verified,quote_verified,structural,structural
TEL,TE Connectivity,Information Technology,Electronic Manufacturing Services,structural,structural,structural,structural,structural,structural,structural,structural,structural,not_disclosed,not_disclosed,structural,not_disclosed,structural,structural,structural,structural,structural,structural,structural,structural,structural,not_disclosed,not_disclosed,not_disclosed,structural,structural
TER,Teradyne,Information Technology,Semiconductor Materials & Equipment,structural,structural,structural,structural,structural,structural,structural,structural,structural,not_disclosed,not_disclosed,structural,not_disclosed,structural,structural,structural,structural,structural,not_disclosed,structural,structural,structural,quote_verified,quote_verified,quote_verified,structural,structural
TFC,Truist Financial,Financials,Diversified Banks,structural,structural,structural,structural,structural,structural,structural,not_disclosed,not_disclosed,not_disclosed,not_disclosed,not_disclosed,not_disclosed,structural,structural,not_disclosed,not_disclosed,not_disclosed,not_disclosed,structural,not_disclosed,not_disclosed,not_disclosed,not_disclosed,not_disclosed,structural,structural
TGT,Target Corporation,Consumer Staples,Consumer Staples Merchandise Retail,structural,structural,structural,structural,structural,structural,structural,structural,structural,not_disclosed,not_disclosed,structural,not_disclosed,structural,structural,structural,structural,structural,not_disclosed,structural,structural,structural,not_disclosed,not_disclosed,not_disclosed,structural,structural
TJX,TJX Companies,Consumer Discretionary,Apparel Retail,structural,structural,structural,structural,structural,structural,structural,structural,structural,not_disclosed,not_disclosed,structural,not_disclosed,structural,structural,structural,structural,structural,not_disclosed,structural,not_disclosed,not_disclosed,not_disclosed,not_disclosed,not_disclosed,structural,structural
TKO,TKO Group Holdings,Communication Services,Movies & Entertainment,structural,structural,structural,structural,structural,structural,structural,not_disclosed,not_disclosed,not_disclosed,not_disclosed,not_disclosed,not_disclosed,structural,structural,structural,not_disclosed,not_disclosed,not_disclosed,structural,not_disclosed,not_disclosed,not_disclosed,not_disclosed,not_disclosed,structural,not_disclosed
TMO,Thermo Fisher Scientific,Health Care,Life Sciences Tools & Services,structural,structural,structural,structural,structural,structural,structural,structural,structural,structural,structural,not_disclosed,not_disclosed,structural,structural,not_disclosed,structural,structural,structural,structural,structural,structural,quote_verified,quote_verified,quote_verified,structural,structural
TMUS,T-Mobile US,Communication Services,Wireless Telecommunication Services,structural,structural,structural,structural,structural,structural,structural,structural,structural,not_disclosed,not_disclosed,not_disclosed,not_disclosed,structural,structural,structural,structural,structural,not_disclosed,structural,structural,structural,not_disclosed,not_disclosed,not_disclosed,structural,structural
TPL,Texas Pacific Land Corporation,Energy,Oil & Gas Exploration & Production,structural,structural,structural,structural,structural,structural,structural,not_disclosed,not_disclosed,not_disclosed,not_disclosed,not_disclosed,not_disclosed,structural,structural,structural,not_disclosed,not_disclosed,not_disclosed,structural,not_disclosed,not_disclosed,not_disclosed,not_disclosed,not_disclosed,structural,structural
TPR,"Tapestry, Inc.",Consumer Discretionary,"Apparel, Accessories & Luxury Goods",structural,structural,structural,structural,structural,structural,structural,structural,structural,not_disclosed,not_disclosed,structural,not_disclosed,structural,structural,structural,structural,structural,not_disclosed,structural,structural,quote_verified,quote_verified,quote_verified,quote_verified,structural,structural
TRGP,Targa Resources,Energy,Oil & Gas Storage & Transportation,structural,structural,structural,structural,structural,structural,structural,structural,structural,structural,structural,structural,not_disclosed,structural,structural,structural,structural,structural,not_disclosed,structural,not_disclosed,not_disclosed,not_disclosed,not_disclosed,not_disclosed,not_disclosed,not_disclosed
TRMB,Trimble Inc.,Information Technology,Application Software,structural,structural,structural,structural,structural,structural,structural,structural,structural,not_disclosed,not_disclosed,structural,not_disclosed,structural,structural,structural,structural,structural,structural,structural,structural,structural,quote_verified,quote_verified,quote_verified,structural,not_disclosed
TROW,T. Rowe Price,Financials,Asset Management & Custody Banks,structural,structural,structural,structural,structural,structural,structural,structural,structural,not_disclosed,not_disclosed,not_disclosed,not_disclosed,structural,structural,not_disclosed,structural,structural,not_disclosed,structural,not_disclosed,not_disclosed,not_disclosed,not_disclosed,not_disclosed,structural,structural
TRV,Travelers Companies (The),Financials,Property & Casualty Insurance,structural,structural,structural,structural,structural,structural,structural,structural,structural,not_disclosed,not_disclosed,not_disclosed,not_disclosed,structural,structural,structural,not_disclosed,not_disclosed,not_disclosed,structural,not_disclosed,not_disclosed,not_disclosed,not_disclosed,not_disclosed,structural,structural
TSCO,Tractor Supply,Consumer Discretionary,Other Specialty Retail,structural,structural,structural,structural,structural,structural,structural,structural,structural,not_disclosed,not_disclosed,structural,not_disclosed,structural,structural,structural,structural,structural,not_disclosed,structural,structural,not_disclosed,not_disclosed,not_disclosed,not_disclosed,structural,structural
TSLA,"Tesla, Inc.",Consumer Discretionary,Automobile Manufacturers,structural,structural,structural,structural,structural,structural,structural,structural,structural,structural,structural,structural,not_disclosed,structural,structural,not_disclosed,structural,structural,structural,structural,structural,not_disclosed,not_disclosed,not_disclosed,not_disclosed,not_disclosed,not_disclosed
TSN,Tyson Foods,Consumer Staples,Packaged Foods & Meats,structural,structural,structural,structural,structural,structural,structural,structural,structural,structural,structural,structural,not_disclosed,structural,structural,structural,structural,structural,structural,structural,structural,structural,not_disclosed,quote_verified,quote_verified,not_disclosed,structural
TT,Trane Technologies,Industrials,Building Products,structural,structural,structural,structural,structural,structural,structural,structural,structural,not_disclosed,not_disclosed,not_disclosed,not_disclosed,structural,structural,structural,structural,structural,structural,structural,structural,structural,not_disclosed,not_disclosed,not_disclosed,structural,structural
TTD,Trade Desk (The),Communication Services,Advertising,structural,structural,structural,structural,structural,structural,structural,not_disclosed,not_disclosed,not_disclosed,not_disclosed,structural,not_disclosed,structural,structural,structural,structural,structural,structural,structural,not_disclosed,not_disclosed,not_disclosed,not_disclosed,not_disclosed,structural,not_disclosed
TTWO,Take-Two Interactive,Communication Services,Interactive Home Entertainment,structural,structural,structural,structural,structural,structural,structural,not_disclosed,not_disclosed,not_disclosed,not_disclosed,structural,not_disclosed,structural,structural,structural,structural,structural,not_disclosed,structural,not_disclosed,not_disclosed,not_disclosed,not_disclosed,not_disclosed,structural,not_disclosed
TXN,Texas Instruments,Information Technology,Semiconductors,structural,structural,structural,structural,structural,structural,structural,structural,structural,structural,structural,structural,not_disclosed,structural,structural,not_disclosed,structural,structural,structural,structural,structural,structural,quote_verified,quote_verified,quote_verified,structural,structural
TXT,Textron,Industrials,Aerospace & Defense,structural,structural,structural,structural,structural,structural,structural,structural,structural,structural,structural,not_disclosed,not_disclosed,structural,structural,structural,structural,structural,structural,structural,not_disclosed,not_disclosed,not_disclosed,not_disclosed,not_disclosed,structural,structural
TYL,Tyler Technologies,Information Technology,Application Software,structural,structural,structural,structural,structural,structural,structural,not_disclosed,not_disclosed,not_disclosed,not_disclosed,structural,not_disclosed,structural,structural,structural,structural,structural,not_disclosed,structural,not_disclosed,not_disclosed,not_disclosed,not_disclosed,not_disclosed,structural,not_disclosed
UAL,United Airlines Holdings,Industrials,Passenger Airlines,structural,structural,structural,structural,structural,structural,structural,structural,structural,not_disclosed,not_disclosed,not_disclosed,structural,structural,structural,structural,structural,structural,not_disclosed,structural,structural,structural,not_disclosed,not_disclosed,not_disclosed,structural,not_disclosed
UBER,Uber,Industrials,Passenger Ground Transportation,structural,structural,structural,structural,structural,structural,structural,not_disclosed,not_disclosed,not_disclosed,not_disclosed,not_disclosed,not_disclosed,structural,structural,structural,structural,structural,structural,structural,not_disclosed,not_disclosed,not_disclosed,not_disclosed,not_disclosed,structural,not_disclosed
UDR,"UDR, Inc.",Real Estate,Multi-Family Residential REITs,structural,structural,structural,structural,structural,structural,structural,structural,structural,not_disclosed,not_disclosed,not_disclosed,not_disclosed,structural,structural,structural,not_disclosed,not_disclosed,not_disclosed,structural,structural,not_disclosed,not_disclosed,not_disclosed,not_disclosed,structural,structural
UHS,Universal Health Services,Health Care,Health Care Facilities,structural,structural,structural,structural,structural,structural,structural,structural,structural,not_disclosed,not_disclosed,not_disclosed,not_disclosed,structural,structural,structural,structural,structural,not_disclosed,structural,not_disclosed,not_disclosed,not_disclosed,not_disclosed,not_disclosed,structural,structural
ULTA,Ulta Beauty,Consumer Discretionary,Other Specialty Retail,structural,structural,structural,structural,structural,structural,structural,structural,structural,not_disclosed,not_disclosed,structural,not_disclosed,structural,structural,structural,structural,structural,not_disclosed,structural,structural,quote_verified,quote_verified,quote_verified,quote_verified,structural,not_disclosed
UNH,UnitedHealth Group,Health Care,Managed Health Care,structural,structural,structural,structural,structural,structural,structural,structural,structural,not_disclosed,not_disclosed,structural,not_disclosed,structural,structural,structural,structural,structural,not_disclosed,structural,structural,structural,quote_verified,quote_verified,quote_verified,structural,structural
UNP,Union Pacific Corporation,Industrials,Rail Transportation,structural,structural,structural,structural,structural,structural,structural,structural,structural,not_disclosed,not_disclosed,not_disclosed,structural,structural,structural,not_disclosed,structural,structural,not_disclosed,structural,structural,structural,quote_verified,quote_verified,quote_verified,structural,structural
UPS,United Parcel Service,Industrials,Air Freight & Logistics,structural,structural,structural,structural,structural,structural,structural,structural,structural,not_disclosed,not_disclosed,not_disclosed,structural,structural,structural,structural,structural,structural,not_disclosed,structural,not_disclosed,not_disclosed,not_disclosed,not_disclosed,not_disclosed,structural,structural
URI,United Rentals,Industrials,Trading Companies & Distributors,structural,structural,structural,structural,structural,structural,structural,structural,structural,not_disclosed,not_disclosed,structural,not_disclosed,structural,structural,structural,structural,structural,not_disclosed,structural,not_disclosed,not_disclosed,not_disclosed,not_disclosed,not_disclosed,structural,structural
USB,U.S. Bancorp,Financials,Diversified Banks,structural,structural,structural,structural,structural,structural,structural,structural,structural,not_disclosed,not_disclosed,not_disclosed,not_disclosed,structural,structural,not_disclosed,not_disclosed,not_disclosed,not_disclosed,structural,not_disclosed,not_disclosed,not_disclosed,not_disclosed,not_disclosed,structural,structural
V,Visa Inc.,Financials,Transaction & Payment Processing Services,structural,structural,structural,structural,structural,structural,structural,structural,structural,not_disclosed,not_disclosed,not_disclosed,not_disclosed,structural,structural,structural,structural,structural,not_disclosed,structural,structural,quote_verified,quote_verified,quote_verified,quote_verified,structural,structural
VEEV,Veeva Systems,Health Care,Health Care Technology,structural,structural,structural,structural,structural,structural,structural,not_disclosed,not_disclosed,not_disclosed,not_disclosed,structural,not_disclosed,structural,structural,not_disclosed,not_disclosed,not_disclosed,structural,structural,structural,quote_verified,quote_verified,quote_verified,quote_verified,structural,not_disclosed
VICI,Vici Properties,Real Estate,Hotel & Resort REITs,structural,structural,structural,structural,structural,structural,structural,not_disclosed,not_disclosed,not_disclosed,not_disclosed,structural,not_disclosed,structural,structural,not_disclosed,not_disclosed,not_disclosed,not_disclosed,structural,not_disclosed,not_disclosed,not_disclosed,not_disclosed,not_disclosed,not_disclosed,structural
VLO,Valero Energy,Energy,Oil & Gas Refining & Marketing,structural,structural,structural,structural,structural,structural,structural,structural,structural,structural,structural,structural,not_disclosed,structural,structural,structural,structural,structural,not_disclosed,structural,not_disclosed,not_disclosed,not_disclosed,not_disclosed,not_disclosed,structural,structural
VLTO,Veralto,Industrials,Environmental & Facilities Services,structural,structural,structural,structural,structural,structural,structural,not_disclosed,not_disclosed,not_disclosed,not_disclosed,structural,not_disclosed,structural,structural,structural,structural,structural,structural,structural,structural,not_disclosed,not_disclosed,not_disclosed,not_disclosed,not_disclosed,structural
VMC,Vulcan Materials Company,Materials,Construction Materials,structural,structural,structural,structural,structural,structural,structural,structural,structural,not_disclosed,not_disclosed,structural,not_disclosed,structural,structural,structural,structural,structural,not_disclosed,structural,not_disclosed,not_disclosed,not_disclosed,not_disclosed,not_disclosed,structural,structural
VMRK,Vivmark Residential,Real Estate,Multi-Family Residential REITs,structural,structural,structural,structural,structural,structural,structural,not_disclosed,not_disclosed,not_disclosed,not_disclosed,not_disclosed,not_disclosed,not_disclosed,structural,not_disclosed,not_disclosed,not_disclosed,not_disclosed,structural,not_disclosed,not_disclosed,not_disclosed,not_disclosed,not_disclosed,structural,structural
VRSK,Verisk Analytics,Industrials,Research & Consulting Services,structural,structural,structural,structural,structural,structural,structural,structural,structural,not_disclosed,not_disclosed,structural,not_disclosed,structural,structural,structural,structural,structural,structural,structural,structural,structural,quote_verified,quote_verified,quote_verified,structural,structural
VRSN,Verisign,Information Technology,Internet Services & Infrastructure,structural,structural,structural,structural,structural,structural,structural,structural,structural,not_disclosed,not_disclosed,structural,not_disclosed,structural,structural,structural,structural,structural,structural,structural,not_disclosed,not_disclosed,not_disclosed,not_disclosed,not_disclosed,structural,structural
VRT,Vertiv,Industrials,Electrical Components & Equipment,structural,structural,structural,structural,structural,structural,structural,not_disclosed,not_disclosed,not_disclosed,not_disclosed,structural,not_disclosed,structural,structural,structural,structural,structural,structural,structural,not_disclosed,not_disclosed,not_disclosed,not_disclosed,not_disclosed,structural,structural
VRTX,Vertex Pharmaceuticals,Health Care,Biotechnology,structural,structural,structural,structural,structural,structural,structural,structural,structural,not_disclosed,not_disclosed,structural,not_disclosed,structural,structural,structural,structural,structural,not_disclosed,structural,not_disclosed,not_disclosed,not_disclosed,not_disclosed,not_disclosed,structural,not_disclosed
VST,Vistra Corp.,Utilities,Electric Utilities,structural,structural,structural,structural,structural,structural,structural,not_disclosed,not_disclosed,structural,structural,not_disclosed,not_disclosed,structural,structural,structural,structural,structural,not_disclosed,structural,structural,structural,quote_verified,quote_verified,quote_verified,structural,structural
VTR,Ventas,Real Estate,Health Care REITs,structural,structural,structural,structural,structural,structural,structural,structural,structural,not_disclosed,not_disclosed,not_disclosed,not_disclosed,structural,structural,structural,structural,structural,not_disclosed,structural,structural,structural,not_disclosed,not_disclosed,not_disclosed,not_disclosed,structural
VTRS,Viatris,Health Care,Pharmaceuticals,structural,structural,structural,structural,structural,structural,structural,not_disclosed,not_disclosed,structural,structural,structural,not_disclosed,structural,structural,structural,structural,structural,not_disclosed,structural,structural,structural,quote_verified,quote_verified,quote_verified,structural,not_disclosed
VZ,Verizon,Communication Services,Integrated Telecommunication Services,structural,structural,structural,structural,structural,structural,structural,structural,structural,not_disclosed,not_disclosed,not_disclosed,not_disclosed,structural,structural,structural,not_disclosed,not_disclosed,not_disclosed,structural,structural,structural,quote_verified,quote_verified,quote_verified,not_disclosed,structural
WAB,Wabtec,Industrials,Construction Machinery & Heavy Transportation Equipment,structural,structural,structural,structural,structural,structural,structural,structural,structural,not_disclosed,not_disclosed,structural,not_disclosed,structural,structural,structural,structural,structural,structural,structural,not_disclosed,not_disclosed,not_disclosed,not_disclosed,not_disclosed,structural,structural
WAT,Waters Corporation,Health Care,Life Sciences Tools & Services,structural,structural,structural,structural,structural,structural,structural,structural,structural,not_disclosed,not_disclosed,structural,not_disclosed,structural,structural,not_disclosed,structural,structural,structural,structural,structural,structural,quote_verified,quote_verified,quote_verified,structural,not_disclosed
WBD,Warner Bros. Discovery,Communication Services,Broadcasting,structural,structural,structural,structural,structural,structural,structural,not_disclosed,not_disclosed,not_disclosed,not_disclosed,not_disclosed,not_disclosed,structural,structural,structural,structural,structural,not_disclosed,structural,not_disclosed,not_disclosed,not_disclosed,not_disclosed,not_disclosed,not_disclosed,not_disclosed
WDAY,"Workday, Inc.",Information Technology,Application Software,structural,structural,structural,structural,structural,structural,structural,not_disclosed,not_disclosed,not_disclosed,not_disclosed,not_disclosed,not_disclosed,structural,structural,not_disclosed,structural,structural,structural,structural,structural,not_disclosed,not_disclosed,not_disclosed,not_disclosed,structural,not_disclosed
WDC,Western Digital,Information Technology,"Technology Hardware, Storage & Peripherals",structural,structural,structural,structural,structural,structural,structural,structural,structural,not_disclosed,not_disclosed,structural,not_disclosed,structural,structural,structural,structural,structural,not_disclosed,structural,structural,quote_verified,quote_verified,quote_verified,quote_verified,structural,structural
WEC,WEC Energy Group,Utilities,Electric Utilities,structural,structural,structural,structural,structural,structural,structural,structural,structural,structural,structural,structural,not_disclosed,structural,structural,structural,not_disclosed,not_disclosed,not_disclosed,structural,not_disclosed,not_disclosed,not_disclosed,not_disclosed,not_disclosed,structural,structural
WELL,Welltower,Real Estate,Health Care REITs,structural,structural,structural,structural,structural,structural,structural,structural,structural,not_disclosed,not_disclosed,structural,structural,structural,not_disclosed,not_disclosed,not_disclosed,not_disclosed,not_disclosed,structural,structural,structural,not_disclosed,not_disclosed,not_disclosed,not_disclosed,structural
WFC,Wells Fargo,Financials,Diversified Banks,structural,structural,structural,structural,structural,structural,structural,structural,structural,not_disclosed,not_disclosed,not_disclosed,not_disclosed,structural,structural,structural,not_disclosed,not_disclosed,not_disclosed,structural,not_disclosed,not_disclosed,not_disclosed,not_disclosed,not_disclosed,structural,structural
WM,Waste Management,Industrials,Environmental & Facilities Services,structural,structural,structural,structural,structural,structural,structural,structural,structural,structural,structural,structural,not_disclosed,structural,structural,structural,structural,structural,not_disclosed,structural,not_disclosed,not_disclosed,not_disclosed,not_disclosed,not_disclosed,structural,structural
WMB,Williams Companies,Energy,Oil & Gas Storage & Transportation,structural,structural,structural,structural,structural,structural,structural,structural,structural,not_disclosed,not_disclosed,not_disclosed,not_disclosed,structural,structural,structural,structural,structural,not_disclosed,structural,not_disclosed,not_disclosed,not_disclosed,not_disclosed,not_disclosed,structural,structural
WMT,Walmart,Consumer Staples,Consumer Staples Merchandise Retail,structural,structural,structural,structural,structural,structural,structural,structural,structural,not_disclosed,not_disclosed,structural,not_disclosed,structural,structural,structural,structural,structural,not_disclosed,structural,structural,not_disclosed,not_disclosed,not_disclosed,not_disclosed,structural,structural
WRB,W. R. Berkley Corporation,Financials,Property & Casualty Insurance,structural,structural,structural,structural,structural,structural,structural,structural,structural,not_disclosed,not_disclosed,not_disclosed,not_disclosed,structural,structural,structural,not_disclosed,not_disclosed,not_disclosed,structural,not_disclosed,not_disclosed,not_disclosed,not_disclosed,not_disclosed,structural,structural
WSM,"Williams-Sonoma, Inc.",Consumer Discretionary,Homefurnishing Retail,structural,structural,structural,structural,structural,structural,structural,not_disclosed,not_disclosed,not_disclosed,not_disclosed,structural,not_disclosed,structural,structural,structural,structural,structural,not_disclosed,structural,structural,structural,quote_verified,quote_verified,quote_verified,structural,structural
WST,West Pharmaceutical Services,Health Care,Health Care Supplies,structural,structural,structural,structural,structural,structural,structural,not_disclosed,not_disclosed,not_disclosed,not_disclosed,structural,not_disclosed,structural,structural,structural,structural,structural,structural,structural,structural,structural,quote_verified,quote_verified,quote_verified,structural,structural
WTW,Willis Towers Watson,Financials,Insurance Brokers,structural,structural,structural,structural,structural,structural,structural,structural,structural,not_disclosed,not_disclosed,not_disclosed,not_disclosed,structural,structural,not_disclosed,structural,structural,not_disclosed,structural,not_disclosed,not_disclosed,not_disclosed,not_disclosed,not_disclosed,structural,structural
WY,Weyerhaeuser,Real Estate,Timber REITs,structural,structural,structural,structural,structural,structural,structural,structural,structural,structural,structural,structural,not_disclosed,structural,structural,structural,not_disclosed,not_disclosed,structural,structural,structural,structural,quote_verified,quote_verified,quote_verified,structural,structural
WYNN,Wynn Resorts,Consumer Discretionary,Casinos & Gaming,structural,structural,structural,structural,structural,structural,structural,structural,structural,not_disclosed,not_disclosed,not_disclosed,not_disclosed,structural,structural,structural,structural,structural,not_disclosed,structural,not_disclosed,not_disclosed,not_disclosed,not_disclosed,not_disclosed,structural,structural
XEL,Xcel Energy,Utilities,Multi-Utilities,structural,structural,structural,structural,structural,structural,structural,structural,structural,structural,structural,not_disclosed,not_disclosed,structural,structural,structural,structural,structural,not_disclosed,structural,not_disclosed,not_disclosed,not_disclosed,not_disclosed,not_disclosed,not_disclosed,structural
XOM,ExxonMobil,Energy,Integrated Oil & Gas,structural,structural,structural,structural,structural,structural,structural,structural,structural,structural,structural,not_disclosed,not_disclosed,structural,structural,structural,structural,structural,structural,structural,not_disclosed,not_disclosed,not_disclosed,not_disclosed,not_disclosed,structural,structural
XYL,Xylem Inc.,Industrials,Industrial Machinery & Supplies & Components,structural,structural,structural,structural,structural,structural,structural,structural,structural,not_disclosed,not_disclosed,structural,not_disclosed,structural,structural,structural,structural,structural,structural,structural,structural,structural,quote_verified,quote_verified,quote_verified,structural,structural
XYZ,"Block, Inc.",Financials,Transaction & Payment Processing Services,structural,structural,structural,structural,structural,structural,structural,not_disclosed,not_disclosed,not_disclosed,not_disclosed,structural,not_disclosed,structural,structural,structural,structural,structural,structural,structural,structural,structural,quote_verified,quote_verified,quote_verified,structural,not_disclosed
YUM,Yum! Brands,Consumer Discretionary,Restaurants,structural,structural,structural,structural,structural,structural,structural,structural,structural,not_disclosed,not_disclosed,structural,not_disclosed,structural,structural,structural,structural,structural,not_disclosed,structural,structural,structural,quote_verified,quote_verified,quote_verified,structural,structural
ZBH,Zimmer Biomet,Health Care,Health Care Equipment,structural,structural,structural,structural,structural,structural,structural,structural,structural,not_disclosed,not_disclosed,structural,not_disclosed,structural,structural,structural,structural,structural,not_disclosed,structural,structural,structural,quote_verified,quote_verified,quote_verified,structural,structural
ZBRA,Zebra Technologies,Information Technology,Electronic Equipment & Instruments,structural,structural,structural,structural,structural,structural,structural,not_disclosed,not_disclosed,not_disclosed,not_disclosed,structural,not_disclosed,structural,structural,structural,structural,structural,structural,structural,structural,structural,not_disclosed,not_disclosed,not_disclosed,structural,not_disclosed
ZTS,Zoetis,Health Care,Pharmaceuticals,structural,structural,structural,structural,structural,structural,structural,structural,structural,not_disclosed,not_disclosed,structural,not_disclosed,structural,structural,structural,structural,structural,not_disclosed,structural,not_disclosed,not_disclosed,not_disclosed,not_disclosed,not_disclosed,structural,not_disclosed
