ticker,company,sector,sub_industry,cik,legal_name,gics_sector,gics_sub_industry,hq_state,market_cap_usd,shares_outstanding,esg_risk_score_external,esg_controversy_level_external,cogs_usd,energy_cost_usd,revenue_usd,ebit_usd,ebitda_usd,free_cash_flow_usd,capex_usd,rnd_expense_usd,sbti_target_validated,sbti_target_type,target_year,target_baseline_year,target_reduction_pct,target_scope_coverage,buybacks_usd,dividends_paid_usd
A,Agilent Technologies,Health Care,Life Sciences Tools & Services,0001090872,Agilent Technologies,Health Care,Life Sciences Tools & Services,California,41429237760.0,283054377.0,13.6,Low,3305000000.0,,6948000000.0,1479000000.0,1767000000.0,1152000000.0,407000000.0,455000000.0,1.0,net-zero,,,,,425000000.0,282000000.0
AAPL,Apple Inc.,Information Technology,"Technology Hardware, Storage & Peripherals",0000320193,Apple Inc.,Information Technology,"Technology Hardware, Storage & Peripherals",California,4849207869440.0,14773260000.0,17.2,Low,220960000000.0,,416161000000.0,133050000000.0,144748000000.0,98767000000.0,12715000000.0,34550000000.0,0.0,near-term,,,,,90711000000.0,15421000000.0
ABBV,AbbVie,Health Care,Biotechnology,0001551152,AbbVie,Health Care,Biotechnology,Illinois,454361186304.0,1773000000.0,29.9,Medium,18204000000.0,,61160000000.0,15075000000.0,15075000000.0,17816000000.0,1214000000.0,,0.0,near-term,2030.0,,,,980000000.0,11657000000.0
ABNB,Airbnb,Consumer Discretionary,"Hotels, Resorts & Cruise Lines",0001559720,Airbnb,Consumer Discretionary,"Hotels, Resorts & Cruise Lines",California,101907333120.0,623000000.0,,,2086000000.0,,12241000000.0,2544000000.0,2586600000.0,,,2354000000.0,0.0,near-term,2030.0,,,,3789000000.0,
ABT,Abbott Laboratories,Health Care,Health Care Equipment,0000001800,Abbott Laboratories,Health Care,Health Care Equipment,Illinois,176412573696.0,1748000000.0,24.8,Medium,19319000000.0,,44328000000.0,8053000000.0,,7395000000.0,2171000000.0,2942000000.0,0.0,,,,,,893000000.0,4116000000.0
ACGL,Arch Capital Group,Financials,Property & Casualty Insurance,0000947484,Arch Capital Group,Financials,Property & Casualty Insurance,Bermuda,32788705280.0,359000000.0,22.5,Medium,,,19929000000.0,5159000000.0,,6128000000.0,44000000.0,,0.0,,,,,,1889000000.0,
ACN,Accenture,Information Technology,IT Consulting & Other Services,0001467373,Accenture,Information Technology,IT Consulting & Other Services,Ireland,112536141824.0,632435108.0,9.8,Negligible,47437576000.0,,69672977000.0,10225664000.0,11668889000.0,10874360000.0,600039000.0,817300000.0,0.0,near-term,,,,,4619497000.0,
ADBE,Adobe Inc.,Information Technology,Application Software,0000796343,Adobe Inc.,Information Technology,Application Software,California,100261421056.0,413000000.0,13.1,Low,2551000000.0,,23769000000.0,8706000000.0,9524000000.0,9852000000.0,179000000.0,,1.0,net-zero,,,,,11281000000.0,
ADI,Analog Devices,Information Technology,Semiconductors,0000006281,Analog Devices,Information Technology,Semiconductors,Massachusetts,183543709696.0,489654097.0,22.9,Medium,4246229000.0,,11019707000.0,2932496000.0,2932496000.0,4278650000.0,533552000.0,1766001000.0,0.0,near-term,2030.0,,,,2164638000.0,1924413000.0
ADM,Archer Daniels Midland,Consumer Staples,Agricultural Products & Services,0000007084,Archer Daniels Midland,Consumer Staples,Agricultural Products & Services,Illinois,41795534848.0,484000000.0,31.8,High,75236000000.0,,80269000000.0,1255000000.0,2436000000.0,4204000000.0,1248000000.0,246000000.0,0.0,commitment,,,,,0.0,987000000.0
ADP,Automatic Data Processing,Industrials,Human Resource & Employment Services,0000008670,Automatic Data Processing,Industrials,Human Resource & Employment Services,New Jersey,106569711616.0,397800000.0,13.8,Low,11097300000.0,,20560900000.0,5310100000.0,5892500000.0,,,988600000.0,0.0,,,,,,1280500000.0,2398900000.0
ADSK,Autodesk,Information Technology,Application Software,0000769397,Autodesk,Information Technology,Application Software,California,44391600128.0,212000000.0,16.8,Low,650000000.0,,7206000000.0,1578000000.0,1773000000.0,2409000000.0,43000000.0,1643000000.0,0.0,near-term,,,,,1402000000.0,
AEE,Ameren,Utilities,Multi-Utilities,0001002910,Ameren,Utilities,Multi-Utilities,Missouri,29040859136.0,276400000.0,27.2,Medium,,,8799000000.0,2026000000.0,3638000000.0,-775000000.0,4128000000.0,,0.0,,,,,,,768000000.0
AEP,American Electric Power,Utilities,Electric Utilities,0000004904,American Electric Power,Utilities,Electric Utilities,Ohio,67140530176.0,537467865.0,26.1,Medium,,,21876000000.0,5319000000.0,8644000000.0,3491000000.0,3453000000.0,,0.0,,,,,,,2008000000.0
AES,AES Corporation,Utilities,Independent Power Producers & Energy Traders,0000874761,AES Corporation,Utilities,Independent Power Producers & Energy Traders,Virginia,10551757824.0,712201777.0,26.7,Medium,10022000000.0,,12233000000.0,,,-1623000000.0,5929000000.0,,0.0,,,,,,,501000000.0
AFL,Aflac,Financials,Life & Health Insurance,0000004977,Aflac,Financials,Life & Health Insurance,Georgia,57794854912.0,518690000.0,18.3,Low,,,17164000000.0,4533000000.0,4569000000.0,,,,0.0,,,,,,3530000000.0,1198000000.0
AIG,American International Group,Financials,Multi-line Insurance,0000005272,American International Group,Financials,Multi-line Insurance,New York,39389544448.0,538200000.0,24.2,Medium,,,26775000000.0,3879000000.0,7334000000.0,,,,0.0,,,,,,5836000000.0,976000000.0
AIZ,Assurant,Financials,Multi-line Insurance,0001267238,Assurant,Financials,Multi-line Insurance,Georgia,13931991040.0,49792919.0,24.1,Medium,,,12814300000.0,1087400000.0,1337400000.0,1598400000.0,235500000.0,,0.0,,,,,,303700000.0,168400000.0
AJG,Arthur J. Gallagher & Co.,Financials,Insurance Brokers,0000354190,Arthur J. Gallagher & Co.,Financials,Insurance Brokers,Illinois,61603868672.0,257000000.0,21.2,Medium,,,13942000000.0,1871000000.0,2993000000.0,,,,0.0,,,,,,,667000000.0
AKAM,Akamai Technologies,Information Technology,Internet Services & Infrastructure,0001086222,Akamai Technologies,Information Technology,Internet Services & Infrastructure,Massachusetts,15347496960.0,144711094.0,17.0,Low,1727513000.0,,4208175000.0,566944000.0,1275555000.0,1010979000.0,507786000.0,513560000.0,0.0,commitment,,,,,799963000.0,
ALB,Albemarle Corporation,Materials,Specialty Chemicals,0000915913,Albemarle Corporation,Materials,Specialty Chemicals,North Carolina,13867954176.0,117716000.0,26.6,Medium,4474014000.0,,5142733000.0,-367084000.0,291594000.0,692466000.0,589801000.0,51398000.0,0.0,,,,,,,190530000.0
ALGN,Align Technology,Health Care,Health Care Supplies,0001097149,Align Technology,Health Care,Health Care Supplies,Arizona,10714231808.0,71364000.0,,,1323951000.0,,4034964000.0,545755000.0,783191000.0,490778000.0,102445000.0,369911000.0,0.0,,,,,,465939000.0,
ALL,Allstate,Financials,Property & Casualty Insurance,0000899051,Allstate,Financials,Property & Casualty Insurance,Illinois,64152592384.0,260000000.0,22.0,Medium,,,67685000000.0,13156000000.0,13638000000.0,9882000000.0,228000000.0,,0.0,,,,,,1233000000.0,1036000000.0
ALLE,Allegion,Industrials,Building Products,0001579241,Allegion,Industrials,Building Products,Ireland,13040391168.0,86066997.0,21.8,Medium,2229000000.0,,4067300000.0,859500000.0,989200000.0,685700000.0,98100000.0,132000000.0,0.0,,,,,,80000000.0,175300000.0
AMAT,Applied Materials,Information Technology,Semiconductor Materials & Equipment,0000006951,Applied Materials,Information Technology,Semiconductor Materials & Equipment,California,362269278208.0,793000000.0,12.7,Low,14560000000.0,,28368000000.0,8289000000.0,8724000000.0,5698000000.0,2260000000.0,3570000000.0,0.0,near-term,,,,,4895000000.0,1384000000.0
AMCR,Amcor,Materials,Paper & Plastic Packaging Products & Materials,0001748790,Amcor,Materials,Paper & Plastic Packaging Products & Materials,United Kingdom,19566469120.0,463800000.0,,,12175000000.0,,15009000000.0,1009000000.0,1731000000.0,810000000.0,580000000.0,120000000.0,0.0,near-term,,,,,0.0,845000000.0
AMD,Advanced Micro Devices,Information Technology,Semiconductors,0000002488,Advanced Micro Devices,Information Technology,Semiconductors,California,842569351168.0,1630000000.0,,,17487000000.0,,34639000000.0,3694000000.0,3916000000.0,6735000000.0,974000000.0,8091000000.0,0.0,near-term,2020.0,,,,1316000000.0,
AME,Ametek,Industrials,Electrical Components & Equipment,0001037868,Ametek,Industrials,Electrical Components & Equipment,Pennsylvania,55451418624.0,229000000.0,23.9,Medium,4733677000.0,,7401116000.0,1910317000.0,2333121000.0,1671515000.0,130248000.0,236100000.0,0.0,,,,,,434048000.0,285345000.0
AMGN,Amgen,Health Care,Biotechnology,0000318154,Amgen,Health Care,Biotechnology,California,204007489536.0,538800000.0,22.0,Medium,12037000000.0,,36751000000.0,9080000000.0,14247000000.0,8100000000.0,1858000000.0,,0.0,near-term,2030.0,,,,0.0,5124000000.0
AMP,Ameriprise Financial,Financials,Asset Management & Custody Banks,0000820027,Ameriprise Financial,Financials,Asset Management & Custody Banks,Minnesota,49255481344.0,98200000.0,20.3,Medium,,,18911000000.0,4504000000.0,4655000000.0,8161000000.0,162000000.0,,0.0,,,,,,2907000000.0,596000000.0
AMT,American Tower,Real Estate,Telecom Tower REITs,0001053507,American Tower,Real Estate,Telecom Tower REITs,Massachusetts,82871001088.0,466318000.0,10.9,Low,,,10644600000.0,4845800000.0,6887400000.0,3783600000.0,1680400000.0,,0.0,near-term,2035.0,,,,364600000.0,3180800000.0
AMZN,Amazon,Consumer Discretionary,Broadline Retail,0001018724,Amazon,Consumer Discretionary,Broadline Retail,Washington,2769709432832.0,10731000000.0,30.6,High,356414000000.0,,716924000000.0,79975000000.0,145731000000.0,7695000000.0,131819000000.0,,0.0,commitment,,,,,,
ANET,Arista Networks,Information Technology,Communications Equipment,0001596532,Arista Networks,Information Technology,Communications Equipment,California,251727839232.0,1256500000.0,16.7,Low,3237000000.0,,9005700000.0,3856100000.0,3928700000.0,4252400000.0,119500000.0,1237300000.0,1.0,near-term,2030.0,,,,1603100000.0,
AON,Aon plc,Financials,Insurance Brokers,0000315293,Aon plc,Financials,Insurance Brokers,United Kingdom,64208248832.0,217100000.0,,,,,17181000000.0,4344000000.0,4520000000.0,3218000000.0,263000000.0,,0.0,near-term,2032.0,,,,,629000000.0
AOS,A. O. Smith,Industrials,Building Products,0000091142,A. O. Smith,Industrials,Building Products,Wisconsin,7799793152.0,141914840.0,25.4,Medium,2342800000.0,,3830200000.0,728600000.0,813700000.0,546000000.0,70800000.0,95000000.0,0.0,,,,,,400800000.0,195700000.0
APA,APA Corporation,Energy,Oil & Gas Exploration & Production,0001841666,APA Corporation,Energy,Oil & Gas Exploration & Production,Texas,15671223296.0,352964646.0,38.8,High,,,,3087000000.0,5391000000.0,,,,0.0,,,,,,,360000000.0
APD,Air Products,Materials,Industrial Gases,0000002969,Air Products,Materials,Industrial Gases,Pennsylvania,64897245184.0,222588256.0,12.3,Low,8256000000.0,,12037300000.0,-877000000.0,687200000.0,-3765800000.0,7022600000.0,96300000.0,0.0,,,,,,,1584100000.0
APH,Amphenol,Information Technology,Electronic Components,0000820313,Amphenol,Information Technology,Electronic Components,Connecticut,206943928320.0,1226600000.0,19.6,Low,14577000000.0,,23094700000.0,5868600000.0,6791000000.0,4378100000.0,996600000.0,647000000.0,0.0,,,,,,665200000.0,802200000.0
APO,Apollo Global Management,Financials,Asset Management & Custody Banks,0001858681,Apollo Global Management,Financials,Asset Management & Custody Banks,New York,76168257536.0,578981398.0,,,,,32049000000.0,6677000000.0,8108000000.0,,,,0.0,,,,,,773000000.0,1201000000.0
APP,AppLovin,Communication Services,Advertising,0001751008,AppLovin,Communication Services,Advertising,California,108830965760.0,338313000.0,,,665140000.0,,5480717000.0,4151914000.0,4346692000.0,,,226510000.0,0.0,,,,,,2191944000.0,
APTV,Aptiv,Consumer Discretionary,Automotive Parts & Equipment,0001521332,Aptiv,Consumer Discretionary,Automotive Parts & Equipment,Switzerland,9455622144.0,212746899.0,10.7,Low,16500000000.0,,20398000000.0,1184000000.0,2175000000.0,1529000000.0,656000000.0,1129000000.0,0.0,near-term,2030.0,,,,397000000.0,
ARE,Alexandria Real Estate Equities,Real Estate,Office REITs,0001035443,Alexandria Real Estate Equities,Real Estate,Office REITs,California,8800952320.0,170537867.0,13.9,Low,,,3026556000.0,,,,,,0.0,,,,,,208187000.0,911450000.0
ARES,Ares Management,Financials,Asset Management & Custody Banks,0001176948,Ares Management,Financials,Asset Management & Custody Banks,California,43674984448.0,313170171.0,,,,,5601482000.0,1286893000.0,,,,,0.0,,,,,,,
ATO,Atmos Energy,Utilities,Gas Utilities,0000731802,Atmos Energy,Utilities,Gas Utilities,Texas,27577243648.0,161568384.0,34.6,High,,,4702755000.0,1559971000.0,2294716000.0,-1511943000.0,3561399000.0,,0.0,,,,,,,553761000.0
AVGO,Broadcom,Information Technology,Semiconductors,0001730168,Broadcom,Information Technology,Semiconductors,California,1728006324224.0,4741000000.0,20.0,Low,20593000000.0,,63887000000.0,25484000000.0,25484000000.0,26914000000.0,623000000.0,10977000000.0,0.0,commitment,,,,,2450000000.0,11142000000.0
AVY,Avery Dennison,Materials,Paper & Plastic Packaging Products & Materials,0000008818,Avery Dennison,Materials,Paper & Plastic Packaging Products & Materials,Ohio,12836996096.0,76877487.0,16.1,Low,6309200000.0,,8855500000.0,925100000.0,1253300000.0,712400000.0,169000000.0,136600000.0,0.0,near-term,2030.0,,,,572300000.0,288400000.0
AWK,American Water Works,Utilities,Water Utilities,0001410636,American Water Works,Utilities,Water Utilities,New Jersey,27362996224.0,195000000.0,21.6,Medium,,,5121000000.0,1879000000.0,2773000000.0,-1067000000.0,3126000000.0,,0.0,,,,,,,633000000.0
AXON,Axon Enterprise,Industrials,Aerospace & Defense,0001069183,Axon Enterprise,Industrials,Aerospace & Defense,Arizona,38940344320.0,80211537.0,,,1121411000.0,,2779536000.0,-62076000.0,21085000.0,75081000.0,136258000.0,684308000.0,0.0,,,,,,,
AXP,American Express,Financials,Consumer Finance,0000004962,American Express,Financials,Consumer Finance,New York,219266351104.0,686000000.0,18.6,Low,,,41304000000.0,13795000000.0,15572000000.0,16003000000.0,2425000000.0,,1.0,near-term,2033.0,,,,5814000000.0,2271000000.0
AZO,AutoZone,Consumer Discretionary,Automotive Retail,0000866787,AutoZone,Consumer Discretionary,Automotive Retail,Tennessee,,17245000.0,11.0,Low,8972243000.0,,18938717000.0,3610156000.0,4223355000.0,1790080000.0,1327257000.0,,0.0,,,,,,1578186000.0,
BA,Boeing,Industrials,Aerospace & Defense,0000012927,Boeing,Industrials,Aerospace & Defense,Virginia,166333366272.0,1012261159.0,39.6,High,85174000000.0,,89463000000.0,4281000000.0,6234000000.0,-1877000000.0,2942000000.0,3615000000.0,0.0,,,,,,,331000000.0
BAC,Bank of America,Financials,Diversified Banks,0000070858,Bank of America,Financials,Diversified Banks,North Carolina,438375383040.0,7212464345.0,28.3,Medium,,,113097000000.0,37695000000.0,40009000000.0,,,,0.0,,,,,,21433000000.0,
BALL,Ball Corporation,Materials,"Metal, Glass & Plastic Containers",0000009389,Ball Corporation,Materials,"Metal, Glass & Plastic Containers",Colorado,15855731712.0,275972000.0,12.1,Low,,,13161000000.0,1273000000.0,1895000000.0,788000000.0,474000000.0,,0.0,near-term,2030.0,,,,1321000000.0,220000000.0
BAX,Baxter International,Health Care,Health Care Equipment,0000010456,Baxter International,Health Care,Health Care Equipment,Illinois,12304504832.0,513000000.0,23.6,Medium,7865000000.0,,11244000000.0,-308000000.0,673000000.0,332000000.0,513000000.0,518000000.0,0.0,,,,,,,348000000.0
BBY,Best Buy,Consumer Discretionary,Computer & Electronics Retail,0000764478,Best Buy,Consumer Discretionary,Computer & Electronics Retail,Minnesota,19043274752.0,209100000.0,15.9,Low,32318000000.0,,41691000000.0,1389000000.0,2220000000.0,1258000000.0,704000000.0,,0.0,near-term,2030.0,,,,273000000.0,801000000.0
BDX,Becton Dickinson,Health Care,Health Care Equipment,0000010795,Becton Dickinson,Health Care,Health Care Equipment,New Jersey,48443998208.0,288509000.0,23.8,Medium,11915000000.0,,21840000000.0,2579000000.0,5041000000.0,2670000000.0,760000000.0,1265000000.0,0.0,,,,,,1000000000.0,1196000000.0
BEN,Franklin Resources,Financials,Asset Management & Custody Banks,0000038777,Franklin Resources,Financials,Asset Management & Custody Banks,California,17096787968.0,520951796.0,18.3,Low,,,8770700000.0,604100000.0,729400000.0,911600000.0,154500000.0,,0.0,,,,,,240300000.0,683700000.0
BF.B,Brown–Forman,Consumer Staples,Distillers & Vintners,0000014693,Brown–Forman,Consumer Staples,Distillers & Vintners,Kentucky,12031420416.0,466733000.0,,,1550000000.0,,3928000000.0,1001000000.0,1093000000.0,893000000.0,107000000.0,,0.0,,,,,,400000000.0,427000000.0
BG,Bunge Global,Consumer Staples,Agricultural Products & Services,0001996862,Bunge Global,Consumer Staples,Agricultural Products & Services,Missouri,23517302784.0,166466940.0,32.9,High,66920000000.0,,70329000000.0,1134000000.0,1837000000.0,-879000000.0,1723000000.0,28000000.0,0.0,,,,,,551000000.0,459000000.0
BIIB,Biogen,Health Care,Biotechnology,0000875045,Biogen,Health Care,Biotechnology,Massachusetts,32084781056.0,146800000.0,22.2,Medium,2404200000.0,,9890600000.0,1556500000.0,2336400000.0,2050800000.0,153800000.0,,0.0,commitment,,,,,,
BKNG,Booking Holdings,Consumer Discretionary,"Hotels, Resorts & Cruise Lines",0001075531,Booking Holdings,Consumer Discretionary,"Hotels, Resorts & Cruise Lines",Connecticut,130680094720.0,32639000.0,19.2,Low,,,26917000000.0,8825000000.0,9448000000.0,9087000000.0,322000000.0,,1.0,near-term,2030.0,,,,6440000000.0,1248000000.0
BKR,Baker Hughes,Energy,Oil & Gas Equipment & Services,0001701605,Baker Hughes,Energy,Oil & Gas Equipment & Services,Texas,58627330048.0,992674071.0,,,,,27733000000.0,2877000000.0,4065000000.0,2537000000.0,1273000000.0,600000000.0,0.0,,,,,,384000000.0,910000000.0
BLDR,Builders FirstSource,Industrials,Building Products,0001316835,Builders FirstSource,Industrials,Building Products,Texas,6495598080.0,110585000.0,,,10574861000.0,,15190638000.0,786276000.0,1377708000.0,853284000.0,362602000.0,,0.0,,,,,,413958000.0,
BLK,BlackRock,Financials,Asset Management & Custody Banks,0002012383,BlackRock,Financials,Asset Management & Custody Banks,New York,175417425920.0,155069171.0,18.3,Low,,,24216000000.0,7045000000.0,8171000000.0,3552000000.0,375000000.0,,0.0,,,,,,,
BMY,Bristol Myers Squibb,Health Care,Pharmaceuticals,0000014272,Bristol Myers Squibb,Health Care,Pharmaceuticals,New York,129998356480.0,2039000000.0,22.7,Medium,13936000000.0,,48194000000.0,9328000000.0,13339000000.0,12845000000.0,1311000000.0,9951000000.0,1.0,near-term,2033.0,,,,0.0,5045000000.0
BNY,BNY Mellon,Financials,Asset Management & Custody Banks,0001390777,BNY Mellon,Financials,Asset Management & Custody Banks,New York,110365483008.0,688236337.0,,,,,20080000000.0,,,5177000000.0,1553000000.0,,0.0,,,,,,3535000000.0,1447000000.0
BR,Broadridge Financial Solutions,Industrials,Data Processing & Outsourced Services,0001383312,Broadridge Financial Solutions,Industrials,Data Processing & Outsourced Services,New York,19126018048.0,114000000.0,16.6,Low,4752300000.0,,6889100000.0,1188600000.0,1319300000.0,1127500000.0,43800000.0,,1.0,net-zero,,,,,134900000.0,402300000.0
BRK.B,Berkshire Hathaway,Financials,Multi-Sector Holdings,0001067983,Berkshire Hathaway,Financials,Multi-Sector Holdings,Nebraska,1092553998336.0,1408035161.0,,,,,371444000000.0,82459000000.0,95935000000.0,25042000000.0,20927000000.0,,0.0,,,,,,,
BRO,Brown & Brown,Financials,Insurance Brokers,0000079282,Brown & Brown,Financials,Insurance Brokers,Florida,22147860480.0,336000000.0,20.5,Medium,,,5902000000.0,1371000000.0,,1382000000.0,68000000.0,,0.0,,,,,,100000000.0,193000000.0
BSX,Boston Scientific,Health Care,Health Care Equipment,0000885725,Boston Scientific,Health Care,Health Care Equipment,Massachusetts,62287884288.0,1494500000.0,23.1,Medium,6221000000.0,,20074000000.0,3613000000.0,4981000000.0,3658000000.0,876000000.0,,1.0,near-term,2030.0,,,,,
BX,Blackstone Inc.,Financials,Asset Management & Custody Banks,0001393818,Blackstone Inc.,Financials,Asset Management & Custody Banks,New York,153607716864.0,748688068.0,23.4,Medium,,,14450265000.0,7171646000.0,,4547458000.0,115703000.0,,0.0,,,,,,,6013385000.0
BXP,"BXP, Inc.",Real Estate,Office REITs,0001037540,"BXP, Inc.",Real Estate,Office REITs,Massachusetts,11702768640.0,158548298.0,12.5,Low,,,3482279000.0,908110000.0,1820198000.0,,,,0.0,near-term,2030.0,,,,,643107000.0
C,Citigroup,Financials,Diversified Banks,0000831001,Citigroup,Financials,Diversified Banks,New York,232861794304.0,1873100000.0,29.2,Medium,,,85225000000.0,19828000000.0,24201000000.0,-74152000000.0,6520000000.0,,0.0,,,,,,13250000000.0,5372000000.0
CAH,Cardinal Health,Health Care,Health Care Distributors,0000721371,Cardinal Health,Health Care,Health Care Distributors,Ohio,54555291648.0,237000000.0,14.9,Low,214410000000.0,,222578000000.0,2275000000.0,3065000000.0,1850000000.0,547000000.0,,0.0,near-term,,,,,765000000.0,494000000.0
CARR,Carrier Global,Industrials,Building Products,0001783180,Carrier Global,Industrials,Building Products,Florida,47365718016.0,836141122.0,,,,,21747000000.0,2172000000.0,3446000000.0,2121000000.0,392000000.0,625000000.0,1.0,near-term,2030.0,,,,2892000000.0,772000000.0
CASY,Casey's,Consumer Staples,Food Retail,0000726958,Casey's,Consumer Staples,Food Retail,Iowa,22747873280.0,36904285.0,,,,,17561101000.0,,,721620000.0,655920000.0,,0.0,,,,,,200505000.0,83136000.0
CAT,Caterpillar Inc.,Industrials,Construction Machinery & Heavy Transportation Equipment,0000018230,Caterpillar Inc.,Industrials,Construction Machinery & Heavy Transportation Equipment,Texas,376276058112.0,465300000.0,36.2,High,49000000.0,,67589000000.0,11151000000.0,13413000000.0,8918000000.0,2821000000.0,2148000000.0,0.0,,,,,,5190000000.0,2749000000.0
CB,Chubb Limited,Financials,Property & Casualty Insurance,0000896159,Chubb Limited,Financials,Property & Casualty Insurance,Switzerland,130496806912.0,391101227.0,23.6,Medium,,,59402000000.0,13044000000.0,,,,,0.0,,,,,,3694000000.0,1505000000.0
CBOE,Cboe Global Markets,Financials,Financial Exchanges & Data,0001374310,Cboe Global Markets,Financials,Financial Exchanges & Data,Illinois,29349294080.0,104647739.0,21.0,Medium,2285100000.0,,4714200000.0,1467100000.0,1589500000.0,1681600000.0,71000000.0,,0.0,,,,,,66700000.0,284300000.0
CBRE,CBRE Group,Real Estate,Real Estate Services,0001138118,CBRE Group,Real Estate,Real Estate Services,Texas,40688222208.0,295731478.0,8.0,Negligible,32984000000.0,,40550000000.0,1753000000.0,2482000000.0,1193000000.0,366000000.0,,1.0,net-zero,,,,,968000000.0,
CCI,Crown Castle,Real Estate,Telecom Tower REITs,0001051470,Crown Castle,Real Estate,Telecom Tower REITs,Texas,33045940224.0,435000000.0,10.1,Low,113000000.0,,4264000000.0,2075000000.0,2765000000.0,2875000000.0,182000000.0,,0.0,,,,,,-23000000.0,-2080000000.0
CCL,Carnival Corporation,Consumer Discretionary,"Hotels, Resorts & Cruise Lines",0000815097,Carnival Corporation,Consumer Discretionary,"Hotels, Resorts & Cruise Lines",Florida,31159517184.0,1402000000.0,24.5,Medium,,,26622000000.0,4483000000.0,7273000000.0,2607000000.0,3611000000.0,,0.0,,,,,,,
CDNS,Cadence Design Systems,Information Technology,Application Software,0000813672,Cadence Design Systems,Information Technology,Application Software,California,79690465280.0,271799000.0,12.0,Low,,,5296759000.0,1492042000.0,1719870000.0,1586910000.0,141871000.0,,1.0,near-term,2030.0,,,,925034000.0,
CDW,CDW Corporation,Information Technology,Technology Distributors,0001402057,CDW Corporation,Information Technology,Technology Distributors,Illinois,19226429440.0,129400000.0,9.2,Negligible,17550700000.0,,22424100000.0,1655600000.0,1951200000.0,1088100000.0,117100000.0,,0.0,near-term,2030.0,,,,653000000.0,328600000.0
CEG,Constellation Energy,Utilities,Electric Utilities,0001868275,Constellation Energy,Utilities,Electric Utilities,Maryland,100889026560.0,312000000.0,,,,,25533000000.0,3086000000.0,5687000000.0,1288000000.0,2949000000.0,,0.0,,,,,,400000000.0,486000000.0
CF,CF Industries,Materials,Fertilizers & Agricultural Chemicals,0001324404,CF Industries,Materials,Fertilizers & Agricultural Chemicals,Illinois,20138565632.0,153552162.0,29.3,Medium,4360000000.0,,7084000000.0,2300000000.0,3198000000.0,1802000000.0,950000000.0,,0.0,,,,,,1365000000.0,326000000.0
CFG,Citizens Financial Group,Financials,Regional Banks,0000759944,Citizens Financial Group,Financials,Regional Banks,Rhode Island,29684541440.0,429242174.0,23.5,Medium,,,8247000000.0,2328000000.0,2806000000.0,,,,0.0,,,,,,600000000.0,755000000.0
CHD,Church & Dwight,Consumer Staples,Household Products,0000313927,Church & Dwight,Consumer Staples,Household Products,New Jersey,22332747776.0,244300000.0,19.9,Low,3428400000.0,,6203200000.0,1077600000.0,1325000000.0,1093000000.0,122400000.0,145600000.0,0.0,near-term,2031.0,,,,900000000.0,287200000.0
CHRW,C.H. Robinson,Industrials,Air Freight & Logistics,0001043277,C.H. Robinson,Industrials,Air Freight & Logistics,Minnesota,17852534784.0,118429000.0,19.3,Low,,,16232763000.0,794961000.0,897779000.0,894891000.0,19628000.0,,0.0,,,,,,354652000.0,301376000.0
CHTR,Charter Communications,Communication Services,Cable & Satellite,0001091667,Charter Communications,Communication Services,Cable & Satellite,Connecticut,19646515200.0,137743676.0,24.7,Medium,,,54774000000.0,12908000000.0,21619000000.0,4418000000.0,11659000000.0,,0.0,,,,,,5132000000.0,
CI,Cigna,Health Care,Health Care Services,0001739940,Cigna,Health Care,Health Care Services,Connecticut,74188161024.0,263464000.0,11.6,Low,214991000000.0,,274900000000.0,9200000000.0,11975000000.0,,,,0.0,commitment,,,,,3621000000.0,401000000.0
CIEN,Ciena,Information Technology,Communications Equipment,0000936395,Ciena,Information Technology,Communications Equipment,Maryland,49567752192.0,141016300.0,,,2764590000.0,,4769507000.0,197531000.0,197531000.0,665292000.0,140801000.0,848329000.0,0.0,near-term,,,,,334507000.0,
CINF,Cincinnati Financial,Financials,Property & Casualty Insurance,0000020286,Cincinnati Financial,Financials,Property & Casualty Insurance,Ohio,26060572672.0,157700000.0,25.6,Medium,,,12631000000.0,2980000000.0,,3092000000.0,20000000.0,,0.0,,,,,,205000000.0,525000000.0
CL,Colgate-Palmolive,Consumer Staples,Household Products,0000021665,Colgate-Palmolive,Consumer Staples,Household Products,New York,69194604544.0,801239524.0,26.2,Medium,8131000000.0,,20382000000.0,3306000000.0,3936000000.0,3634000000.0,564000000.0,366000000.0,1.0,near-term,2030.0,,,,1210000000.0,
CLX,Clorox,Consumer Staples,Household Products,0000021076,Clorox,Consumer Staples,Household Products,California,10612905984.0,122694263.0,21.6,Medium,3891000000.0,,7104000000.0,1078000000.0,1297000000.0,761000000.0,220000000.0,121000000.0,0.0,near-term,2030.0,,,,332000000.0,602000000.0
CMCSA,Comcast,Communication Services,Cable & Satellite,0001166691,Comcast,Communication Services,Cable & Satellite,Pennsylvania,89425649664.0,3709000000.0,23.1,Medium,,,123707000000.0,20672000000.0,36882000000.0,21893000000.0,11750000000.0,,0.0,near-term,2030.0,,,,7155000000.0,4894000000.0
CME,CME Group,Financials,Financial Exchanges & Data,0001156375,CME Group,Financials,Financial Exchanges & Data,Illinois,99078471680.0,360310000.0,17.8,Low,,,6520600000.0,4229500000.0,4337000000.0,4193600000.0,83500000.0,,0.0,,,,,,,3933000000.0
CMG,Chipotle Mexican Grill,Consumer Discretionary,Restaurants,0001058090,Chipotle Mexican Grill,Consumer Discretionary,Restaurants,California,45808132096.0,1342616000.0,20.7,Medium,,,11925601000.0,1935798000.0,2297180000.0,1447590000.0,666336000.0,,0.0,near-term,2030.0,,,,2425516000.0,
CMI,Cummins,Industrials,Construction Machinery & Heavy Transportation Equipment,0000026172,Cummins,Industrials,Construction Machinery & Heavy Transportation Equipment,Indiana,76644696064.0,138700000.0,19.3,Low,25154000000.0,,33670000000.0,4025000000.0,5130000000.0,2386000000.0,1235000000.0,1396000000.0,0.0,near-term,2030.0,,,,,1055000000.0
CMS,CMS Energy,Utilities,Multi-Utilities,0000811156,CMS Energy,Utilities,Multi-Utilities,Michigan,21056706560.0,306400000.0,21.7,Medium,,657000000.0,8539000000.0,1727000000.0,3033000000.0,,,,0.0,,,,,,,
CNC,Centene Corporation,Health Care,Managed Health Care,0001071739,Centene Corporation,Health Care,Managed Health Care,Missouri,32811147264.0,491757000.0,19.9,Low,2670000000.0,,194777000000.0,-7623000000.0,-6348000000.0,4321000000.0,767000000.0,,0.0,,,,,,475000000.0,
CNP,CenterPoint Energy,Utilities,Multi-Utilities,0001130310,CenterPoint Energy,Utilities,Multi-Utilities,Texas,25762549760.0,652869575.0,28.7,Medium,4000000.0,,9357000000.0,2110000000.0,3640000000.0,-2384000000.0,4870000000.0,,0.0,,,,,,,574000000.0
COF,Capital One,Financials,Consumer Finance,0000927628,Capital One,Financials,Consumer Finance,Virginia,127788900352.0,625102271.0,22.5,Medium,,,53434000000.0,2281000000.0,7541000000.0,26140000000.0,1578000000.0,,0.0,,,,,,4099000000.0,1516000000.0
COHR,Coherent Corp.,Information Technology,Electronic Components,0000820318,Coherent Corp.,Information Technology,Electronic Components,Pennsylvania,59801288704.0,195387000.0,,,3766793000.0,,5810115000.0,94181000.0,647779000.0,192764000.0,440836000.0,581924000.0,0.0,,,,,,,
COIN,Coinbase,Financials,Financial Exchanges & Data,0001679788,Coinbase,Financials,Financial Exchanges & Data,New York,46240059392.0,267836000.0,,,,,7181325000.0,1435441000.0,1623869000.0,,,1670605000.0,0.0,,,,,,790195000.0,
COO,Cooper Companies (The),Health Care,Health Care Supplies,0000711404,Cooper Companies (The),Health Care,Health Care Supplies,California,10251272192.0,195900000.0,17.5,Low,1410300000.0,,4092400000.0,682900000.0,1060300000.0,433700000.0,362400000.0,172200000.0,0.0,,,,,,290100000.0,0.0
COP,ConocoPhillips,Energy,Oil & Gas Exploration & Production,0001163165,ConocoPhillips,Energy,Oil & Gas Exploration & Production,Texas,165003706368.0,1253446000.0,33.9,High,22325000000.0,,58944000000.0,12656000000.0,24156000000.0,,,78000000.0,0.0,,,,,,5018000000.0,3995000000.0
COR,Cencora,Health Care,Health Care Distributors,0001140859,Cencora,Health Care,Health Care Distributors,Pennsylvania,61364293632.0,193937673.0,12.8,Low,309854280000.0,,321332819000.0,2628601000.0,3679676000.0,3207139000.0,667981000.0,,0.0,near-term,,,,,435471000.0,437081000.0
COST,Costco,Consumer Staples,Consumer Staples Merchandise Retail,0000909832,Costco,Consumer Staples,Consumer Staples Merchandise Retail,Washington,401246322688.0,443237000.0,23.3,Medium,239886000000.0,,275235000000.0,10383000000.0,12809000000.0,7837000000.0,5498000000.0,,0.0,,,,,,903000000.0,2183000000.0
CPAY,Corpay,Financials,Transaction & Payment Processing Services,0001175454,Corpay,Financials,Transaction & Payment Processing Services,Georgia,26803562496.0,68362289.0,,,,,4528403000.0,1994108000.0,2387411000.0,1299145000.0,200756000.0,,0.0,,,,,,782818000.0,
CPRT,Copart,Industrials,Diversified Support Services,0000900075,Copart,Industrials,Diversified Support Services,Texas,27728054272.0,967478690.0,16.0,Low,,,4646958000.0,1696714000.0,1912563000.0,1230760000.0,568990000.0,,0.0,,,,,,,
CPT,Camden Property Trust,Real Estate,Multi-Family Residential REITs,0000906345,Camden Property Trust,Real Estate,Multi-Family Residential REITs,Texas,11921612800.0,104300000.0,16.1,Low,566710000.0,,12967000.0,,,,,,0.0,,,,,,270654000.0,460950000.0
CRH,CRH plc,Materials,Construction Materials,0000849395,CRH plc,Materials,Construction Materials,Ireland,58910941184.0,706946142.0,,,23919000000.0,,37447000000.0,5440000000.0,7596000000.0,2912000000.0,2713000000.0,,0.0,near-term,2030.0,,,,1181000000.0,
CRL,Charles River Laboratories,Health Care,Life Sciences Tools & Services,0001100682,Charles River Laboratories,Health Care,Life Sciences Tools & Services,Massachusetts,13403152384.0,49217000.0,,,,,4015382000.0,25162000.0,428474000.0,518494000.0,219152000.0,,0.0,near-term,2030.0,,,,360673000.0,
CRM,Salesforce,Information Technology,Application Software,0001108524,Salesforce,Information Technology,Application Software,California,203873566720.0,929000000.0,14.9,Low,9270000000.0,,41525000000.0,8331000000.0,9531000000.0,14402000000.0,594000000.0,5993000000.0,0.0,,,,,,12596000000.0,1587000000.0
CRWD,CrowdStrike,Information Technology,Systems Software,0001535527,CrowdStrike,Information Technology,Systems Software,Texas,211688292352.0,250576000.0,,,1218929000.0,,4812005000.0,-293292000.0,,1310241000.0,302108000.0,1384770000.0,0.0,near-term,,,,,,
CSCO,Cisco,Information Technology,Communications Equipment,0000858877,Cisco,Information Technology,Communications Equipment,California,442082263040.0,3946000000.0,13.9,Low,19864000000.0,,56654000000.0,11760000000.0,12460000000.0,13288000000.0,905000000.0,9300000000.0,0.0,,,,,,6000000000.0,6437000000.0
CSGP,CoStar Group,Real Estate,Real Estate Services,0001057352,CoStar Group,Real Estate,Real Estate Services,D.C.,12342318080.0,417900000.0,21.9,Medium,686000000.0,,3247000000.0,-72000000.0,191000000.0,123000000.0,307000000.0,,1.0,near-term,2033.0,,,,500000000.0,
CSX,CSX Corporation,Industrials,Rail Transportation,0000277948,CSX Corporation,Industrials,Rail Transportation,Florida,90678648832.0,1860000000.0,21.9,Medium,,1095000000.0,14092000000.0,4521000000.0,6201000000.0,1711000000.0,2902000000.0,,0.0,near-term,2029.0,,,,1396000000.0,972000000.0
CTAS,Cintas,Industrials,Diversified Support Services,0000723254,Cintas,Industrials,Diversified Support Services,Ohio,80634167296.0,400147000.0,18.1,Low,5556968000.0,,11264761000.0,2606512000.0,3119358000.0,1881175000.0,395105000.0,,0.0,,,,,,952104000.0,701485000.0
CTSH,Cognizant,Information Technology,IT Consulting & Other Services,0001058290,Cognizant,Information Technology,IT Consulting & Other Services,New Jersey,27026653184.0,479000000.0,14.7,Low,,,21108000000.0,3389000000.0,3939000000.0,2595000000.0,288000000.0,,0.0,,,,,,1378000000.0,610000000.0
CTVA,Corteva,Materials,Fertilizers & Agricultural Chemicals,0001755672,Corteva,Materials,Fertilizers & Agricultural Chemicals,Indiana,55977746432.0,672163000.0,,,9172000000.0,,17401000000.0,1688000000.0,2891000000.0,2815000000.0,591000000.0,1474000000.0,0.0,,,,,,1071000000.0,475000000.0
CVNA,Carvana,Consumer Discretionary,Automotive Retail,0001690820,Carvana,Consumer Discretionary,Automotive Retail,Arizona,76661358592.0,224277000.0,,,16130000000.0,,20322000000.0,1881000000.0,1881000000.0,889000000.0,147000000.0,,0.0,,,,,,,
CVS,CVS Health,Health Care,Health Care Services,0000064803,CVS Health,Health Care,Health Care Services,Rhode Island,121067339776.0,1271000000.0,22.0,Medium,221167000000.0,,402067000000.0,4660000000.0,9266000000.0,7807000000.0,2832000000.0,,1.0,near-term,2030.0,,,,0.0,3397000000.0
CVX,Chevron Corporation,Energy,Integrated Oil & Gas,0000093410,Chevron Corporation,Energy,Integrated Oil & Gas,Texas,419900817408.0,1856000000.0,36.6,High,108214000000.0,,189031000000.0,,,16592000000.0,17347000000.0,427000000.0,0.0,,,,,,12079000000.0,12751000000.0
D,Dominion Energy,Utilities,Multi-Utilities,0000715957,Dominion Energy,Utilities,Multi-Utilities,Virginia,56606289920.0,879000000.0,26.4,Medium,,,16523000000.0,4414000000.0,6801000000.0,,,,0.0,,,,,,,2278000000.0
DAL,Delta Air Lines,Industrials,Passenger Airlines,0000027904,Delta Air Lines,Industrials,Passenger Airlines,Georgia,52550660096.0,654000000.0,30.3,High,,9819000000.0,63364000000.0,5822000000.0,8265000000.0,3843000000.0,4499000000.0,,0.0,near-term,2035.0,,,,,440000000.0
DASH,DoorDash,Consumer Discretionary,Specialized Consumer Services,0001792789,DoorDash,Consumer Discretionary,Specialized Consumer Services,California,87504519168.0,439686000.0,,,,,13717000000.0,723000000.0,1470000000.0,2174000000.0,257000000.0,1431000000.0,0.0,,,,,,0.0,
DD,DuPont,Industrials,Industrial Conglomerates,0001666700,DuPont,Industrials,Industrial Conglomerates,Delaware,17149107200.0,419200000.0,28.6,Medium,4486000000.0,,6849000000.0,200000000.0,847000000.0,227000000.0,333000000.0,193000000.0,0.0,,,,,,,597000000.0
DDOG,Datadog,Information Technology,Application Software,0001561550,Datadog,Information Technology,Application Software,New York,79430983680.0,363472000.0,,,686957000.0,,3427158000.0,-44373000.0,4827000.0,1000557000.0,49578000.0,1548451000.0,0.0,,,,,,,
DE,Deere & Company,Industrials,Agricultural & Farm Machinery,0000315189,Deere & Company,Industrials,Agricultural & Farm Machinery,Illinois,182196666368.0,270400000.0,20.0,Low,,,45684000000.0,9039000000.0,11268000000.0,6099000000.0,1360000000.0,2311000000.0,0.0,near-term,,,,,1138000000.0,1720000000.0
DECK,Deckers Brands,Consumer Discretionary,Footwear,0000910521,Deckers Brands,Consumer Discretionary,Footwear,California,11067498496.0,139978000.0,,,2314570000.0,,5472296000.0,1262903000.0,1338676000.0,1097332000.0,84623000.0,68899000.0,0.0,near-term,,,,,1075100000.0,
DELL,Dell Technologies,Information Technology,"Technology Hardware, Storage & Peripherals",0001571996,Dell Technologies,Information Technology,"Technology Hardware, Storage & Peripherals",Texas,360690188288.0,652000000.0,,,90831000000.0,,113538000000.0,8149000000.0,11178000000.0,8552000000.0,2633000000.0,3142000000.0,1.0,net-zero,,,,,6014000000.0,1459000000.0
DG,Dollar General,Consumer Staples,Consumer Staples Merchandise Retail,0000029534,Dollar General,Consumer Staples,Consumer Staples Merchandise Retail,Tennessee,27484438528.0,220222000.0,17.6,Low,29624680000.0,,42724369000.0,2203668000.0,3249986000.0,2393338000.0,1241162000.0,,0.0,,,,,,,519510000.0
DGX,Quest Diagnostics,Health Care,Health Care Services,0001022079,Quest Diagnostics,Health Care,Health Care Services,New Jersey,25939947520.0,113000000.0,21.2,Medium,7370000000.0,,11035000000.0,1556000000.0,2126000000.0,1359000000.0,527000000.0,,0.0,,,,,,450000000.0,353000000.0
DHI,D. R. Horton,Consumer Discretionary,Homebuilding,0000882184,D. R. Horton,Consumer Discretionary,Homebuilding,Texas,38568009728.0,294475153.0,21.0,Medium,26134200000.0,,34250400000.0,4739900000.0,4841200000.0,3283500000.0,137400000.0,,0.0,,,,,,4300000000.0,494800000.0
DHR,Danaher Corporation,Health Care,Life Sciences Tools & Services,0000313616,Danaher Corporation,Health Care,Life Sciences Tools & Services,D.C.,140695633920.0,706900000.0,11.9,Low,10045000000.0,,24568000000.0,4690000000.0,6856000000.0,5260000000.0,1156000000.0,1598000000.0,1.0,near-term,2035.0,,,,3088000000.0,878000000.0
DIS,Walt Disney Company (The),Communication Services,Movies & Entertainment,0001744489,Walt Disney Company (The),Communication Services,Movies & Entertainment,California,183978491904.0,1900000000.0,15.7,Low,,,94425000000.0,17551000000.0,22877000000.0,10077000000.0,8024000000.0,,0.0,near-term,,,,,3500000000.0,1803000000.0
DLR,Digital Realty,Real Estate,Data Center REITs,0001297996,Digital Realty,Real Estate,Data Center REITs,Texas,71219822592.0,343557000.0,12.6,Low,,,6112692000.0,658492000.0,2553128000.0,,,,0.0,near-term,2030.0,,,,,1728466000.0
DLTR,Dollar Tree,Consumer Staples,Consumer Staples Merchandise Retail,0000935703,Dollar Tree,Consumer Staples,Consumer Staples Merchandise Retail,Virginia,22172272640.0,198505205.0,20.1,Medium,12345000000.0,,19411800000.0,1653100000.0,2301200000.0,1056700000.0,1134000000.0,,0.0,,,,,,1548000000.0,
DOC,Healthpeak Properties,Real Estate,Health Care REITs,0000765880,Healthpeak Properties,Real Estate,Health Care REITs,Colorado,14391628800.0,695036731.0,,,,,2822512000.0,,,357010000.0,894949000.0,,0.0,near-term,2033.0,,,,97145000.0,849095000.0
DOV,Dover Corporation,Industrials,Industrial Machinery & Supplies & Components,0000029905,Dover Corporation,Industrials,Industrial Machinery & Supplies & Components,Illinois,25461297152.0,137777000.0,25.9,Medium,4874402000.0,,8092571000.0,1373361000.0,1752938000.0,1117742000.0,220263000.0,165342000.0,0.0,near-term,2030.0,,,,540700000.0,283007000.0
DOW,Dow Inc.,Materials,Commodity Chemicals,0001751788,Dow Inc.,Materials,Commodity Chemicals,Michigan,20969551872.0,711600000.0,,,37435000000.0,,39968000000.0,-2511000000.0,323000000.0,-1447000000.0,2479000000.0,,0.0,,,,,,0.0,1490000000.0
DPZ,Domino's,Consumer Discretionary,Restaurants,0001286681,Domino's,Consumer Discretionary,Restaurants,Michigan,10308269056.0,33627992.0,29.2,Medium,2966434000.0,,4939994000.0,953974000.0,1042801000.0,671504000.0,120558000.0,,0.0,,,,,,357697000.0,236861000.0
DRI,Darden Restaurants,Consumer Discretionary,Restaurants,0000940944,Darden Restaurants,Consumer Discretionary,Restaurants,Florida,23831279616.0,114100000.0,27.5,Medium,,,13210900000.0,1582800000.0,2143900000.0,1119100000.0,734000000.0,,0.0,,,,,,671700000.0,693000000.0
DTE,DTE Energy,Utilities,Multi-Utilities,0000936340,DTE Energy,Utilities,Multi-Utilities,Michigan,27588315136.0,207745154.0,29.8,Medium,,,15814000000.0,2374000000.0,4215000000.0,,,,0.0,,,,,,,871000000.0
DUK,Duke Energy,Utilities,Electric Utilities,0001326160,Duke Energy,Utilities,Electric Utilities,North Carolina,93112033280.0,778000000.0,27.0,Medium,,,32237000000.0,8626000000.0,16330000000.0,-1694000000.0,14024000000.0,,0.0,,,,,,,
DVA,DaVita,Health Care,Health Care Services,0000927066,DaVita,Health Care,Health Care Services,Colorado,11582889984.0,68549000.0,22.6,Medium,,,13643069000.0,2043615000.0,2751867000.0,1310636000.0,575864000.0,,0.0,near-term,2030.0,,,,1308366000.0,0.0
DVN,Devon Energy,Energy,Oil & Gas Exploration & Production,0001090012,Devon Energy,Energy,Oil & Gas Exploration & Production,Oklahoma,55253000192.0,633000000.0,33.8,High,,,17188000000.0,3466000000.0,7061000000.0,3119000000.0,3592000000.0,,0.0,,,,,,1050000000.0,
DXCM,Dexcom,Health Care,Health Care Equipment,0001093557,Dexcom,Health Care,Health Care Equipment,California,31332263936.0,384800000.0,24.0,Medium,1860100000.0,,4662000000.0,911800000.0,1163600000.0,1077200000.0,363500000.0,599100000.0,0.0,commitment,,,,,500000000.0,
EBAY,eBay Inc.,Consumer Discretionary,Broadline Retail,0001065088,eBay Inc.,Consumer Discretionary,Broadline Retail,California,47948750848.0,449000000.0,17.6,Low,3169000000.0,,11100000000.0,2277000000.0,2698000000.0,1434000000.0,525000000.0,1642000000.0,1.0,near-term,2030.0,,,,2500000000.0,531000000.0
ECHO,EchoStar,Communication Services,Wireless Telecommunication Services,0001415404,EchoStar,Communication Services,Wireless Telecommunication Services,Colorado,27056306176.0,287589000.0,,,,,15004989000.0,-17723146000.0,-16137597000.0,-1065104000.0,965730000.0,68000000.0,0.0,,,,,,48512000.0,
ECL,Ecolab,Materials,Specialty Chemicals,0000031462,Ecolab,Materials,Specialty Chemicals,Minnesota,77421150208.0,282000000.0,19.9,Low,8930800000.0,,16081200000.0,2737600000.0,3452100000.0,1904300000.0,1048300000.0,202000000.0,1.0,near-term,2030.0,,,,783800000.0,753600000.0
ED,Consolidated Edison,Utilities,Multi-Utilities,0001047862,Consolidated Edison,Utilities,Multi-Utilities,New York,39371956224.0,361121447.0,23.8,Medium,,,17049000000.0,2935000000.0,5256000000.0,,,,0.0,,,,,,0.0,1166000000.0
EFX,Equifax,Industrials,Research & Consulting Services,0000033185,Equifax,Industrials,Research & Consulting Services,Georgia,19854948352.0,120400000.0,23.2,Medium,,,6074500000.0,1095200000.0,1822100000.0,1134300000.0,481400000.0,,0.0,near-term,2032.0,,,,927500000.0,232800000.0
EG,Everest Group,Financials,Reinsurance,0001095073,Everest Group,Financials,Reinsurance,Bermuda,14252378112.0,74400000.0,18.0,Low,,,17496000000.0,1887000000.0,,,,,0.0,,,,,,797000000.0,335000000.0
EIX,Edison International,Utilities,Electric Utilities,0000827052,Edison International,Utilities,Electric Utilities,California,21549582336.0,384787056.0,27.5,Medium,,,19317000000.0,7093000000.0,10330000000.0,-715000000.0,6515000000.0,,0.0,,,,,,32000000.0,1274000000.0
EL,Estée Lauder Companies (The),Consumer Staples,Personal Care Products,0001001250,Estée Lauder Companies (The),Consumer Staples,Personal Care Products,New York,35137875968.0,364800000.0,25.5,Medium,3729000000.0,,14326000000.0,-785000000.0,44000000.0,670000000.0,602000000.0,,0.0,near-term,,,,,35000000.0,618000000.0
ELV,Elevance Health,Health Care,Managed Health Care,0001156039,Elevance Health,Health Care,Managed Health Care,Indiana,90807508992.0,220723898.0,11.4,Low,21178000000.0,,199125000000.0,7199000000.0,8745000000.0,3174000000.0,1116000000.0,,0.0,near-term,2030.0,,,,2605000000.0,1529000000.0
EME,Emcor,Industrials,Construction & Engineering,0000105634,Emcor,Industrials,Construction & Engineering,Connecticut,34434834432.0,44520367.0,,,13703434000.0,,16986422000.0,1713418000.0,1765240000.0,1189313000.0,112750000.0,,0.0,commitment,,,,,586258000.0,45023000.0
EMR,Emerson Electric,Industrials,Electrical Components & Equipment,0000032604,Emerson Electric,Industrials,Electrical Components & Equipment,Missouri,84891582464.0,562800000.0,28.4,Medium,8497000000.0,,18016000000.0,2934000000.0,4452000000.0,2667000000.0,431000000.0,771000000.0,1.0,net-zero,,,,,1167000000.0,1192000000.0
EOG,EOG Resources,Energy,Oil & Gas Exploration & Production,0000821189,EOG Resources,Energy,Oil & Gas Exploration & Production,Texas,77294624768.0,546000000.0,34.2,High,,,22632000000.0,6385000000.0,10846000000.0,,,,0.0,,,,,,2564000000.0,
EQIX,Equinix,Real Estate,Data Center REITs,0001101239,Equinix,Real Estate,Data Center REITs,California,102393577472.0,98226000.0,13.9,Low,4508000000.0,,9217000000.0,1848000000.0,3898000000.0,-400000000.0,4311000000.0,,1.0,near-term,2030.0,,,,,1856000000.0
EQT,EQT Corporation,Energy,Oil & Gas Exploration & Production,0000033213,EQT Corporation,Energy,Oil & Gas Exploration & Production,Pennsylvania,33821650944.0,615717000.0,35.7,High,1532090000.0,,8644211000.0,3249619000.0,5850009000.0,2837527000.0,2288425000.0,,0.0,,,,,,0.0,389633000.0
ERIE,Erie Indemnity,Financials,Insurance Brokers,0000922621,Erie Indemnity,Financials,Insurance Brokers,Pennsylvania,12812585984.0,46189068.0,,,,,4067258000.0,717184000.0,786634000.0,570965000.0,115692000.0,,0.0,,,,,,,254275000.0
ES,Eversource Energy,Utilities,Electric Utilities,0000072741,Eversource Energy,Utilities,Electric Utilities,Connecticut,25809752064.0,375416880.0,18.6,Low,,,13547244000.0,2988589000.0,5393089000.0,-45097000.0,4158669000.0,,0.0,commitment,,,,,,1093074000.0
ESS,Essex Property Trust,Real Estate,Multi-Family Residential REITs,0000920522,Essex Property Trust,Real Estate,Multi-Family Residential REITs,California,18812475392.0,64442290.0,12.4,Low,,,1887345000.0,899316000.0,1506858000.0,,,,0.0,near-term,2034.0,,,,0.0,
ETN,Eaton Corporation,Industrials,Electrical Components & Equipment,0001551182,Eaton Corporation,Industrials,Electrical Components & Equipment,Ireland,165213700096.0,387900000.0,17.9,Low,17131000000.0,,27448000000.0,4932000000.0,5938000000.0,3553000000.0,919000000.0,797000000.0,0.0,near-term,2030.0,,,,1862000000.0,1626000000.0
ETR,Entergy,Utilities,Electric Utilities,0000065984,Entergy,Utilities,Electric Utilities,Louisiana,50324303872.0,450151884.0,26.7,Medium,,,12946686000.0,3202278000.0,5507846000.0,-2534271000.0,7684922000.0,,0.0,,,,,,,1074151000.0
EVRG,Evergy,Utilities,Electric Utilities,0001711269,Evergy,Utilities,Electric Utilities,Missouri,18818893824.0,233600000.0,,,,,5961600000.0,1532900000.0,2695800000.0,-751700000.0,2796900000.0,,0.0,,,,,,,613100000.0
EW,Edwards Lifesciences,Health Care,Health Care Equipment,0001099800,Edwards Lifesciences,Health Care,Health Care Equipment,California,48630870016.0,580700000.0,18.6,Low,1334200000.0,,6067600000.0,1264200000.0,1420800000.0,1335000000.0,260200000.0,1079200000.0,0.0,near-term,2030.0,,,,893400000.0,
EXC,Exelon,Utilities,Electric Utilities,0001109357,Exelon,Utilities,Electric Utilities,Illinois,44465762304.0,1023000000.0,22.9,Medium,,,24258000000.0,5148000000.0,8791000000.0,-2275000000.0,8529000000.0,,0.0,,,,,,,1617000000.0
EXE,Expand Energy,Energy,Oil & Gas Exploration & Production,0000895126,Expand Energy,Energy,Oil & Gas Exploration & Production,Oklahoma,21953505280.0,240370000.0,,,,,12124000000.0,2471000000.0,5451000000.0,1839000000.0,2736000000.0,,0.0,,,,,,100000000.0,765000000.0
EXPD,Expeditors International,Industrials,Air Freight & Logistics,0000746515,Expeditors International,Industrials,Air Freight & Logistics,Washington,25036195840.0,133884000.0,16.6,Low,,,11069009000.0,1052546000.0,1109315000.0,953400000.0,53101000.0,,0.0,,,,,,667306000.0,207437000.0
EXPE,Expedia Group,Consumer Discretionary,"Hotels, Resorts & Cruise Lines",0001324424,Expedia Group,Consumer Discretionary,"Hotels, Resorts & Cruise Lines",Washington,33705799680.0,116975000.0,27.6,Medium,,,14733000000.0,1871000000.0,2758000000.0,3110000000.0,770000000.0,,0.0,near-term,2030.0,,,,1930000000.0,200000000.0
EXR,Extra Space Storage,Real Estate,Self-Storage REITs,0001289490,Extra Space Storage,Real Estate,Self-Storage REITs,Utah,30377498624.0,211155322.0,15.2,Low,918148000.0,,3377542000.0,1412691000.0,2127868000.0,1288470000.0,561723000.0,,0.0,,,,,,149548000.0,1374298000.0
F,Ford Motor Company,Consumer Discretionary,Automobile Manufacturers,0000037996,Ford Motor Company,Consumer Discretionary,Automobile Manufacturers,Michigan,55706714112.0,3979000000.0,22.4,Medium,174466000000.0,,187267000000.0,-9169000000.0,6805000000.0,12467000000.0,8815000000.0,9400000000.0,0.0,near-term,2035.0,,,,0.0,2989000000.0
FANG,Diamondback Energy,Energy,Oil & Gas Exploration & Production,0001539838,Diamondback Energy,Energy,Oil & Gas Exploration & Production,Texas,57395654656.0,284594908.0,,,,,15026000000.0,1266000000.0,6304000000.0,,,,0.0,,,,,,,1156000000.0
FAST,Fastenal,Industrials,Trading Companies & Distributors,0000815556,Fastenal,Industrials,Trading Companies & Distributors,Minnesota,56594579456.0,1148057473.0,24.7,Medium,4509300000.0,,8200500000.0,1655700000.0,1834900000.0,1050600000.0,245300000.0,,0.0,,,,,,,1004200000.0
FCX,Freeport-McMoRan,Materials,Copper,0000831259,Freeport-McMoRan,Materials,Copper,Arizona,102057762816.0,1443000000.0,31.6,High,18618000000.0,,25915000000.0,6518000000.0,8762000000.0,1116000000.0,4494000000.0,,0.0,commitment,,,,,107000000.0,865000000.0
FDS,FactSet,Financials,Financial Exchanges & Data,0001013237,FactSet,Financials,Financial Exchanges & Data,Connecticut,9236726784.0,37645870.0,18.4,Low,1097782000.0,,2321748000.0,748303000.0,905994000.0,617454000.0,108806000.0,300700000.0,0.0,,,,,,300457000.0,159973000.0
FDX,FedEx,Industrials,Air Freight & Logistics,0001048911,FedEx,Industrials,Air Freight & Logistics,Tennessee,73838804992.0,239000000.0,19.7,Low,,4052000000.0,94720000000.0,5463000000.0,9832000000.0,5116000000.0,3809000000.0,,0.0,near-term,,,,,796000000.0,1374000000.0
FDXF,FedEx Freight,Industrials,Cargo Ground Transportation,0002082247,FedEx Freight,Industrials,Cargo Ground Transportation,Tennessee,19184670720.0,149505248.0,,,,486000000.0,8795000000.0,540000000.0,1052000000.0,-212000000.0,379000000.0,,0.0,,,,,,,48000000.0
FE,FirstEnergy,Utilities,Electric Utilities,0001031296,FirstEnergy,Utilities,Electric Utilities,Ohio,26692661248.0,577851052.0,25.6,Medium,,652000000.0,15090000000.0,2206000000.0,3523000000.0,-1005000000.0,4705000000.0,,0.0,,,,,,,1016000000.0
FERG,Ferguson Enterprises,Industrials,Trading Companies & Distributors,0002011641,Ferguson Enterprises,Industrials,Trading Companies & Distributors,Virginia,43050967040.0,199200000.0,,,21327000000.0,,30762000000.0,2606000000.0,2979000000.0,1603000000.0,305000000.0,,0.0,,,,,,948000000.0,489000000.0
FFIV,"F5, Inc.",Information Technology,Communications Equipment,0001048695,"F5, Inc.",Information Technology,Communications Equipment,Washington,23313977344.0,57684000.0,17.1,Low,573978000.0,,3088072000.0,765949000.0,858348000.0,906406000.0,43260000.0,539815000.0,0.0,near-term,,,,,502085000.0,
FICO,Fair Isaac,Information Technology,Application Software,0000814547,Fair Isaac,Information Technology,Application Software,Montana,21282095104.0,23764000.0,,,353722000.0,,1990869000.0,924850000.0,939802000.0,769885000.0,8922000.0,188347000.0,0.0,,,,,,1414502000.0,
FIS,Fidelity National Information Services,Financials,Transaction & Payment Processing Services,0001136893,Fidelity National Information Services,Financials,Transaction & Payment Processing Services,Florida,19669022720.0,525000000.0,17.5,Low,6741000000.0,,10677000000.0,1741000000.0,3624000000.0,2454000000.0,154000000.0,,0.0,,,,,,1425000000.0,847000000.0
FISV,Fiserv,Financials,Transaction & Payment Processing Services,0000798354,Fiserv,Financials,Transaction & Payment Processing Services,Wisconsin,27428528128.0,549000000.0,19.6,Low,,,21193000000.0,5818000000.0,8980000000.0,4299000000.0,1763000000.0,,0.0,,,,,,,
FITB,Fifth Third Bancorp,Financials,Regional Banks,0000035527,Fifth Third Bancorp,Financials,Regional Banks,Ohio,49625161728.0,661197787.0,16.8,Low,,,9903000000.0,3211000000.0,3765000000.0,3930000000.0,584000000.0,,0.0,,,,,,525000000.0,1163000000.0
FIX,Comfort Systems USA,Industrials,Construction & Engineering,0001035983,Comfort Systems USA,Industrials,Construction & Engineering,Texas,59507273728.0,35177000.0,,,6905742000.0,,9101641000.0,1314589000.0,1376989000.0,1031453000.0,154903000.0,,0.0,,,,,,215999000.0,68833000.0
FLEX,Flex Ltd.,Information Technology,Electronic Manufacturing Services,0000866374,Flex Ltd.,Information Technology,Electronic Manufacturing Services,Texas,42769477632.0,365690291.0,,,25288000000.0,,27914000000.0,1368000000.0,,1052000000.0,633000000.0,,0.0,near-term,2030.0,,,,944000000.0,
FOX,Fox Corporation (Class B),Communication Services,Broadcasting,0001754301,Fox Corporation (Class B),Communication Services,Broadcasting,New York,24574570496.0,439000000.0,,,,,16300000000.0,3061000000.0,3446000000.0,2993000000.0,331000000.0,,0.0,,,,,,1000000000.0,277000000.0
FRT,Federal Realty Investment Trust,Real Estate,Retail REITs,0000034903,Federal Realty Investment Trust,Real Estate,Retail REITs,Maryland,9997160448.0,86266009.0,12.4,Low,,42703000.0,1278975000.0,602199000.0,970041000.0,,,,0.0,near-term,2030.0,,,,,
FSLR,First Solar,Information Technology,Semiconductors,0001274494,First Solar,Information Technology,Semiconductors,Arizona,22464409600.0,107309794.0,,,3099037000.0,,5219376000.0,1596864000.0,2126080000.0,1187230000.0,869875000.0,233421000.0,1.0,near-term,2028.0,,,,,
FTNT,Fortinet,Information Technology,Systems Software,0001262039,Fortinet,Information Technology,Systems Software,California,114510700544.0,743000000.0,18.9,Low,1328900000.0,,6799600000.0,2084700000.0,2236700000.0,2225800000.0,364800000.0,815500000.0,0.0,near-term,2030.0,,,,2289800000.0,
FTV,Fortive,Industrials,Industrial Machinery & Supplies & Components,0001659166,Fortive,Industrials,Industrial Machinery & Supplies & Components,Washington,16517312512.0,313400000.0,34.8,High,1518000000.0,,4159100000.0,720200000.0,1157800000.0,978100000.0,105100000.0,259200000.0,0.0,,,,,,1610100000.0,92200000.0
GD,General Dynamics,Industrials,Aerospace & Defense,0000040533,General Dynamics,Industrials,Aerospace & Defense,Virginia,96291299328.0,270389759.0,35.2,High,,,52550000000.0,5356000000.0,6280000000.0,3959000000.0,1161000000.0,,0.0,,,,,,637000000.0,1593000000.0
GDDY,GoDaddy,Information Technology,Internet Services & Infrastructure,0001609711,GoDaddy,Information Technology,Internet Services & Infrastructure,Arizona,12420340736.0,134737000.0,,,,,4951100000.0,1127300000.0,1243900000.0,1575500000.0,23900000.0,,0.0,,,,,,1601900000.0,
GE,GE Aerospace,Industrials,Aerospace & Defense,0000040545,GE Aerospace,Industrials,Aerospace & Defense,Ohio,335817474048.0,1048766702.0,40.5,Severe,,,45855000000.0,10000000000.0,10863000000.0,7264000000.0,1273000000.0,1580000000.0,0.0,,,,,,7551000000.0,
GEHC,GE HealthCare,Health Care,Health Care Equipment,0001932393,GE HealthCare,Health Care,Health Care Equipment,Illinois,28876302336.0,458000000.0,,,,,20625000000.0,2763000000.0,,1505000000.0,482000000.0,1260000000.0,1.0,near-term,2030.0,,,,200000000.0,64000000.0
GEN,Gen Digital,Information Technology,Systems Software,0000849399,Gen Digital,Information Technology,Systems Software,Arizona,18113243136.0,598000000.0,16.9,Low,1077000000.0,,5000000000.0,2120000000.0,2613000000.0,1523000000.0,22000000.0,409000000.0,0.0,,,,,,634000000.0,312000000.0
GEV,GE Vernova,Industrials,Heavy Electrical Equipment,0001996810,GE Vernova,Industrials,Heavy Electrical Equipment,Massachusetts,254953160704.0,269529464.0,,,30533000000.0,,38068000000.0,1388000000.0,1388000000.0,3710000000.0,1277000000.0,1197000000.0,0.0,,,,,,3316000000.0,275000000.0
GILD,Gilead Sciences,Health Care,Biotechnology,0000882095,Gilead Sciences,Health Care,Biotechnology,California,178206359552.0,1241000000.0,23.0,Medium,6234000000.0,,29443000000.0,10022000000.0,10022000000.0,9456000000.0,563000000.0,,0.0,near-term,2030.0,,,,1922000000.0,4003000000.0
GIS,General Mills,Consumer Staples,Packaged Foods & Meats,0000040704,General Mills,Consumer Staples,Packaged Foods & Meats,Minnesota,19166466048.0,537700000.0,21.1,Medium,12228900000.0,,18424600000.0,885800000.0,1441000000.0,1626300000.0,539900000.0,256000000.0,1.0,net-zero,,,,,500300000.0,1315300000.0
GL,Globe Life,Financials,Life & Health Insurance,0000320335,Globe Life,Financials,Life & Health Insurance,Texas,13154320384.0,92218183.0,20.4,Medium,,,5994318000.0,1435975000.0,1265012000.0,1253907000.0,142484000.0,,0.0,,,,,,880983000.0,86067000.0
GLW,Corning Inc.,Information Technology,Electronic Components,0000024741,Corning Inc.,Information Technology,Electronic Components,New York,143335014400.0,871000000.0,16.5,Low,10008000000.0,,15629000000.0,2279000000.0,2279000000.0,,,800000000.0,0.0,near-term,2028.0,,,,163000000.0,
GM,General Motors,Consumer Discretionary,Automobile Manufacturers,0001467858,General Motors,Consumer Discretionary,Automobile Manufacturers,Michigan,77439139840.0,904000000.0,28.5,Medium,,,185019000000.0,2909000000.0,14889000000.0,17564000000.0,9303000000.0,,0.0,near-term,2035.0,,,,6012000000.0,657000000.0
GNRC,Generac,Industrials,Heavy Electrical Equipment,0001474735,Generac,Industrials,Heavy Electrical Equipment,Wisconsin,11033600000.0,59275781.0,,,2597410000.0,,4209147000.0,289191000.0,484026000.0,268128000.0,169850000.0,243470000.0,0.0,,,,,,147917000.0,293000.0
GOOGL,Alphabet Inc. (Class A),Communication Services,Interactive Media & Services,0001652044,Alphabet Inc. (Class A),Communication Services,Interactive Media & Services,California,4139833098240.0,12088000000.0,24.2,Medium,162535000000.0,,402836000000.0,129039000000.0,129039000000.0,73266000000.0,91447000000.0,61087000000.0,0.0,near-term,2030.0,,,,45709000000.0,10049000000.0
GPC,Genuine Parts Company,Consumer Discretionary,Distributors,0000040987,Genuine Parts Company,Consumer Discretionary,Distributors,Georgia,18429091840.0,137617832.0,13.7,Low,15359443000.0,,24300141000.0,52168000.0,590191000.0,420924000.0,469838000.0,,0.0,,,,,,0.0,563842000.0
GPN,Global Payments,Financials,Transaction & Payment Processing Services,0001123360,Global Payments,Financials,Transaction & Payment Processing Services,Georgia,23363158016.0,236692592.0,20.9,Medium,2113381000.0,,7705878000.0,1754624000.0,2983832000.0,2038823000.0,617769000.0,,0.0,,,,,,1191020000.0,238521000.0
GRMN,Garmin,Consumer Discretionary,Consumer Electronics,0001121788,Garmin,Consumer Discretionary,Consumer Electronics,Switzerland,54513631232.0,192620000.0,20.7,Medium,2989216000.0,,7245519000.0,1876076000.0,,1362913000.0,270446000.0,1126231000.0,0.0,,,,,,,663885000.0
GS,Goldman Sachs,Financials,Investment Banking & Brokerage,0000886982,Goldman Sachs,Financials,Investment Banking & Brokerage,New York,299667783680.0,296476742.0,25.5,Medium,,,58283000000.0,21852000000.0,24034000000.0,-47218000000.0,2064000000.0,,0.0,,,,,,12360000000.0,5277000000.0
GWW,W. W. Grainger,Industrials,Industrial Machinery & Supplies & Components,0000277135,W. W. Grainger,Industrials,Industrial Machinery & Supplies & Components,Illinois,60289208320.0,48000000.0,16.0,Low,10933000000.0,,17942000000.0,2495000000.0,2825000000.0,1331000000.0,684000000.0,,0.0,,,,,,1045000000.0,467000000.0
HAL,Halliburton,Energy,Oil & Gas Equipment & Services,0000045012,Halliburton,Energy,Oil & Gas Equipment & Services,Texas,29859393536.0,835000000.0,25.6,Medium,,,22184000000.0,2260000000.0,3396000000.0,1672000000.0,1254000000.0,411000000.0,0.0,,,,,,1007000000.0,579000000.0
HAS,Hasbro,Consumer Discretionary,Leisure Products,0000046080,Hasbro,Consumer Discretionary,Leisure Products,Rhode Island,12911210496.0,140200000.0,7.1,Negligible,1296200000.0,,5365900000.0,11100000.0,146600000.0,829900000.0,63300000.0,385600000.0,1.0,near-term,2030.0,,,,,392500000.0
HBAN,Huntington Bancshares,Financials,Regional Banks,0000049196,Huntington Bancshares,Financials,Regional Banks,Michigan,34064195584.0,1567732506.0,21.8,Medium,,,1562000000.0,2688000000.0,3450000000.0,2215000000.0,267000000.0,,0.0,,,,,,,908000000.0
HCA,HCA Healthcare,Health Care,Health Care Facilities,0000860730,HCA Healthcare,Health Care,Health Care Facilities,Tennessee,92433154048.0,224605100.0,28.8,Medium,,,75600000000.0,9832000000.0,13355000000.0,7692000000.0,4944000000.0,,0.0,,,,,,10067000000.0,679000000.0
HD,Home Depot (The),Consumer Discretionary,Home Improvement Retail,0000354950,Home Depot (The),Consumer Discretionary,Home Improvement Retail,Georgia,308026671104.0,996000000.0,12.6,Low,109818000000.0,,164683000000.0,20890000000.0,24404000000.0,12646000000.0,3679000000.0,,0.0,near-term,,,,,0.0,9152000000.0
HIG,Hartford (The),Financials,Property & Casualty Insurance,0000874766,Hartford (The),Financials,Property & Casualty Insurance,Connecticut,36936105984.0,286500000.0,16.6,Low,,,28368000000.0,4760000000.0,5156000000.0,5753000000.0,169000000.0,,0.0,,,,,,1615000000.0,592000000.0
HII,Huntington Ingalls Industries,Industrials,Aerospace & Defense,0001501585,Huntington Ingalls Industries,Industrials,Aerospace & Defense,Virginia,11021072384.0,39241527.0,,,,,12484000000.0,657000000.0,986000000.0,794000000.0,402000000.0,26000000.0,0.0,,,,,,,213000000.0
HLT,Hilton Worldwide,Consumer Discretionary,"Hotels, Resorts & Cruise Lines",0001585689,Hilton Worldwide,Consumer Discretionary,"Hotels, Resorts & Cruise Lines",Virginia,68912627712.0,230433192.0,17.6,Low,,,12039000000.0,2693000000.0,2870000000.0,2028000000.0,101000000.0,,0.0,near-term,2030.0,,,,3182000000.0,143000000.0
HON,Honeywell Technologies,Industrials,Industrial Conglomerates,0000773840,Honeywell Technologies,Industrials,Industrial Conglomerates,North Carolina,64135979008.0,635300000.0,28.6,Medium,23613000000.0,,37442000000.0,8127000000.0,9515000000.0,5422000000.0,986000000.0,1812000000.0,0.0,,,,,,3804000000.0,2976000000.0
HONA,Honeywell Aerospace,Industrials,Aerospace & Defense,0002089271,Honeywell Aerospace,Industrials,Aerospace & Defense,Arizona,50160939008.0,316952725.0,,,,,,,,,,,0.0,,,,,,,
HOOD,Robinhood Markets,Financials,Investment Banking & Brokerage,0001783879,Robinhood Markets,Financials,Investment Banking & Brokerage,California,101209694208.0,918781846.0,,,,,4473000000.0,2108000000.0,2194000000.0,,,355000000.0,0.0,,,,,,653000000.0,
HPE,Hewlett Packard Enterprise,Information Technology,"Technology Hardware, Storage & Peripherals",0001645590,Hewlett Packard Enterprise,Information Technology,"Technology Hardware, Storage & Peripherals",Texas,82422292480.0,1318292428.0,10.7,Low,,,34296000000.0,-437000000.0,2300000000.0,627000000.0,2292000000.0,2518000000.0,1.0,net-zero,,,,,202000000.0,684000000.0
HPQ,HP Inc.,Information Technology,"Technology Hardware, Storage & Peripherals",0000047217,HP Inc.,Information Technology,"Technology Hardware, Storage & Peripherals",California,31995543552.0,921000000.0,11.3,Low,43903000000.0,,55295000000.0,3174000000.0,4090000000.0,2800000000.0,897000000.0,1602000000.0,1.0,net-zero,,,,,850000000.0,1088000000.0
HRL,Hormel Foods,Consumer Staples,Packaged Foods & Meats,0000048465,Hormel Foods,Consumer Staples,Packaged Foods & Meats,Minnesota,11320715264.0,550496000.0,30.0,Medium,10214344000.0,,12106160000.0,718603000.0,982504000.0,534349000.0,310902000.0,35200000.0,0.0,near-term,2030.0,,,,0.0,633192000.0
HSIC,Henry Schein,Health Care,Health Care Distributors,0001000228,Henry Schein,Health Care,Health Care Distributors,New York,9847416832.0,115771149.0,13.9,Low,9079000000.0,,13184000000.0,653000000.0,964000000.0,573000000.0,139000000.0,,1.0,near-term,2030.0,,,,850000000.0,
HST,Host Hotels & Resorts,Real Estate,Hotel & Resort REITs,0001070750,Host Hotels & Resorts,Real Estate,Hotel & Resort REITs,Maryland,15450716160.0,687800000.0,13.4,Low,,,6114000000.0,855000000.0,1650000000.0,,,,0.0,near-term,2030.0,,,,205000000.0,623000000.0
HSY,Hershey Company (The),Consumer Staples,Packaged Foods & Meats,0000047111,Hershey Company (The),Consumer Staples,Packaged Foods & Meats,Pennsylvania,34824437760.0,202839656.0,26.0,Medium,7769885000.0,,11692576000.0,1441528000.0,1945229000.0,1822745000.0,454622000.0,61655000.0,0.0,near-term,2030.0,,,,0.0,1085296000.0
HUBB,Hubbell Incorporated,Industrials,Industrial Machinery & Supplies & Components,0000048898,Hubbell Incorporated,Industrials,Industrial Machinery & Supplies & Components,Connecticut,24324116480.0,53253805.0,19.6,Low,3780500000.0,,5844600000.0,1208800000.0,1414900000.0,874700000.0,155100000.0,,0.0,,,,,,225000000.0,
HUM,Humana,Health Care,Managed Health Care,0000049071,Humana,Health Care,Managed Health Care,Kentucky,49208905728.0,120826000.0,22.5,Medium,,,129664000000.0,2704000000.0,3402000000.0,375000000.0,546000000.0,,0.0,near-term,2029.0,,,,151000000.0,430000000.0
HWM,Howmet Aerospace,Industrials,Aerospace & Defense,0000004281,Howmet Aerospace,Industrials,Aerospace & Defense,Pennsylvania,91568791552.0,401620565.0,,,,,8252000000.0,2046000000.0,2329000000.0,1431000000.0,453000000.0,37000000.0,0.0,,,,,,700000000.0,
IBKR,Interactive Brokers,Financials,Investment Banking & Brokerage,0001381197,Interactive Brokers,Financials,Investment Banking & Brokerage,Connecticut,155677638656.0,443859546.0,,,,,2440000000.0,4771000000.0,4832000000.0,,,,0.0,,,,,,,134000000.0
IBM,IBM,Information Technology,IT Consulting & Other Services,0000051143,IBM,Information Technology,IT Consulting & Other Services,New York,229211865088.0,936952129.0,14.1,Low,28239000000.0,,67535000000.0,10328000000.0,,12102000000.0,1091000000.0,8316000000.0,0.0,,,,,,,6255000000.0
ICE,Intercontinental Exchange,Financials,Financial Exchanges & Data,0001571949,Intercontinental Exchange,Financials,Financial Exchanges & Data,Georgia,88363491328.0,567000000.0,19.8,Low,,,12640000000.0,4929000000.0,6489000000.0,4289000000.0,373000000.0,,0.0,,,,,,1294000000.0,1105000000.0
IDXX,Idexx Laboratories,Health Care,Health Care Equipment,0000874716,Idexx Laboratories,Health Care,Health Care Equipment,Maine,39760830464.0,79712000.0,18.7,Low,1644123000.0,,4303702000.0,1360031000.0,1505214000.0,1057129000.0,124676000.0,251207000.0,0.0,,,,,,1216964000.0,
IEX,IDEX Corporation,Industrials,Industrial Machinery & Supplies & Components,0000832101,IDEX Corporation,Industrials,Industrial Machinery & Supplies & Components,Illinois,16528738304.0,75300000.0,29.3,Medium,1918700000.0,,3457500000.0,699300000.0,851400000.0,616800000.0,63600000.0,70000000.0,0.0,,,,,,247800000.0,212600000.0
IFF,International Flavors & Fragrances,Materials,Specialty Chemicals,0000051253,International Flavors & Fragrances,Materials,Specialty Chemicals,New York,21333088256.0,255700000.0,22.7,Medium,6952000000.0,,10890000000.0,-382000000.0,580000000.0,256000000.0,594000000.0,694000000.0,0.0,near-term,2030.0,,,,38000000.0,409000000.0
INCY,Incyte,Health Care,Biotechnology,0000879169,Incyte,Health Care,Biotechnology,Delaware,24621694976.0,198460009.0,24.8,Medium,372130000.0,,5141242000.0,1514859000.0,1608145000.0,,,2050152000.0,0.0,,,,,,0.0,
INTC,Intel,Information Technology,Semiconductors,0000050863,Intel,Information Technology,Semiconductors,California,544151666688.0,4994000000.0,18.9,Low,34478000000.0,,52853000000.0,-2214000000.0,-2014000000.0,-4949000000.0,14646000000.0,13774000000.0,0.0,,,,,,,0.0
INTU,Intuit,Information Technology,Application Software,0000896878,Intuit,Information Technology,Application Software,California,85935079424.0,268384000.0,16.4,Low,,,18831000000.0,4923000000.0,,6123000000.0,84000000.0,2928000000.0,1.0,net-zero,,,,,2772000000.0,1189000000.0
INVH,Invitation Homes,Real Estate,Single-Family Residential REITs,0001687229,Invitation Homes,Real Estate,Single-Family Residential REITs,Texas,16265763840.0,610788732.0,,,,,2729296000.0,118207000.0,118207000.0,,,,0.0,,,,,,53207000.0,712842000.0
IP,International Paper,Materials,Paper & Plastic Packaging Products & Materials,0000051434,International Paper,Materials,Paper & Plastic Packaging Products & Materials,Tennessee,18196021248.0,627000000.0,24.5,Medium,16637000000.0,,23634000000.0,2361000000.0,5108000000.0,-159000000.0,1857000000.0,,0.0,near-term,2030.0,,,,65000000.0,977000000.0
IQV,IQVIA,Health Care,Life Sciences Tools & Services,0001478242,IQVIA,Health Care,Life Sciences Tools & Services,North Carolina,43087339520.0,169600000.0,19.1,Low,,,16310000000.0,2182000000.0,3326000000.0,2051000000.0,603000000.0,,1.0,near-term,2030.0,,,,1244000000.0,
IR,Ingersoll Rand,Industrials,Industrial Machinery & Supplies & Components,0001699150,Ingersoll Rand,Industrials,Industrial Machinery & Supplies & Components,North Carolina,28296798208.0,391121689.0,,,4314600000.0,,7650900000.0,1144600000.0,1650400000.0,1220100000.0,135600000.0,114300000.0,1.0,near-term,2034.0,,,,1018000000.0,31800000.0
IRM,Iron Mountain,Real Estate,Other Specialized REITs,0001020569,Iron Mountain,Real Estate,Other Specialized REITs,New Hampshire,34289410048.0,295788645.0,14.5,Low,,,6901737000.0,1163822000.0,2188257000.0,-931629000.0,2271628000.0,,1.0,near-term,2033.0,,,,,919388000.0
ISRG,Intuitive Surgical,Health Care,Health Care Equipment,0001035267,Intuitive Surgical,Health Care,Health Care Equipment,California,132258340864.0,355100000.0,21.1,Medium,3422400000.0,,10064700000.0,2945500000.0,2945500000.0,2490700000.0,539800000.0,1311800000.0,0.0,,,,,,2295300000.0,
IT,Gartner,Information Technology,IT Consulting & Other Services,0000749251,Gartner,Information Technology,IT Consulting & Other Services,Connecticut,11340923904.0,75605000.0,18.9,Low,2053575000.0,,6497226000.0,1025711000.0,1226020000.0,,,,0.0,near-term,2029.0,,,,1991147000.0,
ITW,Illinois Tool Works,Industrials,Industrial Machinery & Supplies & Components,0000049826,Illinois Tool Works,Industrials,Industrial Machinery & Supplies & Components,Illinois,76371968000.0,288600000.0,25.3,Medium,8969000000.0,,16044000000.0,4216000000.0,4216000000.0,2707000000.0,419000000.0,302000000.0,0.0,,,,,,1500000000.0,1785000000.0
IVZ,Invesco,Financials,Asset Management & Custody Banks,0000914208,Invesco,Financials,Asset Management & Custody Banks,Georgia,14251612160.0,444000000.0,22.8,Medium,,,6377100000.0,-695700000.0,-539800000.0,1441000000.0,84300000.0,,0.0,,,,,,123600000.0,377300000.0
J,Jacobs Solutions,Industrials,Construction & Engineering,0000052988,Jacobs Solutions,Industrials,Construction & Engineering,Texas,16601927680.0,119081294.0,22.4,Medium,9044849000.0,,12029783000.0,863634000.0,945693000.0,607472000.0,79232000.0,,0.0,,,,,,754130000.0,153027000.0
JBHT,J.B. Hunt,Industrials,Cargo Ground Transportation,0000728535,J.B. Hunt,Industrials,Cargo Ground Transportation,Arkansas,25399296000.0,94594725.0,14.8,Low,,633324000.0,11999096000.0,865069000.0,1579854000.0,947585000.0,730687000.0,,0.0,,,,,,923292000.0,171048000.0
JBL,Jabil,Information Technology,Electronic Manufacturing Services,0000898293,Jabil,Information Technology,Electronic Manufacturing Services,Florida,33330675712.0,107480895.0,,,27156000000.0,,29802000000.0,1182000000.0,1856000000.0,1172000000.0,468000000.0,26000000.0,0.0,commitment,,,,,1000000000.0,36000000.0
JCI,Johnson Controls,Industrials,Building Products,0000833444,Johnson Controls,Industrials,Building Products,Ireland,88444305408.0,654100000.0,14.4,Low,15004000000.0,,23596000000.0,1969000000.0,2834000000.0,2120000000.0,434000000.0,273000000.0,0.0,near-term,2030.0,,,,5991000000.0,976000000.0
JKHY,Jack Henry & Associates,Financials,Transaction & Payment Processing Services,0000779152,Jack Henry & Associates,Financials,Transaction & Payment Processing Services,Missouri,11296542720.0,72043000.0,18.7,Low,1360747000.0,,2375288000.0,568715000.0,,588146000.0,53358000.0,162771000.0,0.0,,,,,,35051000.0,164644000.0
JNJ,Johnson & Johnson,Health Care,Pharmaceuticals,0000200406,Johnson & Johnson,Health Care,Pharmaceuticals,New Jersey,640020840448.0,2429400000.0,24.0,Medium,30256000000.0,,94193000000.0,32581000000.0,40084000000.0,19698000000.0,4832000000.0,109000000.0,0.0,near-term,2030.0,,,,5953000000.0,
JPM,JPMorgan Chase,Financials,Diversified Banks,0000019617,JPMorgan Chase,Financials,Diversified Banks,New York,946925731840.0,2696200000.0,29.3,Medium,,,182447000000.0,72595000000.0,81416000000.0,,,,0.0,,,,,,31591000000.0,16625000000.0
KDP,Keurig Dr Pepper,Consumer Staples,Soft Drinks & Non-alcoholic Beverages,0001418135,Keurig Dr Pepper,Consumer Staples,Soft Drinks & Non-alcoholic Beverages,Massachusetts,42716327936.0,1358663795.0,,,7604000000.0,,16603000000.0,3575000000.0,3677000000.0,1505000000.0,486000000.0,70000000.0,0.0,near-term,2030.0,,,,9000000.0,1250000000.0
KEY,KeyCorp,Financials,Regional Banks,0000091576,KeyCorp,Financials,Regional Banks,Ohio,23306088448.0,1107994000.0,21.4,Medium,,,7513000000.0,2304000000.0,2391000000.0,2101000000.0,107000000.0,,0.0,,,,,,,1054000000.0
KEYS,Keysight Technologies,Information Technology,Electronic Equipment & Instruments,0001601046,Keysight Technologies,Information Technology,Electronic Equipment & Instruments,California,57651683328.0,173000000.0,7.6,Negligible,2038000000.0,,5375000000.0,876000000.0,1101000000.0,1281000000.0,128000000.0,1007000000.0,0.0,near-term,,,,,375000000.0,
KHC,Kraft Heinz,Consumer Staples,Packaged Foods & Meats,0001637459,Kraft Heinz,Consumer Staples,Packaged Foods & Meats,Pennsylvania,29171265536.0,1184000000.0,33.7,High,16633000000.0,,24942000000.0,-4669000000.0,-3701000000.0,3661000000.0,801000000.0,167000000.0,1.0,near-term,2030.0,,,,436000000.0,1898000000.0
KIM,Kimco Realty,Real Estate,Retail REITs,0000879101,Kimco Realty,Real Estate,Retail REITs,New York,15555605504.0,674093047.0,10.9,Low,,,2140116000.0,770823000.0,1397913000.0,1101615000.0,18400000.0,,0.0,near-term,2030.0,,,,120329000.0,711745000.0
KKR,KKR & Co.,Financials,Asset Management & Custody Banks,0001404912,KKR & Co.,Financials,Asset Management & Custody Banks,New York,93356531712.0,891451844.0,,,,,19464307000.0,7099160000.0,6936631000.0,,,,0.0,,,,,,3362000.0,649942000.0
KLAC,KLA Corporation,Information Technology,Semiconductor Materials & Equipment,0000319201,KLA Corporation,Information Technology,Semiconductor Materials & Equipment,California,236014616576.0,1306983000.0,17.2,Low,4751867000.0,,12156162000.0,4644448000.0,5038536000.0,3746644000.0,335259000.0,1360334000.0,0.0,near-term,2030.0,,,,2149946000.0,904594000.0
KMB,Kimberly-Clark,Consumer Staples,Household Products,0000055785,Kimberly-Clark,Consumer Staples,Household Products,Texas,32642633728.0,331900000.0,28.5,Medium,10524000000.0,,16447000000.0,2351000000.0,3156000000.0,1639000000.0,1138000000.0,326000000.0,0.0,near-term,2030.0,,,,141000000.0,1660000000.0
KMI,Kinder Morgan,Energy,Oil & Gas Storage & Transportation,0001506307,Kinder Morgan,Energy,Oil & Gas Storage & Transportation,Texas,68719116288.0,2224777750.0,19.0,Low,,,16937000000.0,4724000000.0,7177000000.0,2891000000.0,3026000000.0,,0.0,,,,,,0.0,2604000000.0
KO,Coca-Cola Company (The),Consumer Staples,Soft Drinks & Non-alcoholic Beverages,0000021344,Coca-Cola Company (The),Consumer Staples,Soft Drinks & Non-alcoholic Beverages,Georgia,379872051200.0,4313000000.0,21.6,Medium,18397000000.0,,47941000000.0,13762000000.0,14812000000.0,5296000000.0,2112000000.0,,0.0,,,,,,746000000.0,8779000000.0
KR,Kroger,Consumer Staples,Food Retail,0000056873,Kroger,Consumer Staples,Food Retail,Ohio,34860040192.0,655000000.0,21.3,Medium,,,147642000000.0,1890000000.0,5222000000.0,3456000000.0,3855000000.0,,0.0,commitment,,,,,2699000000.0,885000000.0
KVUE,Kenvue,Consumer Staples,Personal Care Products,0001944048,Kenvue,Consumer Staples,Personal Care Products,New Jersey,34151354368.0,1916115445.0,,,6332000000.0,,15124000000.0,2414000000.0,2971000000.0,1722000000.0,475000000.0,382000000.0,0.0,near-term,2030.0,,,,197000000.0,1581000000.0
L,Loews Corporation,Financials,Multi-line Insurance,0000060086,Loews Corporation,Financials,Multi-line Insurance,New York,22239690752.0,209100000.0,16.4,Low,,,18454000000.0,2283000000.0,2890000000.0,2700000000.0,579000000.0,,0.0,,,,,,806000000.0,52000000.0
LDOS,Leidos,Industrials,Diversified Support Services,0001336920,Leidos,Industrials,Diversified Support Services,Virginia,16170926080.0,126380657.0,17.6,Low,14075000000.0,,17174000000.0,2109000000.0,2399000000.0,1625000000.0,125000000.0,187000000.0,0.0,,,,,,400000000.0,
LEN,Lennar,Consumer Discretionary,Homebuilding,0000920760,Lennar,Consumer Discretionary,Homebuilding,Florida,19175251968.0,272019000.0,25.4,Medium,,,34186934000.0,2813863000.0,2948173000.0,28183000.0,188629000.0,,0.0,,,,,,1808369000.0,520959000.0
LH,Labcorp,Health Care,Health Care Services,0000920148,Labcorp,Health Care,Health Care Services,North Carolina,25265895424.0,82200000.0,19.7,Low,9939200000.0,,13951700000.0,1384700000.0,2065800000.0,1206000000.0,434500000.0,,0.0,near-term,2030.0,,,,450000000.0,240700000.0
LHX,L3Harris,Industrials,Aerospace & Defense,0000202058,L3Harris,Industrials,Aerospace & Defense,Florida,45723136000.0,186844093.0,,,,,,2110000000.0,3334000000.0,2682000000.0,424000000.0,,0.0,,,,,,1154000000.0,903000000.0
LII,Lennox International,Industrials,Building Products,0001069202,Lennox International,Industrials,Building Products,Texas,12650590208.0,35400000.0,,,3460500000.0,,5195300000.0,1041500000.0,1154000000.0,638800000.0,118800000.0,103400000.0,0.0,near-term,2034.0,,,,482300000.0,173000000.0
LIN,Linde plc,Materials,Industrial Gases,0001707925,Linde plc,Materials,Industrial Gases,United Kingdom,214918168576.0,472195000.0,,,,,33986000000.0,8923000000.0,12686000000.0,5089000000.0,5261000000.0,147000000.0,0.0,near-term,2035.0,,,,4601000000.0,2811000000.0
LITE,Lumentum,Information Technology,Communications Equipment,0001633978,Lumentum,Information Technology,Communications Equipment,California,83154591744.0,88600000.0,,,,,1645000000.0,-180100000.0,,-104700000.0,231000000.0,303900000.0,1.0,net-zero,,,,,0.0,
LLY,Lilly (Eli),Health Care,Pharmaceuticals,0000059478,Lilly (Eli),Health Care,Pharmaceuticals,Indiana,994915778560.0,899300000.0,24.3,Medium,11052000000.0,,65179000000.0,25731000000.0,27728000000.0,,,,0.0,,,,,,4108000000.0,5384000000.0
LMT,Lockheed Martin,Industrials,Aerospace & Defense,0000936468,Lockheed Martin,Industrials,Aerospace & Defense,Maryland,120978202624.0,229000000.0,30.2,High,67429000000.0,,75048000000.0,7731000000.0,9418000000.0,6908000000.0,1649000000.0,2000000000.0,0.0,,,,,,3000000000.0,3131000000.0
LNT,Alliant Energy,Utilities,Electric Utilities,0000352541,Alliant Energy,Utilities,Electric Utilities,Wisconsin,17439490048.0,257137261.0,21.4,Medium,625000000.0,,4362000000.0,1025000000.0,1871000000.0,,,,0.0,,,,,,,521000000.0
LOW,Lowe's,Consumer Discretionary,Home Improvement Retail,0000060667,Lowe's,Consumer Discretionary,Home Improvement Retail,North Carolina,110426652672.0,561000000.0,11.8,Low,57401000000.0,,86286000000.0,10153000000.0,12347000000.0,7651000000.0,2213000000.0,,0.0,,,,,,211000000.0,2636000000.0
LRCX,Lam Research,Information Technology,Semiconductor Materials & Equipment,0000707549,Lam Research,Information Technology,Semiconductor Materials & Equipment,California,373168930816.0,1251278000.0,13.6,Low,9456532000.0,,18435591000.0,5900968000.0,6287245000.0,5414078000.0,759186000.0,2096387000.0,0.0,near-term,2034.0,,,,3422321000.0,1149542000.0
LULU,Lululemon Athletica,Consumer Discretionary,"Apparel, Accessories & Luxury Goods",0001397187,Lululemon Athletica,Consumer Discretionary,"Apparel, Accessories & Luxury Goods",Canada,10956971008.0,111380000.0,16.9,Low,4818468000.0,,11102600000.0,2210615000.0,2706843000.0,921675000.0,680802000.0,,0.0,,,,,,1178349000.0,
LUV,Southwest Airlines,Industrials,Passenger Airlines,0000092380,Southwest Airlines,Industrials,Passenger Airlines,Texas,19196530688.0,558000000.0,30.7,High,,5240000000.0,28063000000.0,428000000.0,1988000000.0,-831000000.0,2673000000.0,,0.0,,,,,,2550000000.0,399000000.0
LVS,Las Vegas Sands,Consumer Discretionary,Casinos & Gaming,0001300514,Las Vegas Sands,Consumer Discretionary,Casinos & Gaming,Nevada,27741042688.0,675000000.0,18.7,Low,,,13017000000.0,2818000000.0,4282000000.0,1855000000.0,1168000000.0,269000000.0,0.0,near-term,2030.0,,,,2217000000.0,833000000.0
LYB,LyondellBasell,Materials,Specialty Chemicals,0001489393,LyondellBasell,Materials,Specialty Chemicals,Netherlands,20574285824.0,322084769.0,20.7,Medium,27576000000.0,,30153000000.0,-420000000.0,970000000.0,384000000.0,1878000000.0,136000000.0,0.0,,,,,,201000000.0,1764000000.0
LYV,Live Nation Entertainment,Communication Services,Movies & Entertainment,0001335258,Live Nation Entertainment,Communication Services,Movies & Entertainment,California,39638056960.0,235421446.0,,,,,25201406000.0,1251217000.0,1890089000.0,333611000.0,1061705000.0,,0.0,,,,,,23531000.0,
MA,Mastercard,Financials,Transaction & Payment Processing Services,0001141391,Mastercard,Financials,Transaction & Payment Processing Services,New York,498616074240.0,906000000.0,17.1,Low,,,32791000000.0,18897000000.0,20040000000.0,17159000000.0,489000000.0,,0.0,near-term,2030.0,,,,11727000000.0,2756000000.0
MAA,Mid-America Apartment Communities,Real Estate,Multi-Family Residential REITs,0000912595,Mid-America Apartment Communities,Real Estate,Multi-Family Residential REITs,Tennessee,14845492224.0,116878077.0,13.1,Low,,,2209126000.0,130276000.0,753245000.0,,,,0.0,,,,,,27235000.0,709024000.0
MAR,Marriott International,Consumer Discretionary,"Hotels, Resorts & Cruise Lines",0001048286,Marriott International,Consumer Discretionary,"Hotels, Resorts & Cruise Lines",Maryland,87275872256.0,265864771.0,21.4,Medium,,,26186000000.0,4141000000.0,4268000000.0,2608000000.0,604000000.0,,1.0,near-term,2030.0,,,,3300000000.0,718000000.0
MAS,Masco,Industrials,Building Products,0000062996,Masco,Industrials,Building Products,Michigan,13511281664.0,204300000.0,22.2,Medium,4883000000.0,,7562000000.0,1248000000.0,1396000000.0,866000000.0,156000000.0,,0.0,,,,,,571000000.0,261000000.0
MCD,McDonald's,Consumer Discretionary,Restaurants,0000063908,McDonald's,Consumer Discretionary,Restaurants,Illinois,178700713984.0,716.4,26.0,Medium,,,26885000000.0,12393000000.0,12850000000.0,7186000000.0,3365000000.0,,1.0,near-term,2030.0,,,,2056000000.0,5115000000.0
MCHP,Microchip Technology,Information Technology,Semiconductors,0000827054,Microchip Technology,Information Technology,Semiconductors,Arizona,40291246080.0,542079011.0,31.8,High,1992000000.0,,4713100000.0,490100000.0,1179400000.0,871000000.0,91100000.0,1085900000.0,0.0,,,,,,0.0,984000000.0
MCK,McKesson Corporation,Health Care,Health Care Distributors,0000927653,McKesson Corporation,Health Care,Health Care Distributors,Texas,102775570432.0,124100000.0,15.2,Low,388880000000.0,,403430000000.0,6212000000.0,6499000000.0,5719000000.0,436000000.0,,0.0,near-term,,,,,4750000000.0,381000000.0
MCO,Moody's Corporation,Financials,Financial Exchanges & Data,0001059556,Moody's Corporation,Financials,Financial Exchanges & Data,New York,82252316672.0,179900000.0,15.8,Low,1973000000.0,,7718000000.0,3351000000.0,3831000000.0,2575000000.0,326000000.0,,1.0,near-term,2030.0,,,,1607000000.0,701000000.0
MDLZ,Mondelez International,Consumer Staples,Packaged Foods & Meats,0001103982,Mondelez International,Consumer Staples,Packaged Foods & Meats,Illinois,79692677120.0,1298000000.0,22.0,Medium,27602000000.0,,38537000000.0,3548000000.0,4906000000.0,3235000000.0,1279000000.0,400000000.0,1.0,near-term,2030.0,,,,2385000000.0,2487000000.0
MDT,Medtronic,Health Care,Health Care Equipment,0001613103,Medtronic,Health Care,Health Care Equipment,Ireland,116350386176.0,1280177293.0,22.8,Medium,12721000000.0,,36364000000.0,6467000000.0,9425000000.0,5426000000.0,1904000000.0,,0.0,near-term,,,,,1035000000.0,3639000000.0
MET,MetLife,Financials,Life & Health Insurance,0001099219,MetLife,Financials,Life & Health Insurance,New York,61730230272.0,655333773.0,16.4,Low,,,77084000000.0,6137000000.0,6137000000.0,,,,0.0,commitment,,,,,2883000000.0,1509000000.0
META,Meta Platforms,Communication Services,Interactive Media & Services,0001326801,Meta Platforms,Communication Services,Interactive Media & Services,California,1650860490752.0,2574000000.0,34.1,High,36175000000.0,,200966000000.0,83276000000.0,101892000000.0,46109000000.0,69691000000.0,57372000000.0,0.0,near-term,2031.0,,,,26248000000.0,5324000000.0
MGM,MGM Resorts,Consumer Discretionary,Casinos & Gaming,0000789570,MGM Resorts,Consumer Discretionary,Casinos & Gaming,Nevada,10205905920.0,258323143.0,24.8,Medium,,,17537683000.0,1001780000.0,2019574000.0,1460451000.0,1068927000.0,,0.0,near-term,2030.0,,,,1228272000.0,
MKC,McCormick & Company,Consumer Staples,Packaged Foods & Meats,0000063754,McCormick & Company,Consumer Staples,Packaged Foods & Meats,Maryland,13797462016.0,269400000.0,26.1,Medium,4248100000.0,,6840300000.0,1070800000.0,1302100000.0,740400000.0,221800000.0,106100000.0,1.0,net-zero,,,,,34800000.0,483000000.0
MLM,Martin Marietta Materials,Materials,Construction Materials,0000916076,Martin Marietta Materials,Materials,Construction Materials,North Carolina,36217044992.0,60309739.0,30.1,High,4261000000.0,,6150000000.0,1437000000.0,2074000000.0,978000000.0,807000000.0,,0.0,near-term,2035.0,,,,450000000.0,197000000.0
MMM,3M,Industrials,Industrial Conglomerates,0000066740,3M,Industrials,Industrial Conglomerates,Minnesota,85078728704.0,530279131.0,37.3,High,14991000000.0,,24948000000.0,4629000000.0,5937000000.0,1396000000.0,910000000.0,,0.0,near-term,2030.0,,,,3251000000.0,1562000000.0
MNST,Monster Beverage,Consumer Staples,Soft Drinks & Non-alcoholic Beverages,0000865752,Monster Beverage,Consumer Staples,Soft Drinks & Non-alcoholic Beverages,California,85022851072.0,978113000.0,29.2,Medium,3662148000.0,,8294343000.0,2419354000.0,2533795000.0,1965902000.0,132275000.0,,0.0,commitment,,,,,103646000.0,
MO,Altria,Consumer Staples,Tobacco,0000764180,Altria,Consumer Staples,Tobacco,Virginia,115178938368.0,1674318297.0,31.3,High,5597000000.0,,23279000000.0,9899000000.0,10165000000.0,9074000000.0,216000000.0,195000000.0,1.0,near-term,2030.0,,,,1000000000.0,6960000000.0
MOS,Mosaic Company (The),Materials,Fertilizers & Agricultural Chemicals,0001285785,Mosaic Company (The),Materials,Fertilizers & Agricultural Chemicals,Florida,8007791616.0,317408647.0,33.5,High,10150500000.0,,12052400000.0,821500000.0,1871400000.0,-534600000.0,1359400000.0,,0.0,,,,,,0.0,280400000.0
MPC,Marathon Petroleum,Energy,Oil & Gas Refining & Marketing,0001510295,Marathon Petroleum,Energy,Oil & Gas Refining & Marketing,Ohio,111186952192.0,306000000.0,30.5,High,119446000000.0,,132699000000.0,8291000000.0,11542000000.0,4767000000.0,3486000000.0,,0.0,,,,,,3488000000.0,1140000000.0
MPWR,Monolithic Power Systems,Information Technology,Semiconductors,0001280452,Monolithic Power Systems,Information Technology,Semiconductors,Washington,60665065472.0,47892000.0,,,1250718000.0,,2790459000.0,728636000.0,781149000.0,666189000.0,172013000.0,,0.0,,,,,,6600000.0,284797000.0
MRK,Merck & Co.,Health Care,Pharmaceuticals,0000310158,Merck & Co.,Health Care,Pharmaceuticals,New Jersey,355100000256.0,2507000000.0,21.4,Medium,16382000000.0,,65011000000.0,21067000000.0,,12360000000.0,4112000000.0,15789000000.0,0.0,,,,,,5084000000.0,8176000000.0
MRNA,Moderna,Health Care,Biotechnology,0001682852,Moderna,Health Care,Biotechnology,Massachusetts,57477992448.0,394000000.0,,,868000000.0,,1944000000.0,-3074000000.0,-2863000000.0,-2065000000.0,192000000.0,3132000000.0,1.0,near-term,2030.0,,,,2000000.0,
MRSH,Marsh McLennan,Financials,Insurance Brokers,0000062709,Marsh McLennan,Financials,Insurance Brokers,New York,84423442432.0,485000000.0,,,,,26981000000.0,6223000000.0,6584000000.0,5001000000.0,291000000.0,,1.0,near-term,2030.0,,,,2012000000.0,1699000000.0
MRVL,Marvell Technology,Information Technology,Semiconductors,0001835632,Marvell Technology,Information Technology,Semiconductors,California,212184170496.0,847300000.0,,,4013900000.0,,8194600000.0,1322900000.0,,1396400000.0,354100000.0,2075200000.0,0.0,near-term,,,,,2040100000.0,205100000.0
MS,Morgan Stanley,Financials,Investment Banking & Brokerage,0000895421,Morgan Stanley,Financials,Investment Banking & Brokerage,New York,336698015744.0,1582834137.0,24.6,Medium,,,70645000000.0,21954000000.0,26612000000.0,,,,0.0,,,,,,,6593000000.0
MSCI,MSCI,Financials,Financial Exchanges & Data,0001408198,MSCI,Financials,Financial Exchanges & Data,New York,40320147456.0,73563183.0,16.3,Low,,,3134459000.0,1713567000.0,1736972000.0,1549127000.0,39319000.0,177596000.0,1.0,near-term,2030.0,,,,2484305000.0,556521000.0
MSFT,Microsoft,Information Technology,Systems Software,0000789019,Microsoft,Information Technology,Systems Software,Washington,3680323239936.0,7427000000.0,15.1,Low,87831000000.0,,281724000000.0,128528000000.0,,71611000000.0,64551000000.0,32488000000.0,0.0,near-term,2030.0,,,,18420000000.0,24082000000.0
MSI,Motorola Solutions,Information Technology,Communications Equipment,0000068505,Motorola Solutions,Information Technology,Communications Equipment,Illinois,77146587136.0,165700000.0,13.1,Low,5647000000.0,,11682000000.0,2988000000.0,3413000000.0,2572000000.0,265000000.0,970000000.0,0.0,,,,,,1154000000.0,728000000.0
MTB,M&T Bank,Financials,Regional Banks,0000036270,M&T Bank,Financials,Regional Banks,New York,34635350016.0,158791000.0,26.5,Medium,,,1657000000.0,3692000000.0,4015000000.0,,,,0.0,,,,,,2631000000.0,899000000.0
MTD,Mettler Toledo,Health Care,Life Sciences Tools & Services,0001037646,Mettler Toledo,Health Care,Life Sciences Tools & Services,Ohio,25917691904.0,20359353.0,13.1,Low,,,4026399000.0,1048909000.0,,848648000.0,107124000.0,199373000.0,0.0,near-term,2030.0,,,,799995000.0,
MU,Micron Technology,Information Technology,Semiconductors,0000723125,Micron Technology,Information Technology,Semiconductors,Idaho,1101452017664.0,1122000000.0,18.2,Low,22505000000.0,,37378000000.0,9770000000.0,18122000000.0,1668000000.0,15857000000.0,3798000000.0,0.0,,,,,,0.0,522000000.0
NCLH,Norwegian Cruise Line Holdings,Consumer Discretionary,"Hotels, Resorts & Cruise Lines",0001513761,Norwegian Cruise Line Holdings,Consumer Discretionary,"Hotels, Resorts & Cruise Lines",Florida,6805163520.0,455257489.0,25.9,Medium,5639163000.0,675887000.0,9827592000.0,1560868000.0,2722976000.0,-1169860000.0,3259606000.0,,0.0,,,,,,,
NDAQ,"Nasdaq, Inc.",Financials,Financial Exchanges & Data,0001120193,"Nasdaq, Inc.",Financials,Financial Exchanges & Data,New York,50973147136.0,569894024.0,13.1,Low,3013000000.0,,8262000000.0,2331000000.0,2476000000.0,1989000000.0,266000000.0,,1.0,near-term,2032.0,,,,616000000.0,601000000.0
NDSN,Nordson Corporation,Industrials,Industrial Machinery & Supplies & Components,0000072331,Nordson Corporation,Industrials,Industrial Machinery & Supplies & Components,Ohio,17515780096.0,55920000.0,24.9,Medium,1251903000.0,,2791687000.0,711725000.0,790989000.0,661115000.0,58060000.0,68239000.0,0.0,,,,,,306367000.0,179069000.0
NEE,NextEra Energy,Utilities,Multi-Utilities,0000753308,NextEra Energy,Utilities,Multi-Utilities,Florida,171696865280.0,2083000000.0,23.3,Medium,,,27412000000.0,8280000000.0,14860000000.0,,,,0.0,,,,,,,4680000000.0
NEM,Newmont,Materials,Gold,0001164727,Newmont,Materials,Gold,Colorado,133618712576.0,1089000000.0,20.5,Medium,,,22669000000.0,11342000000.0,13863000000.0,7299000000.0,3035000000.0,166000000.0,0.0,near-term,2030.0,,,,2303000000.0,1106000000.0
NFLX,Netflix,Communication Services,Movies & Entertainment,0001065280,Netflix,Communication Services,Movies & Entertainment,California,322288943104.0,4222162150.0,16.4,Low,23275329000.0,,45183036000.0,13326603000.0,13659992000.0,9461053000.0,688220000.0,3391390000.0,0.0,near-term,2030.0,,,,9127167000.0,
NI,NiSource,Utilities,Multi-Utilities,0001111711,NiSource,Utilities,Multi-Utilities,Indiana,19858583552.0,478432058.0,26.0,Medium,,,6522800000.0,1835300000.0,3002900000.0,-420000000.0,2782300000.0,,0.0,,,,,,,530400000.0
NKE,"Nike, Inc.",Consumer Discretionary,"Apparel, Accessories & Luxury Goods",0000320187,"Nike, Inc.",Consumer Discretionary,"Apparel, Accessories & Luxury Goods",Oregon,54592753664.0,1481000000.0,19.6,Low,26487000000.0,,46398000000.0,3900000000.0,4647000000.0,2184000000.0,684000000.0,,0.0,near-term,2030.0,,,,146000000.0,2407000000.0
NOC,Northrop Grumman,Industrials,Aerospace & Defense,0001133421,Northrop Grumman,Industrials,Aerospace & Defense,Virginia,73726443520.0,141997194.0,27.5,Medium,,,41954000000.0,4511000000.0,5983000000.0,3307000000.0,1450000000.0,1100000000.0,0.0,,,,,,1624000000.0,1293000000.0
NOW,ServiceNow,Information Technology,Systems Software,0001373715,ServiceNow,Information Technology,Systems Software,California,137017729024.0,1047278000.0,16.6,Low,2983000000.0,,13278000000.0,1824000000.0,2562000000.0,4576000000.0,868000000.0,2960000000.0,0.0,near-term,2026.0,,,,1840000000.0,
NRG,NRG Energy,Utilities,Independent Power Producers & Energy Traders,0001013871,NRG Energy,Utilities,Independent Power Producers & Energy Traders,Texas,23850481664.0,190376607.0,32.0,High,,,30713000000.0,1845000000.0,3251000000.0,766000000.0,1147000000.0,,0.0,near-term,2025.0,,,,1311000000.0,411000000.0
NSC,Norfolk Southern,Industrials,Rail Transportation,0000702165,Norfolk Southern,Industrials,Rail Transportation,Georgia,71935320064.0,224420699.0,23.9,Medium,,932000000.0,12180000000.0,4356000000.0,5749000000.0,2157000000.0,2204000000.0,,0.0,near-term,2034.0,,,,534000000.0,1215000000.0
NTAP,NetApp,Information Technology,"Technology Hardware, Storage & Peripherals",0001002047,NetApp,Information Technology,"Technology Hardware, Storage & Peripherals",California,39142379520.0,196000000.0,15.4,Low,2026000000.0,,6925000000.0,1674000000.0,1853000000.0,1869000000.0,198000000.0,991000000.0,0.0,near-term,,,,,950000000.0,413000000.0
NTRS,Northern Trust,Financials,Asset Management & Custody Banks,0000073124,Northern Trust,Financials,Asset Management & Custody Banks,Illinois,34613379072.0,186337588.0,23.9,Medium,,,8086400000.0,2339500000.0,3118600000.0,5459500000.0,74000000.0,,0.0,commitment,,,,,1273500000.0,591600000.0
NUE,Nucor,Materials,Steel,0000073309,Nucor,Materials,Steel,North Carolina,58858356736.0,231000000.0,32.8,High,28616000000.0,,32494000000.0,2568000000.0,,-188000000.0,3422000000.0,,0.0,,,,,,700000000.0,512000000.0
NVDA,Nvidia,Information Technology,Semiconductors,0001045810,Nvidia,Information Technology,Semiconductors,California,5271048421376.0,24304000000.0,13.6,Low,62475000000.0,,215938000000.0,130387000000.0,133230000000.0,96676000000.0,6042000000.0,18497000000.0,0.0,near-term,,,,,40086000000.0,974000000.0
NVR,"NVR, Inc.",Consumer Discretionary,Homebuilding,0000906163,"NVR, Inc.",Consumer Discretionary,Homebuilding,Virginia,16499457024.0,2799387.0,20.3,Medium,,,10323959000.0,,,1096812000.0,24508000.0,,0.0,,,,,,1833316000.0,
NWS,News Corp (Class B),Communication Services,Publishing,0001564708,News Corp (Class B),Communication Services,Publishing,New York,17544667136.0,558400000.0,,,,,8452000000.0,923000000.0,1382000000.0,571000000.0,407000000.0,,0.0,near-term,,,,,150000000.0,185000000.0
NXPI,NXP Semiconductors,Information Technology,Semiconductors,0001413447,NXP Semiconductors,Information Technology,Semiconductors,Netherlands,59667087360.0,254331000.0,19.8,Low,5553000000.0,,12269000000.0,3047000000.0,3879000000.0,2423000000.0,397000000.0,2360000000.0,0.0,near-term,2030.0,,,,899000000.0,1025000000.0
O,Realty Income,Real Estate,Retail REITs,0000726728,Realty Income,Real Estate,Retail REITs,California,56299974656.0,933975000.0,15.5,Low,,,5749377000.0,1155129000.0,3679329000.0,,,,0.0,,,,,,,2920895000.0
ODFL,Old Dominion,Industrials,Cargo Ground Transportation,0000878927,Old Dominion,Industrials,Cargo Ground Transportation,North Carolina,37390618624.0,208556788.0,,,,,5496389000.0,1361045000.0,1725728000.0,955099000.0,415034000.0,,0.0,,,,,,730338000.0,235641000.0
OKE,Oneok,Energy,Oil & Gas Storage & Transportation,0001039684,Oneok,Energy,Oil & Gas Storage & Transportation,Oklahoma,60906319872.0,629707691.0,25.1,Medium,23373000000.0,,33629000000.0,5741000000.0,7255000000.0,2447000000.0,3152000000.0,,0.0,,,,,,75000000.0,2583000000.0
OMC,Omnicom Group,Communication Services,Advertising,0000029989,Omnicom Group,Communication Services,Advertising,New York,21676075008.0,313100000.0,16.3,Low,15804800000.0,,17271900000.0,444700000.0,721400000.0,2788400000.0,149800000.0,,0.0,near-term,2030.0,,,,707900000.0,549600000.0
ON,ON Semiconductor,Information Technology,Semiconductors,0001097864,ON Semiconductor,Information Technology,Semiconductors,Arizona,29642719232.0,396740551.0,22.4,Medium,4011500000.0,,5995400000.0,84200000.0,770200000.0,1418600000.0,341200000.0,,0.0,,,,,,1377600000.0,
ORCL,Oracle Corporation,Information Technology,Application Software,0001341439,Oracle Corporation,Information Technology,Application Software,Texas,432877174784.0,2880000000.0,13.9,Low,,,67357000000.0,20606000000.0,,-23686000000.0,55663000000.0,10272000000.0,0.0,,,,,,95000000.0,5787000000.0
ORLY,O'Reilly Automotive,Consumer Discretionary,Automotive Retail,0000898173,O'Reilly Automotive,Consumer Discretionary,Automotive Retail,Missouri,69425012736.0,841909238.0,12.1,Low,8607851000.0,,17781992000.0,3460612000.0,3971842000.0,1593178000.0,1168815000.0,,0.0,,,,,,2096962000.0,
OTIS,Otis Worldwide,Industrials,Industrial Machinery & Supplies & Components,0001781335,Otis Worldwide,Industrials,Industrial Machinery & Supplies & Components,Connecticut,26304251904.0,394900000.0,,,,,14431000000.0,2133000000.0,2308000000.0,1444000000.0,152000000.0,152000000.0,0.0,near-term,2033.0,,,,809000000.0,647000000.0
OXY,Occidental Petroleum,Energy,Oil & Gas Exploration & Production,0000797468,Occidental Petroleum,Energy,Oil & Gas Exploration & Production,Texas,61437710336.0,984416165.0,41.7,Severe,,,21593000000.0,3128000000.0,10661000000.0,4105000000.0,6427000000.0,,0.0,,,,,,0.0,
PANW,Palo Alto Networks,Information Technology,Systems Software,0001327567,Palo Alto Networks,Information Technology,Systems Software,California,270471692288.0,815000000.0,13.9,Low,2451000000.0,,9221000000.0,1243000000.0,1586000000.0,3469000000.0,247000000.0,1984000000.0,1.0,net-zero,,,,,0.0,
PAYX,Paychex,Industrials,Human Resource & Employment Services,0000723531,Paychex,Industrials,Human Resource & Employment Services,New York,41222541312.0,355600000.0,16.7,Low,1674500000.0,,6512000000.0,2510500000.0,2953100000.0,2321800000.0,234900000.0,,0.0,,,,,,611000000.0,1589600000.0
PCAR,Paccar,Industrials,Construction Machinery & Heavy Transportation Equipment,0000075362,Paccar,Industrials,Construction Machinery & Heavy Transportation Equipment,Washington,64600772608.0,526800000.0,27.6,Medium,22736700000.0,,28444800000.0,3023500000.0,3421700000.0,3672800000.0,743000000.0,445500000.0,0.0,near-term,2030.0,,,,36100000.0,2267100000.0
PCG,PG&E Corporation,Utilities,Multi-Utilities,0001004980,PG&E Corporation,Utilities,Multi-Utilities,California,30392664064.0,2197942874.0,30.4,High,,,24935000000.0,4749000000.0,4749000000.0,-3071000000.0,11787000000.0,,0.0,commitment,,,,,,
PEG,Public Service Enterprise Group,Utilities,Electric Utilities,0000788784,Public Service Enterprise Group,Utilities,Electric Utilities,New Jersey,36080627712.0,498000000.0,27.2,Medium,,,12168000000.0,2980000000.0,4138000000.0,26000000.0,3272000000.0,,0.0,,,,,,,1258000000.0
PEP,PepsiCo,Consumer Staples,Soft Drinks & Non-alcoholic Beverages,0000077476,PepsiCo,Consumer Staples,Soft Drinks & Non-alcoholic Beverages,New York,186213122048.0,1373000000.0,22.1,Medium,43066000000.0,,93925000000.0,11498000000.0,14949000000.0,7672000000.0,4415000000.0,839000000.0,1.0,near-term,2030.0,,,,1000000000.0,7638000000.0
PFE,Pfizer,Health Care,Pharmaceuticals,0000078003,Pfizer,Health Care,Pharmaceuticals,New York,157994942464.0,5713000000.0,24.6,Medium,16067000000.0,,62579000000.0,7520000000.0,14112000000.0,9075000000.0,2629000000.0,,0.0,near-term,2030.0,,,,,
PFG,Principal Financial Group,Financials,Life & Health Insurance,0001126328,Principal Financial Group,Financials,Life & Health Insurance,Iowa,24871464960.0,217380912.0,14.2,Low,,,15625500000.0,,,,,,0.0,commitment,,,,,902700000.0,684000000.0
PG,Procter & Gamble,Consumer Staples,Personal Care Products,0000080424,Procter & Gamble,Consumer Staples,Personal Care Products,Ohio,337414619136.0,2422500000.0,28.6,Medium,41164000000.0,,84284000000.0,20451000000.0,23298000000.0,14044000000.0,3773000000.0,2100000000.0,0.0,near-term,,,,,6500000000.0,9872000000.0
PGR,Progressive Corporation,Financials,Property & Casualty Insurance,0000080661,Progressive Corporation,Financials,Property & Casualty Insurance,Ohio,126458986496.0,588100000.0,20.0,Medium,,,87671000000.0,14223000000.0,,17200000000.0,348000000.0,,0.0,,,,,,,2871000000.0
PH,Parker Hannifin,Industrials,Industrial Machinery & Supplies & Components,0000076334,Parker Hannifin,Industrials,Industrial Machinery & Supplies & Components,Ohio,119774085120.0,128100000.0,29.5,Medium,12535000000.0,,19850000000.0,4347000000.0,,3341000000.0,435000000.0,240000000.0,0.0,near-term,,,,,1766000000.0,861000000.0
PHM,PulteGroup,Consumer Discretionary,Homebuilding,0000822416,PulteGroup,Consumer Discretionary,Homebuilding,Georgia,22526916608.0,192724978.0,21.4,Medium,,,17311953000.0,,,1748533000.0,122716000.0,,0.0,,,,,,1199996000.0,176684000.0
PKG,Packaging Corporation of America,Materials,Paper & Plastic Packaging Products & Materials,0000075677,Packaging Corporation of America,Materials,Paper & Plastic Packaging Products & Materials,Illinois,20884639744.0,89600000.0,18.6,Low,7099700000.0,,8989300000.0,1107000000.0,1759800000.0,728600000.0,828900000.0,,0.0,,,,,,153000000.0,111900000.0
PLD,Prologis,Real Estate,Industrial REITs,0001045609,Prologis,Real Estate,Industrial REITs,California,131961405440.0,929153000.0,10.3,Low,,,8790127000.0,4357864000.0,6983892000.0,,,,1.0,near-term,2030.0,,,,,3764745000.0
PLTR,Palantir Technologies,Information Technology,Application Software,0001321655,Palantir Technologies,Information Technology,Application Software,Florida,401863442432.0,2391192000.0,,,789177000.0,,4475446000.0,1414015000.0,1440160000.0,2100591000.0,33882000.0,557677000.0,0.0,commitment,,,,,74985000.0,
PM,Philip Morris International,Consumer Staples,Tobacco,0001413329,Philip Morris International,Consumer Staples,Tobacco,New York,297788669952.0,1558000000.0,28.5,Medium,13366000000.0,,40648000000.0,14892000000.0,16888000000.0,10664000000.0,1569000000.0,756000000.0,1.0,near-term,2030.0,,,,,8624000000.0
PNC,PNC Financial Services,Financials,Diversified Banks,0000713676,PNC Financial Services,Financials,Diversified Banks,Pennsylvania,97438007296.0,396000000.0,26.1,Medium,,,23099000000.0,8486000000.0,8867000000.0,,,,0.0,,,,,,1338000000.0,2635000000.0
PNR,Pentair,Industrials,Industrial Machinery & Supplies & Components,0000077360,Pentair,Industrials,Industrial Machinery & Supplies & Components,United Kingdom,9030168576.0,165500000.0,22.1,Medium,2485700000.0,,4176000000.0,857500000.0,,746000000.0,68800000.0,95900000.0,0.0,,,,,,225000000.0,164300000.0
PNW,Pinnacle West Capital,Utilities,Multi-Utilities,0000764622,Pinnacle West Capital,Utilities,Multi-Utilities,Arizona,11647053824.0,121971000.0,30.8,High,,,5339939000.0,1067630000.0,2037245000.0,-819523000.0,2624618000.0,,0.0,,,,,,,422792000.0
PODD,Insulet Corporation,Health Care,Health Care Equipment,0001145197,Insulet Corporation,Health Care,Health Care Equipment,Massachusetts,9151980544.0,70390816.0,,,768200000.0,,2708100000.0,473800000.0,564200000.0,377700000.0,191600000.0,301100000.0,0.0,,,,,,59600000.0,
PPG,PPG Industries,Materials,Specialty Chemicals,0000079879,PPG Industries,Materials,Specialty Chemicals,Pennsylvania,23452649472.0,223426948.0,25.2,Medium,9316000000.0,,15875000000.0,2045000000.0,2573000000.0,1163000000.0,778000000.0,446000000.0,0.0,near-term,2030.0,,,,790000000.0,628000000.0
PPL,PPL Corporation,Utilities,Electric Utilities,0000922224,PPL Corporation,Utilities,Electric Utilities,Pennsylvania,25646729216.0,751041000.0,31.3,High,,6913000000.0,9170000000.0,2129000000.0,2129000000.0,-1401000000.0,4030000000.0,,0.0,,,,,,,794000000.0
PRU,Prudential Financial,Financials,Life & Health Insurance,0001137774,Prudential Financial,Financials,Life & Health Insurance,New Jersey,41137799168.0,353700000.0,19.9,Low,,,60774000000.0,,,,,,0.0,,,,,,1000000000.0,1926000000.0
PSA,Public Storage,Real Estate,Self-Storage REITs,0001393311,Public Storage,Real Estate,Self-Storage REITs,California,55401701376.0,175902000.0,13.1,Low,,,4824113000.0,1789804000.0,2941644000.0,,,,0.0,,,,,,0.0,
PSKY,Paramount Skydance Corporation,Communication Services,Movies & Entertainment,0002041610,Paramount Skydance Corporation,Communication Services,Movies & Entertainment,California,11892625408.0,664000000.0,,,,,12269000000.0,-95000000.0,495000000.0,,,,0.0,,,,,,,
PSX,Phillips 66,Energy,Oil & Gas Refining & Marketing,0001534701,Phillips 66,Energy,Oil & Gas Refining & Marketing,Texas,104030609408.0,408053000.0,35.4,High,116093000000.0,,132376000000.0,,,,,6000000.0,0.0,,,,,,1207000000.0,1922000000.0
PTC,PTC Inc.,Information Technology,Application Software,0000857005,PTC Inc.,Information Technology,Application Software,Massachusetts,14190448640.0,119536000.0,18.9,Low,444983000.0,,2739226000.0,982385000.0,1084889000.0,856688000.0,11008000.0,457693000.0,1.0,net-zero,,,,,299998000.0,
PWR,Quanta Services,Industrials,Construction & Engineering,0001050915,Quanta Services,Industrials,Construction & Engineering,Texas,97810407424.0,149577564.0,36.9,High,24204616000.0,,28479697000.0,1611509000.0,1611509000.0,1620816000.0,609154000.0,,0.0,,,,,,134555000.0,60416000.0
PYPL,PayPal,Financials,Transaction & Payment Processing Services,0001633917,PayPal,Financials,Transaction & Payment Processing Services,California,45955358720.0,920000000.0,17.8,Low,,,33172000000.0,6065000000.0,7028000000.0,5564000000.0,852000000.0,,0.0,near-term,2025.0,,,,6052000000.0,130000000.0
Q,Qnity Electronics,Information Technology,Semiconductor Materials & Equipment,0002058873,Qnity Electronics,Information Technology,Semiconductor Materials & Equipment,Delaware,26443960320.0,209800000.0,,,2559000000.0,,4754000000.0,962000000.0,1338000000.0,988000000.0,285000000.0,354000000.0,0.0,,,,,,,13000000.0
QCOM,Qualcomm,Information Technology,Semiconductors,0000804328,Qualcomm,Information Technology,Semiconductors,California,194354970624.0,1074000000.0,15.4,Low,19738000000.0,,44284000000.0,12355000000.0,13957000000.0,12820000000.0,1192000000.0,9042000000.0,1.0,net-zero,,,,,8791000000.0,
RCL,Royal Caribbean Group,Consumer Discretionary,"Hotels, Resorts & Cruise Lines",0000884887,Royal Caribbean Group,Consumer Discretionary,"Hotels, Resorts & Cruise Lines",Florida,69574991872.0,274000000.0,20.7,Medium,9083000000.0,,17935000000.0,4910000000.0,6628000000.0,1236000000.0,5229000000.0,,0.0,,,,,,1159000000.0,824000000.0
RDDT,Reddit,Communication Services,Interactive Media & Services,0001713445,Reddit,Communication Services,Interactive Media & Services,California,30354399232.0,202107978.0,,,194216000.0,,2202506000.0,441984000.0,457932000.0,684169000.0,6706000.0,783145000.0,0.0,,,,,,,
REG,Regency Centers,Real Estate,Retail REITs,0000910606,Regency Centers,Real Estate,Retail REITs,Florida,13950861312.0,182902234.0,11.7,Low,,,1553524000.0,1123441000.0,1528485000.0,,,,0.0,near-term,2030.0,,,,,511564000.0
REGN,Regeneron Pharmaceuticals,Health Care,Biotechnology,0000872589,Regeneron Pharmaceuticals,Health Care,Biotechnology,New York,80458293248.0,108600000.0,18.0,Low,,,14342900000.0,3577900000.0,4121600000.0,4080500000.0,898400000.0,5850200000.0,0.0,,,,,,3438600000.0,370300000.0
RF,Regions Financial Corporation,Financials,Regional Banks,0001281761,Regions Financial Corporation,Financials,Regional Banks,Alabama,25668636672.0,896000000.0,16.9,Low,,,7073000000.0,53000000.0,137000000.0,,,,0.0,,,,,,1067000000.0,912000000.0
RJF,Raymond James Financial,Financials,Investment Banking & Brokerage,0000720005,Raymond James Financial,Financials,Investment Banking & Brokerage,Florida,33321666560.0,198139594.0,27.0,Medium,,,15912000000.0,,,2246000000.0,188000000.0,,0.0,,,,,,,
RL,Ralph Lauren Corporation,Consumer Discretionary,"Apparel, Accessories & Luxury Goods",0001037038,Ralph Lauren Corporation,Consumer Discretionary,"Apparel, Accessories & Luxury Goods",New York,20203741184.0,62300000.0,14.6,Low,2445300000.0,,8114500000.0,1179200000.0,1412200000.0,,,,0.0,near-term,,,,,623800000.0,216500000.0
RMD,ResMed|,Health Care,Health Care Equipment,0000943819,ResMed|,Health Care,Health Care Equipment,California,31485952000.0,144239563.0,26.4,Medium,2091357000.0,,5146327000.0,1685363000.0,1883836000.0,1661723000.0,89865000.0,331284000.0,0.0,commitment,,,,,300025000.0,310880000.0
ROK,Rockwell Automation,Industrials,Electrical Components & Equipment,0001024478,Rockwell Automation,Industrials,Electrical Components & Equipment,Wisconsin,47668649984.0,112400000.0,17.7,Low,4326000000.0,,8342000000.0,1703000000.0,2028000000.0,1358000000.0,186000000.0,679000000.0,1.0,net-zero,,,,,425000000.0,591000000.0
ROL,"Rollins, Inc.",Industrials,Environmental & Facilities Services,0000084839,"Rollins, Inc.",Industrials,Environmental & Facilities Services,Georgia,16710179840.0,481193751.0,19.3,Low,,,3761050000.0,726068000.0,850812000.0,650021000.0,28086000.0,,0.0,,,,,,216855000.0,327901000.0
ROP,Roper Technologies,Information Technology,Electronic Equipment & Instruments,0000882835,Roper Technologies,Information Technology,Electronic Equipment & Instruments,Florida,38424965120.0,106600000.0,20.4,Medium,2430500000.0,,7902500000.0,2235400000.0,3133600000.0,,,852500000.0,0.0,commitment,,,,,500000000.0,355000000.0
ROST,Ross Stores,Consumer Discretionary,Apparel Retail,0000745732,Ross Stores,Consumer Discretionary,Apparel Retail,California,74017030144.0,322333000.0,18.2,Low,16447256000.0,,22750559000.0,2707357000.0,3216748000.0,2207608000.0,819275000.0,,0.0,,,,,,1050021000.0,528085000.0
RSG,Republic Services,Industrials,Environmental & Facilities Services,0001060391,Republic Services,Industrials,Environmental & Facilities Services,Arizona,68205883392.0,312168000.0,20.9,Medium,9630000000.0,,19027000000.0,3302000000.0,5116000000.0,2409000000.0,1887000000.0,,0.0,near-term,2030.0,,,,870000000.0,738000000.0
RTX,RTX Corporation,Industrials,Aerospace & Defense,0000101829,RTX Corporation,Industrials,Aerospace & Defense,Massachusetts,266424811520.0,1356400000.0,,,,,88603000000.0,9300000000.0,13678000000.0,7940000000.0,2627000000.0,2807000000.0,0.0,,,,,,50000000.0,3574000000.0
RVTY,Revvity,Health Care,Health Care Equipment,0000031791,Revvity,Health Care,Health Care Equipment,Massachusetts,13871304704.0,112281000.0,16.7,Low,,,2856051000.0,356635000.0,761975000.0,509411000.0,73522000.0,215840000.0,0.0,commitment,,,,,820815000.0,32800000.0
SBAC,SBA Communications,Real Estate,Telecom Tower REITs,0001034054,SBA Communications,Real Estate,Telecom Tower REITs,Florida,19676162048.0,105666000.0,11.6,Low,198972000.0,,2815139000.0,1342786000.0,1635071000.0,1066509000.0,224819000.0,,0.0,near-term,,,,,497805000.0,479012000.0
SBUX,Starbucks,Consumer Discretionary,Restaurants,0000829224,Starbucks,Consumer Discretionary,Restaurants,Washington,112563601408.0,1136900000.0,24.7,Medium,,,37184400000.0,2936600000.0,4708100000.0,2442000000.0,2305500000.0,,0.0,near-term,,,,,0.0,2771400000.0
SCHW,Charles Schwab Corporation,Financials,Investment Banking & Brokerage,0000316709,Charles Schwab Corporation,Financials,Investment Banking & Brokerage,Texas,185471254528.0,1809000000.0,23.3,Medium,,,23921000000.0,11459000000.0,,8763000000.0,548000000.0,,0.0,,,,,,7346000000.0,2329000000.0
SHW,Sherwin-Williams,Materials,Specialty Chemicals,0000089800,Sherwin-Williams,Materials,Specialty Chemicals,Ohio,78486134784.0,247700000.0,29.4,Medium,12058800000.0,,23574300000.0,3338200000.0,4161700000.0,2654000000.0,797600000.0,,0.0,,,,,,,789800000.0
SJM,J.M. Smucker Company (The),Consumer Staples,Packaged Foods & Meats,0000091419,J.M. Smucker Company (The),Consumer Staples,Packaged Foods & Meats,Ohio,12940560384.0,106661858.0,30.5,High,6016400000.0,,9050900000.0,360200000.0,,1156200000.0,317400000.0,,0.0,near-term,2030.0,,,,5600000.0,464700000.0
SLB,Schlumberger,Energy,Oil & Gas Equipment & Services,0000087347,Schlumberger,Energy,Oil & Gas Equipment & Services,Texas,83201073152.0,1495331485.0,20.3,Medium,,,35708000000.0,4291000000.0,6934000000.0,4795000000.0,1694000000.0,709000000.0,0.0,,,,,,,1602000000.0
SMCI,Supermicro,Information Technology,"Technology Hardware, Storage & Peripherals",0001375365,Supermicro,Information Technology,"Technology Hardware, Storage & Peripherals",California,26344310784.0,656882000.0,,,19542120000.0,,21972042000.0,1252994000.0,1293994000.0,1532310000.0,127214000.0,636550000.0,0.0,,,,,,,
SNA,Snap-on,Industrials,Industrial Machinery & Supplies & Components,0000091440,Snap-on,Industrials,Industrial Machinery & Supplies & Components,Wisconsin,19420432384.0,53000000.0,30.5,High,,,5156100000.0,1327700000.0,1426200000.0,,,72400000.0,0.0,,,,,,328600000.0,462200000.0
SNDK,Sandisk,Information Technology,"Technology Hardware, Storage & Peripherals",0002023554,Sandisk,Information Technology,"Technology Hardware, Storage & Peripherals",California,239153479680.0,146000000.0,,,5143000000.0,,7355000000.0,-1377000000.0,-1214000000.0,-120000000.0,204000000.0,1132000000.0,0.0,commitment,,,,,0.0,
SNPS,Synopsys,Information Technology,Application Software,0000883241,Synopsys,Information Technology,Application Software,California,76152569856.0,185994000.0,14.4,Low,1623549000.0,,7054178000.0,914927000.0,1575357000.0,1349154000.0,169454000.0,2479338000.0,0.0,near-term,2032.0,,,,0.0,
SO,Southern Company,Utilities,Electric Utilities,0000092122,Southern Company,Utilities,Electric Utilities,Georgia,100277141504.0,1109000000.0,33.0,High,,,29553000000.0,7285000000.0,13315000000.0,-2935000000.0,12737000000.0,,0.0,,,,,,,3015000000.0
SOLV,Solventum,Health Care,Health Care Technology,0001964738,Solventum,Health Care,Health Care Technology,Minnesota,14886064128.0,173490864.0,,,,,8325000000.0,2181000000.0,2670000000.0,-10000000.0,379000000.0,739000000.0,0.0,commitment,,,,,,
SPG,Simon Property Group,Real Estate,Retail REITs,0001063761,Simon Property Group,Real Estate,Retail REITs,Indiana,77758283776.0,326366632.0,14.0,Low,,,6364505000.0,3175396000.0,4601819000.0,3202205000.0,934346000.0,,0.0,near-term,2035.0,,,,226826000.0,
SPGI,S&P Global,Financials,Financial Exchanges & Data,0000064040,S&P Global,Financials,Financial Exchanges & Data,New York,121077309440.0,298800000.0,13.0,Low,4563000000.0,,15336000000.0,6478000000.0,7657000000.0,5456000000.0,195000000.0,,1.0,near-term,2025.0,,,,5001000000.0,1170000000.0
SRE,Sempra,Utilities,Multi-Utilities,0001032208,Sempra,Utilities,Multi-Utilities,California,54496051200.0,652731668.0,23.6,Medium,,,13702000000.0,1789000000.0,4352000000.0,-6047000000.0,10612000000.0,,0.0,,,,,,58000000.0,1603000000.0
STE,Steris,Health Care,Health Care Equipment,0001757898,Steris,Health Care,Health Care Equipment,Ireland,20549122048.0,97800000.0,,,3309400000.0,,5935900000.0,1101800000.0,1588300000.0,972400000.0,369000000.0,112900000.0,0.0,commitment,,,,,235500000.0,241800000.0
STLD,Steel Dynamics,Materials,Steel,0001022671,Steel Dynamics,Materials,Steel,Indiana,34368643072.0,144940102.0,33.0,High,15784398000.0,,18176581000.0,1475986000.0,2027376000.0,501509000.0,948025000.0,,0.0,,,,,,900870000.0,291176000.0
STT,State Street Corporation,Financials,Asset Management & Custody Banks,0000093751,State Street Corporation,Financials,Asset Management & Custody Banks,Massachusetts,53127319552.0,279077907.0,24.1,Medium,,,13944000000.0,3731000000.0,,10843000000.0,1055000000.0,,0.0,,,,,,1200000000.0,1120000000.0
STX,Seagate Technology,Information Technology,"Technology Hardware, Storage & Peripherals",0001137789,Seagate Technology,Information Technology,"Technology Hardware, Storage & Peripherals",Ireland,188774842368.0,226791724.0,10.7,Low,5897000000.0,,9097000000.0,1890000000.0,2141000000.0,818000000.0,265000000.0,724000000.0,0.0,near-term,,,,,0.0,600000000.0
STZ,Constellation Brands,Consumer Staples,Distillers & Vintners,0000016918,Constellation Brands,Consumer Staples,Distillers & Vintners,New York,20914993152.0,170752511.0,24.7,Medium,4427500000.0,,9139000000.0,2721400000.0,3141400000.0,1794000000.0,875000000.0,,0.0,,,,,,924100000.0,715700000.0
SW,Smurfit Westrock,Materials,Paper & Plastic Packaging Products & Materials,0002005951,Smurfit Westrock,Materials,Paper & Plastic Packaging Products & Materials,Ireland,22669881344.0,522310486.0,,,25136000000.0,,31179000000.0,1719000000.0,4269000000.0,1200000000.0,2192000000.0,,0.0,,,,,,0.0,900000000.0
SWK,Stanley Black & Decker,Industrials,Industrial Machinery & Supplies & Components,0000093556,Stanley Black & Decker,Industrials,Industrial Machinery & Supplies & Components,Connecticut,13476724736.0,155036411.0,25.3,Medium,10542100000.0,,15130400000.0,417900000.0,783500000.0,687900000.0,283300000.0,321400000.0,0.0,near-term,2030.0,,,,20100000.0,500600000.0
SWKS,Skyworks Solutions,Information Technology,Semiconductors,0000004127,Skyworks Solutions,Information Technology,Semiconductors,California,13294270464.0,148700000.0,28.0,Medium,2404800000.0,,4086900000.0,500000000.0,500000000.0,1105800000.0,195000000.0,785500000.0,0.0,,,,,,830200000.0,432600000.0
SYF,Synchrony Financial,Financials,Consumer Finance,0001601712,Synchrony Financial,Financials,Consumer Finance,Connecticut,24724930560.0,347000000.0,17.3,Low,,,,4621000000.0,5135000000.0,,,,0.0,,,,,,2941000000.0,427000000.0
SYK,Stryker Corporation,Health Care,Health Care Equipment,0000310764,Stryker Corporation,Health Care,Health Care Equipment,Michigan,105697386496.0,386500000.0,28.3,Medium,9051000000.0,,25116000000.0,4889000000.0,6459000000.0,4283000000.0,761000000.0,1623000000.0,0.0,commitment,,,,,,1284000000.0
SYY,Sysco,Consumer Staples,Food Distributors,0000096021,Sysco,Consumer Staples,Food Distributors,Texas,39865577472.0,480612203.0,15.9,Low,66401000000.0,,81370000000.0,3088000000.0,4033000000.0,1604000000.0,906000000.0,,0.0,near-term,2030.0,,,,1250000000.0,1000000000.0
T,AT&T,Communication Services,Integrated Telecommunication Services,0000732717,AT&T,Communication Services,Integrated Telecommunication Services,Texas,178573164544.0,7179000000.0,23.9,Medium,,,125648000000.0,24162000000.0,45048000000.0,19442000000.0,20842000000.0,,0.0,near-term,2030.0,,,,4500000000.0,8180000000.0
TAP,Molson Coors Beverage Company,Consumer Staples,Brewers,0000024545,Molson Coors Beverage Company,Consumer Staples,Brewers,Illinois,7258651648.0,199100000.0,21.4,Medium,6866200000.0,,13040300000.0,-2336900000.0,-1625600000.0,1067800000.0,716600000.0,,0.0,,,,,,647900000.0,376300000.0
TDG,TransDigm Group,Industrials,Aerospace & Defense,0001260221,TransDigm Group,Industrials,Aerospace & Defense,Ohio,63032922112.0,58200000.0,38.7,High,3520000000.0,,8831000000.0,4165000000.0,4532000000.0,1816000000.0,222000000.0,118000000.0,0.0,,,,,,500000000.0,159000000.0
TDY,Teledyne Technologies,Information Technology,Electronic Equipment & Instruments,0001094285,Teledyne Technologies,Information Technology,Electronic Equipment & Instruments,California,27989090304.0,46185578.0,,,3500600000.0,,6115400000.0,1149800000.0,1486100000.0,1074000000.0,117300000.0,317300000.0,0.0,,,,,,402900000.0,
TECH,Bio-Techne,Health Care,Life Sciences Tools & Services,0000842023,Bio-Techne,Health Care,Life Sciences Tools & Services,Minnesota,11309731840.0,156095113.0,,,429363000.0,,1219635000.0,102255000.0,212158000.0,256550000.0,31006000.0,,0.0,near-term,,,,,275731000.0,50391000.0
TEL,TE Connectivity,Information Technology,Electronic Manufacturing Services,0001385157,TE Connectivity,Information Technology,Electronic Manufacturing Services,Ireland,61365223424.0,299000000.0,14.8,Low,11183000000.0,,17262000000.0,3211000000.0,4049000000.0,3203000000.0,936000000.0,699000000.0,0.0,near-term,2032.0,,,,1347000000.0,803000000.0
TER,Teradyne,Information Technology,Semiconductor Materials & Equipment,0000097210,Teradyne,Information Technology,Semiconductor Materials & Equipment,Massachusetts,59365711872.0,156088000.0,17.0,Low,1332679000.0,,3190024000.0,650051000.0,778032000.0,450406000.0,224009000.0,,1.0,near-term,2030.0,,,,702095000.0,76313000.0
TFC,Truist Financial,Financials,Diversified Banks,0000092230,Truist Financial,Financials,Diversified Banks,North Carolina,61569966080.0,1262470000.0,,,,,24542000000.0,6349000000.0,,,,,0.0,,,,,,2500000000.0,2672000000.0
TGT,Target Corporation,Consumer Staples,Consumer Staples Merchandise Retail,0000027419,Target Corporation,Consumer Staples,Consumer Staples Merchandise Retail,Minnesota,70793060352.0,452840187.0,14.4,Low,75511000000.0,,104780000000.0,5117000000.0,8251000000.0,2835000000.0,3727000000.0,,0.0,near-term,2030.0,,,,408000000.0,2053000000.0
TJX,TJX Companies,Consumer Discretionary,Apparel Retail,0000109198,TJX Companies,Consumer Discretionary,Apparel Retail,Massachusetts,138618716160.0,1107087991.0,14.4,Low,41679000000.0,,60372000000.0,7299000000.0,8546000000.0,4917000000.0,1957000000.0,,0.0,,,,,,2522000000.0,1842000000.0
TKO,TKO Group Holdings,Communication Services,Movies & Entertainment,0001973266,TKO Group Holdings,Communication Services,Movies & Entertainment,New York,36019916800.0,194011072.0,,,,,4735151000.0,835015000.0,1320005000.0,,,,0.0,,,,,,866846000.0,185155000.0
TMO,Thermo Fisher Scientific,Health Care,Life Sciences Tools & Services,0000097745,Thermo Fisher Scientific,Health Care,Life Sciences Tools & Services,Massachusetts,225479294976.0,378000000.0,12.8,Low,,,44556000000.0,7746000000.0,10013000000.0,6293000000.0,1525000000.0,1397000000.0,1.0,near-term,2030.0,,,,3000000000.0,636000000.0
TMUS,T-Mobile US,Communication Services,Wireless Telecommunication Services,0001283699,T-Mobile US,Communication Services,Wireless Telecommunication Services,Washington,195580215296.0,1106930661.0,24.6,Medium,,,88309000000.0,18279000000.0,31787000000.0,17995000000.0,9955000000.0,,0.0,near-term,2030.0,,,,9974000000.0,4121000000.0
TPL,Texas Pacific Land Corporation,Energy,Oil & Gas Exploration & Production,0001811074,Texas Pacific Land Corporation,Energy,Oil & Gas Exploration & Production,Texas,25458554880.0,68938230.0,,,,,798190000.0,592161000.0,654694000.0,,,,0.0,,,,,,8380000.0,147798000.0
TPR,"Tapestry, Inc.",Consumer Discretionary,"Apparel, Accessories & Luxury Goods",0001116132,"Tapestry, Inc.",Consumer Discretionary,"Apparel, Accessories & Luxury Goods",New York,23625920512.0,200400000.0,14.8,Low,1721800000.0,,7010700000.0,415000000.0,577900000.0,1093900000.0,122700000.0,,1.0,net-zero,,,,,1718700000.0,299300000.0
TRGP,Targa Resources,Energy,Oil & Gas Storage & Transportation,0001389170,Targa Resources,Energy,Oil & Gas Storage & Transportation,Texas,62238605312.0,214662156.0,33.2,High,10507800000.0,,17028300000.0,3331200000.0,4846500000.0,584100000.0,3333300000.0,,0.0,,,,,,,
TRMB,Trimble Inc.,Information Technology,Application Software,0000864749,Trimble Inc.,Information Technology,Application Software,Colorado,13445149696.0,236000000.0,12.4,Low,1109400000.0,,3587300000.0,592000000.0,791900000.0,360900000.0,25300000.0,630700000.0,0.0,near-term,2030.0,,,,863400000.0,
TROW,T. Rowe Price,Financials,Asset Management & Custody Banks,0001113169,T. Rowe Price,Financials,Asset Management & Custody Banks,Maryland,22673342464.0,218565000.0,16.9,Low,,,7314800000.0,2188800000.0,2188800000.0,1479200000.0,274200000.0,,0.0,,,,,,620900000.0,1143000000.0
TRV,Travelers Companies (The),Financials,Property & Casualty Insurance,0000086312,Travelers Companies (The),Financials,Property & Casualty Insurance,New York,78257348608.0,217500000.0,20.3,Medium,,,48828000000.0,7796000000.0,8476000000.0,,,,0.0,,,,,,3004000000.0,979000000.0
TSCO,Tractor Supply,Consumer Discretionary,Other Specialty Retail,0000916365,Tractor Supply,Consumer Discretionary,Other Specialty Retail,Tennessee,17199534080.0,527017000.0,16.1,Low,9869538000.0,,15524046000.0,1467389000.0,1961400000.0,740489000.0,894770000.0,,0.0,commitment,,,,,361261000.0,487669000.0
TSLA,"Tesla, Inc.",Consumer Discretionary,Automobile Manufacturers,0001318605,"Tesla, Inc.",Consumer Discretionary,Automobile Manufacturers,Texas,1443322658816.0,3751000000.0,25.2,Medium,77733000000.0,,94827000000.0,4355000000.0,5124300000.0,6220000000.0,8527000000.0,6411000000.0,0.0,commitment,,,,,,
TSN,Tyson Foods,Consumer Staples,Packaged Foods & Meats,0000100493,Tyson Foods,Consumer Staples,Packaged Foods & Meats,Arkansas,18638444544.0,357000000.0,35.9,High,50879000000.0,,54441000000.0,1098000000.0,2448000000.0,1177000000.0,978000000.0,126000000.0,0.0,near-term,2030.0,,,,,697000000.0
TT,Trane Technologies,Industrials,Building Products,0001466258,Trane Technologies,Industrials,Building Products,Ireland,97364656128.0,224900000.0,15.2,Low,,,21321900000.0,3967400000.0,4343700000.0,2811500000.0,383000000.0,347600000.0,0.0,near-term,2030.0,,,,1481300000.0,837300000.0
TTD,Trade Desk (The),Communication Services,Advertising,0001671933,Trade Desk (The),Communication Services,Advertising,California,6738081792.0,493551000.0,,,619067000.0,,2896284000.0,589321000.0,705105000.0,795710000.0,197011000.0,525141000.0,0.0,,,,,,1380422000.0,
TTWO,Take-Two Interactive,Communication Services,Interactive Home Entertainment,0000946581,Take-Two Interactive,Communication Services,Interactive Home Entertainment,New York,40288677888.0,185400000.0,,,2846700000.0,,6656400000.0,-104200000.0,94300000.0,461500000.0,162800000.0,,0.0,,,,,,,
TXN,Texas Instruments,Information Technology,Semiconductors,0000097476,Texas Instruments,Information Technology,Semiconductors,Texas,245389656064.0,913000000.0,20.6,Medium,7599000000.0,,17682000000.0,6023000000.0,6023000000.0,2603000000.0,4550000000.0,2083000000.0,0.0,near-term,2030.0,,,,1477000000.0,4999000000.0
TXT,Textron,Industrials,Aerospace & Defense,0000217346,Textron,Industrials,Aerospace & Defense,Rhode Island,13930939392.0,174310000.0,33.6,High,,,14799000000.0,1137000000.0,1538000000.0,929000000.0,383000000.0,521000000.0,0.0,,,,,,822000000.0,18000000.0
TYL,Tyler Technologies,Information Technology,Application Software,0000860731,Tyler Technologies,Information Technology,Application Software,Texas,13787402240.0,43812000.0,,,1248640000.0,,2332340000.0,357676000.0,496034000.0,637528000.0,16015000.0,,0.0,,,,,,174650000.0,
UAL,United Airlines Holdings,Industrials,Passenger Airlines,0000100517,United Airlines Holdings,Industrials,Passenger Airlines,Illinois,35644248064.0,323470682.0,28.6,Medium,,11396000000.0,59070000000.0,4713000000.0,7652000000.0,2557000000.0,5874000000.0,,0.0,near-term,2035.0,,,,637000000.0,
UBER,Uber,Industrials,Passenger Ground Transportation,0001543151,Uber,Industrials,Passenger Ground Transportation,California,146390286336.0,2067905000.0,,,,,52017000000.0,5565000000.0,6284000000.0,9763000000.0,336000000.0,3402000000.0,0.0,,,,,,6523000000.0,
UDR,"UDR, Inc.",Real Estate,Multi-Family Residential REITs,0000074208,"UDR, Inc.",Real Estate,Multi-Family Residential REITs,Colorado,12901830656.0,328273044.0,13.9,Low,,,1712317000.0,553606000.0,1233641000.0,,,,0.0,commitment,,,,,117811000.0,567864000.0
UHS,Universal Health Services,Health Care,Health Care Facilities,0000352915,Universal Health Services,Health Care,Health Care Facilities,Pennsylvania,10303870976.0,64462000.0,33.0,High,,,17364829000.0,1994015000.0,2612758000.0,849245000.0,1015152000.0,,0.0,,,,,,967951000.0,51267000.0
ULTA,Ulta Beauty,Consumer Discretionary,Other Specialty Retail,0001403568,Ulta Beauty,Consumer Discretionary,Other Specialty Retail,Illinois,23378931712.0,44166000.0,15.6,Low,7547596000.0,,12392820000.0,1532992000.0,1833764000.0,1067951000.0,434829000.0,,0.0,near-term,,,,,901388000.0,
UNH,UnitedHealth Group,Health Care,Managed Health Care,0000731766,UnitedHealth Group,Health Care,Managed Health Care,Minnesota,340269203456.0,906000000.0,15.3,Low,50655000000.0,,447567000000.0,18964000000.0,23325000000.0,16075000000.0,3622000000.0,,0.0,near-term,2030.0,,,,5545000000.0,2000000000.0
UNP,Union Pacific Corporation,Industrials,Rail Transportation,0000100885,Union Pacific Corporation,Industrials,Rail Transportation,Nebraska,168955068416.0,593245884.0,23.5,Medium,,2390000000.0,24510000000.0,9846000000.0,9846000000.0,5499000000.0,3791000000.0,,0.0,near-term,2030.0,,,,2679000000.0,3236000000.0
UPS,United Parcel Service,Industrials,Air Freight & Logistics,0001090727,United Parcel Service,Industrials,Air Freight & Logistics,Georgia,85316378624.0,850000000.0,18.6,Low,,4316000000.0,88661000000.0,7867000000.0,10867000000.0,4765000000.0,3685000000.0,,0.0,,,,,,1000000000.0,5398000000.0
URI,United Rentals,Industrials,Trading Companies & Distributors,0001067701,United Rentals,Industrials,Trading Companies & Distributors,Connecticut,61565288448.0,63095970.0,16.9,Low,9955000000.0,,16099000000.0,3973000000.0,4411000000.0,,,,0.0,,,,,,1969000000.0,464000000.0
USB,U.S. Bancorp,Financials,Diversified Banks,0000036104,U.S. Bancorp,Financials,Diversified Banks,Minnesota,97907957760.0,1600000000.0,30.3,High,,,28656000000.0,9517000000.0,,,,,0.0,,,,,,489000000.0,3168000000.0
V,Visa Inc.,Financials,Transaction & Payment Processing Services,0001403161,Visa Inc.,Financials,Transaction & Payment Processing Services,California,691647676416.0,1704112694.0,16.7,Low,,,40000000000.0,23994000000.0,25214000000.0,21577000000.0,1482000000.0,,1.0,net-zero,,,,,18316000000.0,4634000000.0
VEEV,Veeva Systems,Health Care,Health Care Technology,0001393052,Veeva Systems,Health Care,Health Care Technology,California,42484879360.0,163778271.0,,,782019000.0,,3195311000.0,916369000.0,,,,767386000.0,0.0,near-term,,,,,169949000.0,
VICI,Vici Properties,Real Estate,Hotel & Resort REITs,0001705696,Vici Properties,Real Estate,Hotel & Resort REITs,New York,27339753472.0,1068811371.0,,,26730000.0,,4006116000.0,2820979000.0,321018000.0,,,,0.0,,,,,,,1853467000.0
VLO,Valero Energy,Energy,Oil & Gas Refining & Marketing,0001035002,Valero Energy,Energy,Oil & Gas Refining & Marketing,Texas,112412639232.0,309000000.0,32.6,High,117255000000.0,,122687000000.0,3181000000.0,6339000000.0,,,,0.0,,,,,,2598000000.0,1405000000.0
VLTO,Veralto,Industrials,Environmental & Facilities Services,0001967680,Veralto,Industrials,Environmental & Facilities Services,Massachusetts,22940952576.0,248400000.0,,,2204000000.0,,5503000000.0,1277000000.0,1355000000.0,1014000000.0,63000000.0,266000000.0,0.0,commitment,,,,,,109000000.0
VMC,Vulcan Materials Company,Materials,Construction Materials,0001396009,Vulcan Materials Company,Materials,Construction Materials,Alabama,32749729792.0,130600000.0,29.3,Medium,5766500000.0,,7941100000.0,1619600000.0,2368100000.0,1135300000.0,677700000.0,,0.0,,,,,,438400000.0,259800000.0
VMRK,Vivmark Residential,Real Estate,Multi-Family Residential REITs,0000906107,Vivmark Residential,Real Estate,Multi-Family Residential REITs,Illinois,50713485312.0,377806173.0,,,,,,,,,,,0.0,,,,,,280720000.0,1046247000.0
VRSK,Verisk Analytics,Industrials,Research & Consulting Services,0001442145,Verisk Analytics,Industrials,Research & Consulting Services,New Jersey,22933489664.0,138397709.0,17.5,Low,925500000.0,,3072700000.0,1343900000.0,1603100000.0,1191900000.0,244100000.0,40900000.0,1.0,near-term,2034.0,,,,624000000.0,251100000.0
VRSN,Verisign,Information Technology,Internet Services & Infrastructure,0001014473,Verisign,Information Technology,Internet Services & Infrastructure,Virginia,26460983296.0,91900000.0,21.3,Medium,196300000.0,,1656600000.0,1121000000.0,1152200000.0,1068300000.0,22800000.0,103600000.0,0.0,,,,,,881600000.0,215200000.0
VRT,Vertiv,Industrials,Electrical Components & Equipment,0001674101,Vertiv,Industrials,Electrical Components & Equipment,Ohio,98965053440.0,382553680.0,,,6514700000.0,,10229900000.0,1829700000.0,2138300000.0,1893800000.0,220000000.0,441700000.0,0.0,,,,,,0.0,66600000.0
VRTX,Vertex Pharmaceuticals,Health Care,Biotechnology,0000875320,Vertex Pharmaceuticals,Health Care,Biotechnology,Massachusetts,130643902464.0,253991224.0,22.7,Medium,1651300000.0,,12001300000.0,4173300000.0,4383100000.0,3193800000.0,437600000.0,,0.0,,,,,,2017400000.0,
VST,Vistra Corp.,Utilities,Electric Utilities,0001692819,Vistra Corp.,Utilities,Electric Utilities,Texas,49801551872.0,338059635.0,,,,,17738000000.0,1906000000.0,3892000000.0,1318000000.0,2752000000.0,,0.0,near-term,2028.0,,,,1028000000.0,306000000.0
VTR,Ventas,Real Estate,Health Care REITs,0000740260,Ventas,Real Estate,Health Care REITs,Illinois,46160044032.0,462615000.0,12.9,Low,,,5833980000.0,204321000.0,1583461000.0,-1281343000.0,2928069000.0,,0.0,near-term,2030.0,,,,,860060000.0
VTRS,Viatris,Health Care,Pharmaceuticals,0001792044,Viatris,Health Care,Pharmaceuticals,Pennsylvania,18963234816.0,1206900000.0,,,9286400000.0,,14299900000.0,-2663100000.0,135200000.0,1937100000.0,378800000.0,,0.0,near-term,2030.0,,,,500500000.0,
VZ,Verizon,Communication Services,Integrated Telecommunication Services,0000732712,Verizon,Communication Services,Integrated Telecommunication Services,New York,210273173504.0,4231000000.0,18.7,Low,,,138191000000.0,29259000000.0,47608000000.0,,,,0.0,near-term,2035.0,,,,,11481000000.0
WAB,Wabtec,Industrials,Construction Machinery & Heavy Transportation Equipment,0000943452,Wabtec,Industrials,Construction Machinery & Heavy Transportation Equipment,Pennsylvania,47838928896.0,170600000.0,23.3,Medium,7361000000.0,,11167000000.0,1793000000.0,2294000000.0,1499000000.0,260000000.0,223000000.0,0.0,,,,,,223000000.0,173000000.0
WAT,Waters Corporation,Health Care,Life Sciences Tools & Services,0001000697,Waters Corporation,Health Care,Life Sciences Tools & Services,Massachusetts,40093212672.0,59549000.0,14.6,Low,1288822000.0,,3165286000.0,802588000.0,802588000.0,539810000.0,112745000.0,195711000.0,1.0,near-term,2030.0,,,,14667000.0,
WBD,Warner Bros. Discovery,Communication Services,Broadcasting,0001437107,Warner Bros. Discovery,Communication Services,Broadcasting,New York,70300114944.0,2480000000.0,,,,,37296000000.0,738000000.0,6422000000.0,3088000000.0,1231000000.0,,0.0,,,,,,,
WDAY,"Workday, Inc.",Information Technology,Application Software,0001327811,"Workday, Inc.",Information Technology,Application Software,California,44753698816.0,268117000.0,,,,,9552000000.0,721000000.0,,2777000000.0,162000000.0,2679000000.0,0.0,near-term,,,,,2895000000.0,
WDC,Western Digital,Information Technology,"Technology Hardware, Storage & Peripherals",0000106040,Western Digital,Information Technology,"Technology Hardware, Storage & Peripherals",California,161226686464.0,361000000.0,11.4,Low,5828000000.0,,9520000000.0,2334000000.0,2785000000.0,1279000000.0,412000000.0,,0.0,near-term,,,,,149000000.0,44000000.0
WEC,WEC Energy Group,Utilities,Electric Utilities,0000783325,WEC Energy Group,Utilities,Electric Utilities,Wisconsin,34321715200.0,325461519.0,27.5,Medium,3265800000.0,,9800100000.0,2244900000.0,3723400000.0,,,,0.0,,,,,,1300000.0,1147800000.0
WELL,Welltower,Real Estate,Health Care REITs,0000766704,Welltower,Real Estate,Health Care REITs,Ohio,169781182464.0,696507255.0,13.2,Low,6488081000.0,412992000.0,10838034000.0,,,,,,0.0,near-term,2030.0,,,,,1877289000.0
WFC,Wells Fargo,Financials,Diversified Banks,0000072971,Wells Fargo,Financials,Diversified Banks,California,273036886016.0,3092600000.0,36.2,High,,,83699000000.0,25199000000.0,32912000000.0,,,,0.0,,,,,,17516000000.0,5434000000.0
WM,Waste Management,Industrials,Environmental & Facilities Services,0000823768,Waste Management,Industrials,Environmental & Facilities Services,Texas,85323210752.0,402900000.0,16.6,Low,15012000000.0,,25204000000.0,4308000000.0,7171000000.0,2816000000.0,3227000000.0,,0.0,,,,,,,1334000000.0
WMB,Williams Companies,Energy,Oil & Gas Storage & Transportation,0000107263,Williams Companies,Energy,Oil & Gas Storage & Transportation,Oklahoma,89107750912.0,1225000000.0,21.8,Medium,,,14899000000.0,4196000000.0,6543000000.0,1005000000.0,4893000000.0,,0.0,,,,,,0.0,2442000000.0
WMT,Walmart,Consumer Staples,Consumer Staples Merchandise Retail,0000104169,Walmart,Consumer Staples,Consumer Staples Merchandise Retail,Arkansas,852708163584.0,8022000000.0,25.3,Medium,535395000000.0,,713163000000.0,29825000000.0,44028000000.0,14923000000.0,26642000000.0,,0.0,near-term,,,,,8088000000.0,7507000000.0
WRB,W. R. Berkley Corporation,Financials,Property & Casualty Insurance,0000011544,W. R. Berkley Corporation,Financials,Property & Casualty Insurance,Connecticut,25948805120.0,377155799.0,21.8,Medium,,,14707856000.0,2280543000.0,2232417000.0,,,,0.0,,,,,,270221000.0,700269000.0
WSM,"Williams-Sonoma, Inc.",Consumer Discretionary,Homefurnishing Retail,0000719955,"Williams-Sonoma, Inc.",Consumer Discretionary,Homefurnishing Retail,California,26645182464.0,118770000.0,,,4203765000.0,,7806816000.0,1415722000.0,1647171000.0,1055451000.0,259438000.0,,0.0,near-term,2030.0,,,,853962000.0,316484000.0
WST,West Pharmaceutical Services,Health Care,Health Care Supplies,0000105770,West Pharmaceutical Services,Health Care,Health Care Supplies,Pennsylvania,24366200832.0,72000000.0,,,1970100000.0,,3074100000.0,584900000.0,756300000.0,468900000.0,285900000.0,74300000.0,0.0,near-term,2035.0,,,,134000000.0,61200000.0
WTW,Willis Towers Watson,Financials,Insurance Brokers,0001140536,Willis Towers Watson,Financials,Insurance Brokers,United Kingdom,29311309824.0,99000000.0,18.7,Low,,,9708000000.0,2234000000.0,2405000000.0,1546000000.0,229000000.0,,0.0,,,,,,1650000000.0,358000000.0
WY,Weyerhaeuser,Real Estate,Timber REITs,0000106535,Weyerhaeuser,Real Estate,Timber REITs,Washington,15899436032.0,720531000.0,16.7,Low,5880000000.0,,6905000000.0,731000000.0,1240000000.0,,,5000000.0,0.0,near-term,2030.0,,,,160000000.0,606000000.0
WYNN,Wynn Resorts,Consumer Discretionary,Casinos & Gaming,0001174922,Wynn Resorts,Consumer Discretionary,Casinos & Gaming,Nevada,9030809600.0,103989787.0,25.7,Medium,,,7137924000.0,1118384000.0,1739017000.0,692220000.0,660433000.0,,0.0,,,,,,380109000.0,174662000.0
XEL,Xcel Energy,Utilities,Multi-Utilities,0000072903,Xcel Energy,Utilities,Multi-Utilities,Minnesota,47159889920.0,623600715.0,26.5,Medium,,,14669000000.0,2583000000.0,5551000000.0,-6825000000.0,10908000000.0,,0.0,,,,,,,1282000000.0
XOM,ExxonMobil,Energy,Integrated Oil & Gas,0002115436,ExxonMobil,Energy,Integrated Oil & Gas,Texas,682536271872.0,4179000000.0,41.6,Severe,,,332238000000.0,41268000000.0,67261000000.0,23612000000.0,28358000000.0,1200000000.0,0.0,,,,,,20273000000.0,17231000000.0
XYL,Xylem Inc.,Industrials,Industrial Machinery & Supplies & Components,0001524472,Xylem Inc.,Industrials,Industrial Machinery & Supplies & Components,New York,24973750272.0,243584000.0,18.1,Low,5560000000.0,,9035000000.0,1223000000.0,1798000000.0,910000000.0,331000000.0,226000000.0,0.0,near-term,2030.0,,,,15000000.0,391000000.0
XYZ,"Block, Inc.",Financials,Transaction & Payment Processing Services,0001512673,"Block, Inc.",Financials,Transaction & Payment Processing Services,none,47588970496.0,622838000.0,,,13833754000.0,,24193683000.0,1708406000.0,2077935000.0,2424676000.0,155038000.0,2907889000.0,0.0,near-term,2030.0,,,,2330661000.0,
YUM,Yum! Brands,Consumer Discretionary,Restaurants,0001041061,Yum! Brands,Consumer Discretionary,Restaurants,Kentucky,38443573248.0,281000000.0,20.1,Medium,2483000000.0,,8214000000.0,2574000000.0,2780000000.0,1639000000.0,371000000.0,,0.0,near-term,2030.0,,,,552000000.0,789000000.0
ZBH,Zimmer Biomet,Health Care,Health Care Equipment,0001136869,Zimmer Biomet,Health Care,Health Care Equipment,Indiana,17832067072.0,198700000.0,26.0,Medium,2493700000.0,,8231500000.0,1098100000.0,2191900000.0,1472600000.0,224500000.0,,1.0,near-term,2030.0,,,,487000000.0,190300000.0
ZBRA,Zebra Technologies,Information Technology,Electronic Equipment & Instruments,0000877212,Zebra Technologies,Information Technology,Electronic Equipment & Instruments,Illinois,16576235520.0,51212395.0,,,2803000000.0,,5396000000.0,700000000.0,885000000.0,831000000.0,86000000.0,593000000.0,0.0,near-term,2030.0,,,,587000000.0,
ZTS,Zoetis,Health Care,Pharmaceuticals,0001555280,Zoetis,Health Care,Pharmaceuticals,New Jersey,30152927232.0,424927535.0,18.8,Low,2666000000.0,,9467000000.0,3360000000.0,3847000000.0,2283000000.0,621000000.0,,0.0,,,,,,248000000.0,
