ticker,company,sector,sub_industry,cik,legal_name,lei,ultimate_parent_lei,gics_sector,gics_sub_industry,hq_state,market_cap_usd,shares_outstanding,scope1_tco2e,ghg_facility_count,grid_intensity_kgco2e_per_mwh,cogs_usd,energy_cost_usd,revenue_usd,ebit_usd,ebitda_usd,free_cash_flow_usd,capex_usd,rnd_expense_usd,sbti_target_validated,sbti_target_type,target_year,target_baseline_year,target_reduction_pct,target_scope_coverage,risk_hitword_density,has_climate_oversight_committee,has_third_party_assurance,assurance_level,emissions_boundary_stated,has_clawback_policy,has_psu_plan,performance_period_years,independent_director_count,board_size,lead_independent_director,buybacks_usd,dividends_paid_usd,penalty_total_usd,penalty_count
A,Agilent Technologies,Health Care,Life Sciences Tools & Services,structural,structural,structural,not_disclosed,structural,structural,structural,structural,structural,not_disclosed,not_disclosed,structural,structural,not_disclosed,structural,structural,structural,structural,structural,structural,structural,structural,quote_verified,quote_verified,quote_verified,quote_verified,structural,not_disclosed,not_disclosed,not_disclosed,not_disclosed,quote_verified,quote_verified,quote_verified,quote_verified,quote_verified,quote_verified,structural,structural,imputed,imputed
AAPL,Apple Inc.,Information Technology,"Technology Hardware, Storage & Peripherals",structural,structural,structural,not_disclosed,structural,structural,structural,structural,structural,not_disclosed,not_disclosed,structural,structural,not_disclosed,structural,structural,structural,structural,structural,structural,structural,structural,not_disclosed,not_disclosed,not_disclosed,not_disclosed,missing,not_disclosed,not_disclosed,not_disclosed,not_disclosed,quote_verified,structural,quote_verified,not_disclosed,not_disclosed,structural,structural,structural,imputed,imputed
ABBV,AbbVie,Health Care,Biotechnology,structural,structural,structural,not_disclosed,structural,structural,structural,structural,structural,structural,structural,structural,structural,not_disclosed,structural,structural,structural,structural,structural,not_disclosed,structural,structural,structural,quote_verified,quote_verified,quote_verified,structural,not_disclosed,not_disclosed,not_disclosed,not_disclosed,quote_verified,quote_verified,quote_verified,not_disclosed,not_disclosed,quote_verified,structural,structural,imputed,imputed
ABNB,Airbnb,Consumer Discretionary,"Hotels, Resorts & Cruise Lines",structural,structural,structural,not_disclosed,structural,structural,structural,structural,structural,not_disclosed,not_disclosed,structural,structural,not_disclosed,structural,structural,structural,structural,structural,structural,structural,structural,structural,quote_verified,quote_verified,quote_verified,missing,not_disclosed,not_disclosed,not_disclosed,not_disclosed,quote_verified,structural,not_disclosed,not_disclosed,not_disclosed,quote_verified,structural,not_disclosed,imputed,imputed
ABT,Abbott Laboratories,Health Care,Health Care Equipment,structural,structural,structural,not_disclosed,structural,structural,structural,structural,structural,structural,structural,structural,structural,not_disclosed,structural,structural,not_disclosed,structural,structural,structural,structural,not_disclosed,not_disclosed,not_disclosed,not_disclosed,not_disclosed,structural,not_disclosed,not_disclosed,not_disclosed,not_disclosed,quote_verified,quote_verified,not_disclosed,quote_verified,quote_verified,quote_verified,structural,structural,imputed,imputed
ACGL,Arch Capital Group,Financials,Property & Casualty Insurance,structural,structural,structural,not_disclosed,structural,structural,structural,structural,structural,not_disclosed,not_disclosed,not_disclosed,not_disclosed,not_disclosed,structural,structural,not_disclosed,structural,structural,not_disclosed,structural,not_disclosed,not_disclosed,not_disclosed,not_disclosed,not_disclosed,missing,not_disclosed,not_disclosed,not_disclosed,not_disclosed,quote_verified,quote_verified,quote_verified,not_disclosed,not_disclosed,quote_verified,structural,not_disclosed,imputed,imputed
ACN,Accenture,Information Technology,IT Consulting & Other Services,structural,structural,not_disclosed,not_disclosed,structural,structural,structural,structural,structural,not_disclosed,not_disclosed,not_disclosed,structural,not_disclosed,structural,structural,structural,structural,structural,structural,structural,structural,not_disclosed,not_disclosed,not_disclosed,not_disclosed,structural,not_disclosed,not_disclosed,not_disclosed,not_disclosed,quote_verified,structural,quote_verified,not_disclosed,not_disclosed,quote_verified,structural,structural,imputed,imputed
ADBE,Adobe Inc.,Information Technology,Application Software,structural,structural,structural,not_disclosed,structural,structural,structural,structural,structural,not_disclosed,not_disclosed,structural,structural,not_disclosed,structural,structural,structural,structural,structural,not_disclosed,structural,structural,quote_verified,quote_verified,quote_verified,quote_verified,structural,not_disclosed,not_disclosed,not_disclosed,not_disclosed,quote_verified,quote_verified,quote_verified,quote_verified,quote_verified,quote_verified,structural,not_disclosed,imputed,imputed
ADI,Analog Devices,Information Technology,Semiconductors,structural,structural,structural,not_disclosed,structural,structural,structural,structural,structural,structural,structural,structural,structural,not_disclosed,structural,structural,structural,structural,structural,structural,structural,structural,structural,quote_verified,quote_verified,quote_verified,missing,not_disclosed,not_disclosed,not_disclosed,not_disclosed,quote_verified,quote_verified,quote_verified,not_disclosed,not_disclosed,quote_verified,structural,structural,imputed,imputed
ADM,Archer Daniels Midland,Consumer Staples,Agricultural Products & Services,structural,structural,structural,not_disclosed,structural,structural,structural,structural,structural,structural,structural,structural,structural,not_disclosed,structural,structural,structural,structural,structural,structural,structural,structural,not_disclosed,not_disclosed,not_disclosed,not_disclosed,missing,not_disclosed,not_disclosed,not_disclosed,not_disclosed,quote_verified,quote_verified,quote_verified,quote_verified,quote_verified,quote_verified,structural,structural,imputed,imputed
ADP,Automatic Data Processing,Industrials,Human Resource & Employment Services,structural,structural,structural,not_disclosed,structural,structural,structural,structural,structural,not_disclosed,not_disclosed,structural,structural,not_disclosed,structural,structural,structural,not_disclosed,not_disclosed,structural,structural,not_disclosed,not_disclosed,not_disclosed,not_disclosed,not_disclosed,missing,not_disclosed,not_disclosed,not_disclosed,not_disclosed,quote_verified,quote_verified,quote_verified,quote_verified,quote_verified,structural,structural,structural,imputed,imputed
ADSK,Autodesk,Information Technology,Application Software,structural,structural,structural,not_disclosed,structural,structural,structural,structural,structural,not_disclosed,not_disclosed,structural,structural,not_disclosed,structural,structural,structural,structural,structural,structural,structural,structural,quote_verified,quote_verified,quote_verified,quote_verified,missing,not_disclosed,not_disclosed,not_disclosed,quote_verified,quote_verified,quote_verified,quote_verified,not_disclosed,not_disclosed,quote_verified,structural,structural,imputed,imputed
AEE,Ameren,Utilities,Multi-Utilities,structural,structural,structural,not_disclosed,structural,structural,structural,structural,structural,structural,structural,structural,not_disclosed,not_disclosed,structural,structural,structural,structural,structural,not_disclosed,structural,not_disclosed,not_disclosed,not_disclosed,not_disclosed,not_disclosed,missing,not_disclosed,not_disclosed,not_disclosed,not_disclosed,quote_verified,quote_verified,quote_verified,not_disclosed,not_disclosed,quote_verified,not_disclosed,structural,imputed,imputed
AEP,American Electric Power,Utilities,Electric Utilities,structural,structural,structural,not_disclosed,structural,structural,structural,structural,structural,structural,structural,structural,not_disclosed,not_disclosed,structural,structural,structural,structural,structural,not_disclosed,structural,not_disclosed,not_disclosed,not_disclosed,not_disclosed,not_disclosed,missing,not_disclosed,not_disclosed,not_disclosed,not_disclosed,quote_verified,structural,quote_verified,not_disclosed,not_disclosed,quote_verified,not_disclosed,structural,imputed,imputed
AES,AES Corporation,Utilities,Independent Power Producers & Energy Traders,structural,structural,structural,not_disclosed,structural,structural,structural,structural,structural,structural,structural,structural,structural,not_disclosed,structural,structural,structural,structural,structural,not_disclosed,structural,not_disclosed,not_disclosed,not_disclosed,not_disclosed,not_disclosed,structural,not_disclosed,not_disclosed,not_disclosed,not_disclosed,quote_verified,quote_verified,quote_verified,not_disclosed,not_disclosed,quote_verified,not_disclosed,structural,imputed,imputed
AFL,Aflac,Financials,Life & Health Insurance,structural,structural,structural,not_disclosed,structural,structural,structural,structural,structural,not_disclosed,not_disclosed,structural,not_disclosed,not_disclosed,structural,structural,structural,not_disclosed,not_disclosed,not_disclosed,structural,not_disclosed,not_disclosed,not_disclosed,not_disclosed,not_disclosed,structural,not_disclosed,not_disclosed,not_disclosed,not_disclosed,quote_verified,quote_verified,quote_verified,not_disclosed,not_disclosed,quote_verified,structural,structural,imputed,imputed
AIG,American International Group,Financials,Multi-line Insurance,structural,structural,structural,not_disclosed,structural,structural,structural,structural,structural,not_disclosed,not_disclosed,structural,not_disclosed,not_disclosed,structural,structural,structural,structural,structural,not_disclosed,structural,not_disclosed,not_disclosed,not_disclosed,not_disclosed,not_disclosed,missing,not_disclosed,not_disclosed,not_disclosed,not_disclosed,quote_verified,quote_verified,quote_verified,not_disclosed,not_disclosed,quote_verified,structural,structural,imputed,imputed
AIZ,Assurant,Financials,Multi-line Insurance,structural,structural,structural,not_disclosed,structural,structural,structural,structural,structural,not_disclosed,not_disclosed,structural,not_disclosed,not_disclosed,structural,structural,structural,structural,structural,not_disclosed,structural,not_disclosed,not_disclosed,not_disclosed,not_disclosed,not_disclosed,missing,not_disclosed,quote_verified,not_disclosed,not_disclosed,quote_verified,quote_verified,quote_verified,not_disclosed,not_disclosed,quote_verified,structural,structural,imputed,imputed
AJG,Arthur J. Gallagher & Co.,Financials,Insurance Brokers,structural,structural,structural,not_disclosed,structural,structural,structural,structural,structural,not_disclosed,not_disclosed,structural,structural,not_disclosed,structural,structural,structural,not_disclosed,not_disclosed,not_disclosed,structural,not_disclosed,not_disclosed,not_disclosed,not_disclosed,not_disclosed,missing,not_disclosed,not_disclosed,not_disclosed,not_disclosed,quote_verified,quote_verified,quote_verified,not_disclosed,not_disclosed,quote_verified,not_disclosed,structural,imputed,imputed
AKAM,Akamai Technologies,Information Technology,Internet Services & Infrastructure,structural,structural,structural,not_disclosed,structural,structural,structural,structural,structural,not_disclosed,not_disclosed,structural,structural,not_disclosed,structural,structural,structural,structural,structural,structural,structural,structural,not_disclosed,not_disclosed,not_disclosed,not_disclosed,missing,not_disclosed,not_disclosed,not_disclosed,quote_verified,quote_verified,structural,quote_verified,not_disclosed,not_disclosed,structural,structural,not_disclosed,imputed,imputed
ALB,Albemarle Corporation,Materials,Specialty Chemicals,structural,structural,structural,not_disclosed,structural,structural,structural,structural,structural,structural,structural,structural,structural,not_disclosed,structural,structural,structural,structural,structural,structural,structural,not_disclosed,not_disclosed,not_disclosed,not_disclosed,not_disclosed,missing,not_disclosed,not_disclosed,not_disclosed,not_disclosed,quote_verified,quote_verified,quote_verified,not_disclosed,not_disclosed,quote_verified,not_disclosed,structural,imputed,imputed
ALGN,Align Technology,Health Care,Health Care Supplies,structural,structural,structural,not_disclosed,structural,structural,structural,structural,structural,not_disclosed,not_disclosed,structural,structural,not_disclosed,structural,structural,structural,structural,structural,structural,structural,not_disclosed,not_disclosed,not_disclosed,not_disclosed,not_disclosed,missing,not_disclosed,quote_verified,quote_verified,not_disclosed,quote_verified,structural,quote_verified,not_disclosed,not_disclosed,structural,structural,not_disclosed,imputed,imputed
ALL,Allstate,Financials,Property & Casualty Insurance,structural,structural,structural,not_disclosed,structural,structural,structural,structural,structural,not_disclosed,not_disclosed,structural,not_disclosed,not_disclosed,structural,structural,structural,structural,structural,not_disclosed,structural,not_disclosed,not_disclosed,not_disclosed,not_disclosed,not_disclosed,missing,not_disclosed,not_disclosed,not_disclosed,not_disclosed,quote_verified,quote_verified,quote_verified,not_disclosed,not_disclosed,quote_verified,structural,structural,imputed,imputed
ALLE,Allegion,Industrials,Building Products,structural,structural,not_disclosed,not_disclosed,structural,structural,structural,structural,structural,not_disclosed,not_disclosed,not_disclosed,structural,not_disclosed,structural,structural,structural,structural,structural,structural,structural,not_disclosed,not_disclosed,not_disclosed,not_disclosed,not_disclosed,missing,not_disclosed,not_disclosed,not_disclosed,not_disclosed,quote_verified,quote_verified,quote_verified,quote_verified,quote_verified,quote_verified,structural,structural,imputed,imputed
AMAT,Applied Materials,Information Technology,Semiconductor Materials & Equipment,structural,structural,structural,not_disclosed,structural,structural,structural,structural,structural,not_disclosed,not_disclosed,structural,structural,not_disclosed,structural,structural,structural,structural,structural,structural,structural,structural,quote_verified,quote_verified,quote_verified,quote_verified,missing,not_disclosed,not_disclosed,not_disclosed,not_disclosed,quote_verified,quote_verified,quote_verified,not_disclosed,not_disclosed,quote_verified,structural,structural,imputed,imputed
AMCR,Amcor,Materials,Paper & Plastic Packaging Products & Materials,structural,structural,structural,not_disclosed,structural,structural,structural,structural,structural,not_disclosed,not_disclosed,not_disclosed,structural,not_disclosed,structural,structural,structural,structural,structural,structural,structural,structural,not_disclosed,not_disclosed,not_disclosed,not_disclosed,missing,not_disclosed,not_disclosed,not_disclosed,not_disclosed,quote_verified,quote_verified,quote_verified,not_disclosed,not_disclosed,structural,structural,structural,imputed,imputed
AMD,Advanced Micro Devices,Information Technology,Semiconductors,structural,structural,structural,not_disclosed,structural,structural,structural,structural,structural,not_disclosed,not_disclosed,structural,structural,not_disclosed,structural,structural,structural,structural,structural,structural,structural,structural,structural,quote_verified,quote_verified,quote_verified,structural,not_disclosed,not_disclosed,not_disclosed,quote_verified,quote_verified,quote_verified,quote_verified,not_disclosed,not_disclosed,quote_verified,structural,not_disclosed,imputed,imputed
AME,Ametek,Industrials,Electrical Components & Equipment,structural,structural,structural,not_disclosed,structural,structural,structural,structural,structural,not_disclosed,not_disclosed,structural,structural,not_disclosed,structural,structural,structural,structural,structural,structural,structural,not_disclosed,not_disclosed,not_disclosed,not_disclosed,not_disclosed,missing,not_disclosed,not_disclosed,not_disclosed,not_disclosed,quote_verified,quote_verified,quote_verified,quote_verified,quote_verified,quote_verified,structural,structural,imputed,imputed
AMGN,Amgen,Health Care,Biotechnology,structural,structural,structural,not_disclosed,structural,structural,structural,structural,structural,structural,structural,structural,structural,not_disclosed,structural,structural,structural,structural,structural,not_disclosed,structural,structural,structural,quote_verified,quote_verified,quote_verified,missing,not_disclosed,not_disclosed,not_disclosed,not_disclosed,quote_verified,structural,quote_verified,quote_verified,quote_verified,quote_verified,structural,structural,imputed,imputed
AMP,Ameriprise Financial,Financials,Asset Management & Custody Banks,structural,structural,structural,not_disclosed,structural,structural,structural,structural,structural,not_disclosed,not_disclosed,structural,not_disclosed,not_disclosed,structural,structural,structural,structural,structural,not_disclosed,structural,not_disclosed,not_disclosed,not_disclosed,not_disclosed,not_disclosed,missing,not_disclosed,not_disclosed,not_disclosed,not_disclosed,quote_verified,quote_verified,quote_verified,quote_verified,quote_verified,structural,structural,structural,imputed,imputed
AMT,American Tower,Real Estate,Telecom Tower REITs,structural,structural,structural,not_disclosed,structural,structural,structural,structural,structural,not_disclosed,not_disclosed,structural,not_disclosed,not_disclosed,structural,structural,structural,structural,structural,not_disclosed,structural,structural,structural,quote_verified,quote_verified,quote_verified,missing,not_disclosed,not_disclosed,not_disclosed,not_disclosed,quote_verified,quote_verified,quote_verified,quote_verified,quote_verified,quote_verified,structural,structural,imputed,imputed
AMZN,Amazon,Consumer Discretionary,Broadline Retail,structural,structural,structural,not_disclosed,structural,structural,structural,structural,structural,not_disclosed,not_disclosed,structural,structural,not_disclosed,structural,structural,structural,structural,structural,not_disclosed,structural,structural,not_disclosed,not_disclosed,not_disclosed,not_disclosed,missing,not_disclosed,not_disclosed,not_disclosed,not_disclosed,quote_verified,structural,not_disclosed,not_disclosed,not_disclosed,quote_verified,structural,not_disclosed,imputed,imputed
ANET,Arista Networks,Information Technology,Communications Equipment,structural,structural,structural,not_disclosed,structural,structural,structural,structural,structural,not_disclosed,not_disclosed,structural,structural,not_disclosed,structural,structural,structural,structural,structural,structural,structural,structural,structural,quote_verified,quote_verified,quote_verified,missing,quote_verified,quote_verified,not_disclosed,not_disclosed,quote_verified,quote_verified,not_disclosed,not_disclosed,not_disclosed,quote_verified,structural,not_disclosed,imputed,imputed
AON,Aon plc,Financials,Insurance Brokers,structural,structural,not_disclosed,not_disclosed,structural,structural,structural,structural,structural,not_disclosed,not_disclosed,not_disclosed,not_disclosed,not_disclosed,structural,structural,structural,structural,structural,not_disclosed,structural,structural,structural,not_disclosed,not_disclosed,not_disclosed,missing,not_disclosed,not_disclosed,not_disclosed,not_disclosed,quote_verified,quote_verified,quote_verified,quote_verified,quote_verified,structural,not_disclosed,structural,imputed,imputed
AOS,A. O. Smith,Industrials,Building Products,structural,structural,structural,not_disclosed,structural,structural,structural,structural,structural,not_disclosed,not_disclosed,structural,structural,not_disclosed,structural,structural,structural,structural,structural,structural,structural,not_disclosed,not_disclosed,not_disclosed,not_disclosed,not_disclosed,structural,not_disclosed,not_disclosed,not_disclosed,not_disclosed,quote_verified,quote_verified,quote_verified,quote_verified,quote_verified,structural,structural,structural,imputed,imputed
APA,APA Corporation,Energy,Oil & Gas Exploration & Production,structural,structural,structural,not_disclosed,structural,structural,structural,structural,structural,structural,structural,structural,not_disclosed,not_disclosed,not_disclosed,structural,structural,not_disclosed,not_disclosed,not_disclosed,structural,not_disclosed,not_disclosed,not_disclosed,not_disclosed,not_disclosed,missing,not_disclosed,not_disclosed,not_disclosed,not_disclosed,quote_verified,structural,quote_verified,not_disclosed,not_disclosed,structural,not_disclosed,structural,imputed,imputed
APD,Air Products,Materials,Industrial Gases,structural,structural,structural,not_disclosed,structural,structural,structural,structural,structural,not_disclosed,not_disclosed,structural,structural,not_disclosed,structural,structural,structural,structural,structural,structural,structural,not_disclosed,not_disclosed,not_disclosed,not_disclosed,not_disclosed,missing,not_disclosed,not_disclosed,not_disclosed,not_disclosed,quote_verified,structural,quote_verified,not_disclosed,not_disclosed,structural,not_disclosed,structural,imputed,imputed
APH,Amphenol,Information Technology,Electronic Components,structural,structural,structural,not_disclosed,structural,structural,structural,structural,structural,not_disclosed,not_disclosed,structural,structural,not_disclosed,structural,structural,structural,structural,structural,structural,structural,not_disclosed,not_disclosed,not_disclosed,not_disclosed,not_disclosed,missing,quote_verified,not_disclosed,not_disclosed,not_disclosed,quote_verified,structural,not_disclosed,not_disclosed,not_disclosed,quote_verified,structural,structural,imputed,imputed
APO,Apollo Global Management,Financials,Asset Management & Custody Banks,structural,structural,structural,not_disclosed,structural,structural,structural,structural,structural,not_disclosed,not_disclosed,structural,not_disclosed,not_disclosed,structural,structural,structural,not_disclosed,not_disclosed,not_disclosed,structural,not_disclosed,not_disclosed,not_disclosed,not_disclosed,not_disclosed,missing,not_disclosed,not_disclosed,not_disclosed,not_disclosed,quote_verified,structural,quote_verified,not_disclosed,not_disclosed,quote_verified,structural,structural,imputed,imputed
APP,AppLovin,Communication Services,Advertising,structural,structural,structural,not_disclosed,structural,structural,structural,structural,structural,not_disclosed,not_disclosed,structural,structural,not_disclosed,structural,structural,structural,structural,structural,structural,structural,not_disclosed,not_disclosed,not_disclosed,not_disclosed,not_disclosed,missing,not_disclosed,not_disclosed,not_disclosed,not_disclosed,quote_verified,quote_verified,not_disclosed,quote_verified,quote_verified,quote_verified,structural,not_disclosed,imputed,imputed
APTV,Aptiv,Consumer Discretionary,Automotive Parts & Equipment,structural,structural,not_disclosed,not_disclosed,structural,structural,structural,structural,structural,not_disclosed,not_disclosed,not_disclosed,structural,not_disclosed,structural,structural,structural,structural,structural,structural,structural,structural,structural,not_disclosed,not_disclosed,not_disclosed,missing,not_disclosed,not_disclosed,not_disclosed,not_disclosed,quote_verified,quote_verified,quote_verified,quote_verified,quote_verified,quote_verified,structural,structural,imputed,imputed
ARE,Alexandria Real Estate Equities,Real Estate,Office REITs,structural,structural,structural,not_disclosed,structural,structural,structural,structural,structural,not_disclosed,not_disclosed,structural,not_disclosed,not_disclosed,structural,not_disclosed,not_disclosed,not_disclosed,not_disclosed,not_disclosed,structural,not_disclosed,not_disclosed,not_disclosed,not_disclosed,not_disclosed,missing,not_disclosed,not_disclosed,not_disclosed,not_disclosed,quote_verified,quote_verified,quote_verified,quote_verified,quote_verified,quote_verified,structural,structural,imputed,imputed
ARES,Ares Management,Financials,Asset Management & Custody Banks,structural,structural,not_disclosed,not_disclosed,structural,structural,structural,structural,structural,structural,structural,structural,not_disclosed,not_disclosed,structural,structural,not_disclosed,not_disclosed,not_disclosed,not_disclosed,structural,not_disclosed,not_disclosed,not_disclosed,not_disclosed,not_disclosed,missing,not_disclosed,not_disclosed,not_disclosed,not_disclosed,quote_verified,structural,not_disclosed,not_disclosed,not_disclosed,structural,not_disclosed,not_disclosed,imputed,imputed
ATO,Atmos Energy,Utilities,Gas Utilities,structural,structural,structural,not_disclosed,structural,structural,structural,structural,structural,structural,structural,structural,structural,not_disclosed,structural,structural,structural,structural,structural,not_disclosed,structural,not_disclosed,not_disclosed,not_disclosed,not_disclosed,not_disclosed,missing,not_disclosed,not_disclosed,not_disclosed,not_disclosed,quote_verified,quote_verified,quote_verified,quote_verified,quote_verified,quote_verified,not_disclosed,structural,imputed,imputed
AVGO,Broadcom,Information Technology,Semiconductors,structural,structural,not_disclosed,not_disclosed,structural,structural,structural,structural,structural,structural,structural,structural,structural,not_disclosed,structural,structural,structural,structural,structural,structural,structural,structural,not_disclosed,not_disclosed,not_disclosed,not_disclosed,missing,not_disclosed,not_disclosed,not_disclosed,not_disclosed,quote_verified,quote_verified,quote_verified,quote_verified,quote_verified,quote_verified,structural,structural,imputed,imputed
AVY,Avery Dennison,Materials,Paper & Plastic Packaging Products & Materials,structural,structural,structural,not_disclosed,structural,structural,structural,structural,structural,not_disclosed,not_disclosed,structural,structural,not_disclosed,structural,structural,structural,structural,structural,structural,structural,structural,structural,quote_verified,quote_verified,quote_verified,missing,not_disclosed,not_disclosed,not_disclosed,not_disclosed,quote_verified,structural,quote_verified,quote_verified,quote_verified,quote_verified,structural,structural,imputed,imputed
AWK,American Water Works,Utilities,Water Utilities,structural,structural,structural,not_disclosed,structural,structural,structural,structural,structural,not_disclosed,not_disclosed,structural,not_disclosed,not_disclosed,structural,structural,structural,structural,structural,not_disclosed,structural,not_disclosed,not_disclosed,not_disclosed,not_disclosed,not_disclosed,missing,not_disclosed,not_disclosed,not_disclosed,not_disclosed,quote_verified,quote_verified,quote_verified,not_disclosed,not_disclosed,quote_verified,structural,structural,imputed,imputed
AXON,Axon Enterprise,Industrials,Aerospace & Defense,structural,structural,structural,not_disclosed,structural,structural,structural,structural,structural,not_disclosed,not_disclosed,structural,structural,not_disclosed,structural,structural,structural,structural,structural,structural,structural,not_disclosed,not_disclosed,not_disclosed,not_disclosed,not_disclosed,missing,not_disclosed,not_disclosed,not_disclosed,not_disclosed,quote_verified,structural,not_disclosed,not_disclosed,not_disclosed,quote_verified,not_disclosed,not_disclosed,imputed,imputed
AXP,American Express,Financials,Consumer Finance,structural,structural,not_disclosed,not_disclosed,structural,structural,structural,structural,structural,not_disclosed,not_disclosed,structural,not_disclosed,not_disclosed,structural,structural,structural,structural,structural,not_disclosed,structural,structural,structural,quote_verified,quote_verified,quote_verified,missing,not_disclosed,not_disclosed,not_disclosed,not_disclosed,quote_verified,quote_verified,quote_verified,not_disclosed,not_disclosed,quote_verified,structural,structural,imputed,imputed
AZO,AutoZone,Consumer Discretionary,Automotive Retail,structural,structural,structural,not_disclosed,structural,structural,structural,not_disclosed,structural,not_disclosed,not_disclosed,structural,structural,not_disclosed,structural,structural,structural,structural,structural,not_disclosed,structural,not_disclosed,not_disclosed,not_disclosed,not_disclosed,not_disclosed,missing,not_disclosed,not_disclosed,not_disclosed,not_disclosed,quote_verified,quote_verified,quote_verified,not_disclosed,not_disclosed,quote_verified,structural,not_disclosed,imputed,imputed
BA,Boeing,Industrials,Aerospace & Defense,structural,structural,structural,not_disclosed,structural,structural,structural,structural,structural,structural,structural,structural,structural,not_disclosed,structural,structural,structural,structural,structural,structural,structural,not_disclosed,not_disclosed,not_disclosed,not_disclosed,not_disclosed,missing,not_disclosed,not_disclosed,not_disclosed,not_disclosed,quote_verified,quote_verified,quote_verified,not_disclosed,not_disclosed,structural,not_disclosed,structural,imputed,imputed
BAC,Bank of America,Financials,Diversified Banks,structural,structural,structural,not_disclosed,structural,structural,structural,structural,structural,not_disclosed,not_disclosed,structural,not_disclosed,not_disclosed,structural,structural,structural,not_disclosed,not_disclosed,not_disclosed,structural,not_disclosed,not_disclosed,not_disclosed,not_disclosed,not_disclosed,missing,not_disclosed,not_disclosed,not_disclosed,not_disclosed,quote_verified,structural,quote_verified,not_disclosed,not_disclosed,quote_verified,structural,not_disclosed,imputed,imputed
BALL,Ball Corporation,Materials,"Metal, Glass & Plastic Containers",structural,structural,structural,not_disclosed,structural,structural,structural,structural,structural,not_disclosed,not_disclosed,structural,not_disclosed,not_disclosed,structural,structural,structural,structural,structural,structural,structural,structural,structural,not_disclosed,not_disclosed,not_disclosed,missing,not_disclosed,not_disclosed,not_disclosed,not_disclosed,quote_verified,quote_verified,quote_verified,quote_verified,quote_verified,quote_verified,structural,structural,imputed,imputed
BAX,Baxter International,Health Care,Health Care Equipment,structural,structural,structural,not_disclosed,structural,structural,structural,structural,structural,structural,structural,structural,structural,not_disclosed,structural,structural,structural,structural,structural,structural,structural,not_disclosed,not_disclosed,not_disclosed,not_disclosed,not_disclosed,missing,not_disclosed,not_disclosed,not_disclosed,not_disclosed,quote_verified,quote_verified,quote_verified,quote_verified,quote_verified,quote_verified,structural,structural,imputed,imputed
BBY,Best Buy,Consumer Discretionary,Computer & Electronics Retail,structural,structural,structural,not_disclosed,structural,structural,structural,structural,structural,not_disclosed,not_disclosed,structural,structural,not_disclosed,structural,structural,structural,structural,structural,not_disclosed,structural,structural,structural,not_disclosed,not_disclosed,not_disclosed,missing,not_disclosed,not_disclosed,not_disclosed,not_disclosed,quote_verified,structural,quote_verified,quote_verified,quote_verified,quote_verified,structural,structural,imputed,imputed
BDX,Becton Dickinson,Health Care,Health Care Equipment,structural,structural,structural,not_disclosed,structural,structural,structural,structural,structural,not_disclosed,not_disclosed,structural,structural,not_disclosed,structural,structural,structural,structural,structural,structural,structural,not_disclosed,not_disclosed,not_disclosed,not_disclosed,not_disclosed,missing,not_disclosed,not_disclosed,not_disclosed,not_disclosed,quote_verified,quote_verified,quote_verified,not_disclosed,not_disclosed,structural,structural,structural,imputed,imputed
BEN,Franklin Resources,Financials,Asset Management & Custody Banks,structural,structural,not_disclosed,not_disclosed,structural,structural,structural,structural,structural,not_disclosed,not_disclosed,structural,not_disclosed,not_disclosed,structural,structural,structural,structural,structural,not_disclosed,structural,not_disclosed,not_disclosed,not_disclosed,not_disclosed,not_disclosed,missing,not_disclosed,not_disclosed,not_disclosed,not_disclosed,quote_verified,quote_verified,quote_verified,quote_verified,quote_verified,quote_verified,structural,structural,imputed,imputed
BF.B,Brown–Forman,Consumer Staples,Distillers & Vintners,structural,structural,structural,not_disclosed,structural,structural,structural,structural,structural,structural,structural,structural,structural,not_disclosed,structural,structural,structural,structural,structural,not_disclosed,structural,not_disclosed,not_disclosed,not_disclosed,not_disclosed,not_disclosed,missing,not_disclosed,not_disclosed,not_disclosed,not_disclosed,quote_verified,quote_verified,quote_verified,quote_verified,quote_verified,quote_verified,structural,structural,imputed,imputed
BG,Bunge Global,Consumer Staples,Agricultural Products & Services,structural,structural,structural,not_disclosed,structural,structural,structural,structural,structural,not_disclosed,not_disclosed,structural,structural,not_disclosed,structural,structural,structural,structural,structural,structural,structural,not_disclosed,not_disclosed,not_disclosed,not_disclosed,not_disclosed,missing,quote_verified,quote_verified,quote_verified,quote_verified,quote_verified,quote_verified,quote_verified,not_disclosed,not_disclosed,quote_verified,structural,structural,imputed,imputed
BIIB,Biogen,Health Care,Biotechnology,structural,structural,structural,not_disclosed,structural,structural,structural,structural,structural,structural,structural,structural,structural,not_disclosed,structural,structural,structural,structural,structural,not_disclosed,structural,structural,not_disclosed,not_disclosed,not_disclosed,not_disclosed,missing,not_disclosed,not_disclosed,not_disclosed,not_disclosed,quote_verified,quote_verified,quote_verified,quote_verified,quote_verified,structural,structural,not_disclosed,imputed,imputed
BKNG,Booking Holdings,Consumer Discretionary,"Hotels, Resorts & Cruise Lines",structural,structural,structural,not_disclosed,structural,structural,structural,structural,structural,not_disclosed,not_disclosed,structural,not_disclosed,not_disclosed,structural,structural,structural,structural,structural,not_disclosed,structural,structural,structural,quote_verified,quote_verified,quote_verified,missing,not_disclosed,not_disclosed,not_disclosed,not_disclosed,quote_verified,quote_verified,quote_verified,quote_verified,quote_verified,quote_verified,structural,structural,imputed,imputed
BKR,Baker Hughes,Energy,Oil & Gas Equipment & Services,structural,structural,structural,not_disclosed,structural,structural,structural,structural,structural,not_disclosed,not_disclosed,structural,not_disclosed,not_disclosed,structural,structural,structural,structural,structural,structural,structural,not_disclosed,not_disclosed,not_disclosed,not_disclosed,not_disclosed,missing,not_disclosed,not_disclosed,not_disclosed,not_disclosed,quote_verified,quote_verified,quote_verified,not_disclosed,not_disclosed,quote_verified,structural,structural,imputed,imputed
BLDR,Builders FirstSource,Industrials,Building Products,structural,structural,structural,not_disclosed,structural,structural,structural,structural,structural,not_disclosed,not_disclosed,structural,structural,not_disclosed,structural,structural,structural,structural,structural,not_disclosed,structural,not_disclosed,not_disclosed,not_disclosed,not_disclosed,not_disclosed,missing,not_disclosed,not_disclosed,not_disclosed,not_disclosed,quote_verified,quote_verified,quote_verified,quote_verified,quote_verified,structural,structural,not_disclosed,imputed,imputed
BLK,BlackRock,Financials,Asset Management & Custody Banks,structural,structural,structural,not_disclosed,structural,structural,structural,structural,structural,structural,structural,structural,not_disclosed,not_disclosed,structural,structural,structural,structural,structural,not_disclosed,structural,not_disclosed,not_disclosed,not_disclosed,not_disclosed,not_disclosed,missing,not_disclosed,not_disclosed,not_disclosed,not_disclosed,quote_verified,structural,quote_verified,not_disclosed,not_disclosed,quote_verified,structural,structural,imputed,imputed
BMY,Bristol Myers Squibb,Health Care,Pharmaceuticals,structural,structural,structural,not_disclosed,structural,structural,structural,structural,structural,structural,structural,structural,structural,not_disclosed,structural,structural,structural,structural,structural,structural,structural,structural,structural,quote_verified,quote_verified,quote_verified,missing,not_disclosed,quote_verified,quote_verified,not_disclosed,quote_verified,quote_verified,quote_verified,not_disclosed,not_disclosed,quote_verified,structural,structural,imputed,imputed
BNY,BNY Mellon,Financials,Asset Management & Custody Banks,structural,structural,not_disclosed,not_disclosed,structural,structural,structural,structural,structural,not_disclosed,not_disclosed,structural,not_disclosed,not_disclosed,structural,not_disclosed,not_disclosed,structural,structural,not_disclosed,structural,not_disclosed,not_disclosed,not_disclosed,not_disclosed,not_disclosed,missing,not_disclosed,not_disclosed,not_disclosed,not_disclosed,quote_verified,quote_verified,quote_verified,not_disclosed,not_disclosed,quote_verified,structural,structural,imputed,imputed
BR,Broadridge Financial Solutions,Industrials,Data Processing & Outsourced Services,structural,structural,structural,not_disclosed,structural,structural,structural,structural,structural,not_disclosed,not_disclosed,structural,structural,not_disclosed,structural,structural,structural,structural,structural,not_disclosed,structural,structural,quote_verified,quote_verified,quote_verified,quote_verified,missing,not_disclosed,not_disclosed,not_disclosed,not_disclosed,quote_verified,quote_verified,quote_verified,not_disclosed,not_disclosed,quote_verified,structural,structural,imputed,imputed
BRK.B,Berkshire Hathaway,Financials,Multi-Sector Holdings,structural,structural,structural,not_disclosed,structural,structural,structural,structural,structural,structural,structural,structural,not_disclosed,not_disclosed,structural,structural,structural,structural,structural,not_disclosed,structural,not_disclosed,not_disclosed,not_disclosed,not_disclosed,not_disclosed,missing,not_disclosed,not_disclosed,not_disclosed,not_disclosed,structural,structural,not_disclosed,not_disclosed,not_disclosed,quote_verified,structural,not_disclosed,imputed,imputed
BRO,Brown & Brown,Financials,Insurance Brokers,structural,structural,structural,not_disclosed,structural,structural,structural,structural,structural,not_disclosed,not_disclosed,structural,not_disclosed,not_disclosed,structural,structural,not_disclosed,structural,structural,not_disclosed,structural,not_disclosed,not_disclosed,not_disclosed,not_disclosed,not_disclosed,missing,not_disclosed,not_disclosed,not_disclosed,not_disclosed,quote_verified,quote_verified,quote_verified,not_disclosed,not_disclosed,quote_verified,structural,structural,imputed,imputed
BSX,Boston Scientific,Health Care,Health Care Equipment,structural,structural,structural,not_disclosed,structural,structural,structural,structural,structural,not_disclosed,not_disclosed,structural,structural,not_disclosed,structural,structural,structural,structural,structural,not_disclosed,structural,structural,structural,quote_verified,quote_verified,quote_verified,missing,not_disclosed,not_disclosed,not_disclosed,not_disclosed,quote_verified,quote_verified,quote_verified,not_disclosed,not_disclosed,quote_verified,structural,structural,imputed,imputed
BX,Blackstone Inc.,Financials,Asset Management & Custody Banks,structural,structural,structural,not_disclosed,structural,structural,structural,structural,structural,structural,structural,structural,not_disclosed,not_disclosed,structural,structural,not_disclosed,structural,structural,not_disclosed,structural,not_disclosed,not_disclosed,not_disclosed,not_disclosed,not_disclosed,missing,not_disclosed,not_disclosed,not_disclosed,not_disclosed,not_disclosed,not_disclosed,not_disclosed,not_disclosed,not_disclosed,not_disclosed,not_disclosed,structural,imputed,imputed
BXP,"BXP, Inc.",Real Estate,Office REITs,structural,structural,structural,not_disclosed,structural,structural,structural,structural,structural,not_disclosed,not_disclosed,structural,not_disclosed,not_disclosed,structural,structural,structural,not_disclosed,not_disclosed,not_disclosed,structural,structural,structural,quote_verified,quote_verified,quote_verified,missing,not_disclosed,not_disclosed,not_disclosed,quote_verified,quote_verified,structural,quote_verified,not_disclosed,not_disclosed,quote_verified,not_disclosed,structural,imputed,imputed
C,Citigroup,Financials,Diversified Banks,structural,structural,structural,not_disclosed,structural,structural,structural,structural,structural,not_disclosed,not_disclosed,structural,not_disclosed,not_disclosed,structural,structural,structural,structural,structural,not_disclosed,structural,not_disclosed,not_disclosed,not_disclosed,not_disclosed,not_disclosed,missing,quote_verified,not_disclosed,not_disclosed,not_disclosed,quote_verified,quote_verified,quote_verified,not_disclosed,not_disclosed,quote_verified,structural,structural,imputed,imputed
CAH,Cardinal Health,Health Care,Health Care Distributors,structural,structural,structural,not_disclosed,structural,structural,structural,structural,structural,not_disclosed,not_disclosed,structural,structural,not_disclosed,structural,structural,structural,structural,structural,not_disclosed,structural,structural,quote_verified,quote_verified,quote_verified,quote_verified,missing,not_disclosed,not_disclosed,not_disclosed,not_disclosed,quote_verified,quote_verified,quote_verified,not_disclosed,not_disclosed,quote_verified,structural,structural,imputed,imputed
CARR,Carrier Global,Industrials,Building Products,structural,structural,structural,not_disclosed,structural,structural,structural,structural,structural,not_disclosed,not_disclosed,structural,structural,not_disclosed,structural,structural,structural,structural,structural,structural,structural,structural,structural,quote_verified,quote_verified,quote_verified,missing,not_disclosed,not_disclosed,not_disclosed,not_disclosed,quote_verified,quote_verified,quote_verified,not_disclosed,not_disclosed,quote_verified,structural,structural,imputed,imputed
CASY,Casey's,Consumer Staples,Food Retail,structural,structural,not_disclosed,not_disclosed,structural,structural,structural,structural,structural,not_disclosed,not_disclosed,structural,not_disclosed,not_disclosed,structural,not_disclosed,not_disclosed,structural,structural,not_disclosed,structural,not_disclosed,not_disclosed,not_disclosed,not_disclosed,not_disclosed,missing,not_disclosed,not_disclosed,not_disclosed,not_disclosed,quote_verified,quote_verified,quote_verified,quote_verified,quote_verified,quote_verified,structural,structural,imputed,imputed
CAT,Caterpillar Inc.,Industrials,Construction Machinery & Heavy Transportation Equipment,structural,structural,structural,not_disclosed,structural,structural,structural,structural,structural,structural,structural,structural,structural,not_disclosed,structural,structural,structural,structural,structural,structural,structural,not_disclosed,not_disclosed,not_disclosed,not_disclosed,not_disclosed,missing,not_disclosed,quote_verified,quote_verified,not_disclosed,quote_verified,quote_verified,quote_verified,not_disclosed,not_disclosed,quote_verified,structural,structural,imputed,imputed
CB,Chubb Limited,Financials,Property & Casualty Insurance,structural,structural,structural,not_disclosed,structural,structural,structural,structural,structural,not_disclosed,not_disclosed,not_disclosed,not_disclosed,not_disclosed,structural,structural,not_disclosed,not_disclosed,not_disclosed,not_disclosed,structural,not_disclosed,not_disclosed,not_disclosed,not_disclosed,not_disclosed,missing,quote_verified,quote_verified,quote_verified,not_disclosed,quote_verified,quote_verified,quote_verified,not_disclosed,not_disclosed,quote_verified,structural,structural,imputed,imputed
CBOE,Cboe Global Markets,Financials,Financial Exchanges & Data,structural,structural,structural,not_disclosed,structural,structural,structural,structural,structural,not_disclosed,not_disclosed,structural,structural,not_disclosed,structural,structural,structural,structural,structural,not_disclosed,structural,not_disclosed,not_disclosed,not_disclosed,not_disclosed,not_disclosed,missing,not_disclosed,not_disclosed,not_disclosed,not_disclosed,quote_verified,quote_verified,quote_verified,not_disclosed,not_disclosed,quote_verified,structural,structural,imputed,imputed
CBRE,CBRE Group,Real Estate,Real Estate Services,structural,structural,structural,not_disclosed,structural,structural,structural,structural,structural,not_disclosed,not_disclosed,structural,structural,not_disclosed,structural,structural,structural,structural,structural,not_disclosed,structural,structural,quote_verified,quote_verified,quote_verified,quote_verified,missing,not_disclosed,not_disclosed,not_disclosed,not_disclosed,quote_verified,quote_verified,quote_verified,not_disclosed,not_disclosed,quote_verified,structural,not_disclosed,imputed,imputed
CCI,Crown Castle,Real Estate,Telecom Tower REITs,structural,structural,structural,not_disclosed,structural,structural,structural,structural,structural,not_disclosed,not_disclosed,structural,structural,not_disclosed,structural,structural,structural,structural,structural,not_disclosed,structural,not_disclosed,not_disclosed,not_disclosed,not_disclosed,not_disclosed,missing,not_disclosed,quote_verified,quote_verified,not_disclosed,quote_verified,quote_verified,quote_verified,not_disclosed,not_disclosed,quote_verified,structural,structural,imputed,imputed
CCL,Carnival Corporation,Consumer Discretionary,"Hotels, Resorts & Cruise Lines",structural,structural,structural,not_disclosed,structural,structural,structural,structural,structural,not_disclosed,not_disclosed,structural,structural,not_disclosed,structural,structural,structural,structural,structural,not_disclosed,structural,not_disclosed,not_disclosed,not_disclosed,not_disclosed,not_disclosed,missing,not_disclosed,not_disclosed,not_disclosed,not_disclosed,quote_verified,quote_verified,quote_verified,quote_verified,quote_verified,structural,structural,structural,imputed,imputed
CDNS,Cadence Design Systems,Information Technology,Application Software,structural,structural,structural,not_disclosed,structural,structural,structural,structural,structural,not_disclosed,not_disclosed,structural,not_disclosed,not_disclosed,structural,structural,structural,structural,structural,not_disclosed,structural,structural,structural,quote_verified,quote_verified,quote_verified,missing,not_disclosed,not_disclosed,not_disclosed,not_disclosed,quote_verified,quote_verified,quote_verified,not_disclosed,not_disclosed,quote_verified,structural,not_disclosed,imputed,imputed
CDW,CDW Corporation,Information Technology,Technology Distributors,structural,structural,structural,not_disclosed,structural,structural,structural,structural,structural,not_disclosed,not_disclosed,structural,structural,not_disclosed,structural,structural,structural,structural,structural,not_disclosed,structural,structural,structural,quote_verified,quote_verified,quote_verified,missing,not_disclosed,not_disclosed,not_disclosed,not_disclosed,quote_verified,quote_verified,quote_verified,quote_verified,quote_verified,quote_verified,structural,structural,imputed,imputed
CEG,Constellation Energy,Utilities,Electric Utilities,structural,structural,not_disclosed,not_disclosed,structural,structural,structural,structural,structural,structural,structural,structural,not_disclosed,not_disclosed,structural,structural,structural,structural,structural,not_disclosed,structural,not_disclosed,not_disclosed,not_disclosed,not_disclosed,not_disclosed,missing,quote_verified,not_disclosed,not_disclosed,quote_verified,quote_verified,quote_verified,quote_verified,not_disclosed,not_disclosed,quote_verified,structural,structural,imputed,imputed
CF,CF Industries,Materials,Fertilizers & Agricultural Chemicals,structural,structural,not_disclosed,not_disclosed,structural,structural,structural,structural,structural,structural,structural,structural,structural,not_disclosed,structural,structural,structural,structural,structural,not_disclosed,structural,not_disclosed,not_disclosed,not_disclosed,not_disclosed,not_disclosed,missing,not_disclosed,not_disclosed,not_disclosed,quote_verified,quote_verified,structural,quote_verified,not_disclosed,not_disclosed,quote_verified,structural,structural,imputed,imputed
CFG,Citizens Financial Group,Financials,Regional Banks,structural,structural,structural,not_disclosed,structural,structural,structural,structural,structural,not_disclosed,not_disclosed,structural,not_disclosed,not_disclosed,structural,structural,structural,not_disclosed,not_disclosed,not_disclosed,structural,not_disclosed,not_disclosed,not_disclosed,not_disclosed,not_disclosed,missing,not_disclosed,not_disclosed,not_disclosed,quote_verified,quote_verified,quote_verified,quote_verified,not_disclosed,not_disclosed,quote_verified,structural,structural,imputed,imputed
CHD,Church & Dwight,Consumer Staples,Household Products,structural,structural,structural,not_disclosed,structural,structural,structural,structural,structural,not_disclosed,not_disclosed,structural,structural,not_disclosed,structural,structural,structural,structural,structural,structural,structural,structural,structural,quote_verified,quote_verified,quote_verified,missing,quote_verified,not_disclosed,not_disclosed,not_disclosed,quote_verified,quote_verified,quote_verified,quote_verified,quote_verified,quote_verified,structural,structural,imputed,imputed
CHRW,C.H. Robinson,Industrials,Air Freight & Logistics,structural,structural,not_disclosed,not_disclosed,structural,structural,structural,structural,structural,not_disclosed,not_disclosed,structural,not_disclosed,not_disclosed,structural,structural,structural,structural,structural,not_disclosed,structural,not_disclosed,not_disclosed,not_disclosed,not_disclosed,not_disclosed,missing,not_disclosed,not_disclosed,not_disclosed,not_disclosed,quote_verified,quote_verified,not_disclosed,quote_verified,quote_verified,quote_verified,structural,structural,imputed,imputed
CHTR,Charter Communications,Communication Services,Cable & Satellite,structural,structural,structural,not_disclosed,structural,structural,structural,structural,structural,not_disclosed,not_disclosed,structural,not_disclosed,not_disclosed,structural,structural,structural,structural,structural,not_disclosed,structural,not_disclosed,not_disclosed,not_disclosed,not_disclosed,not_disclosed,missing,not_disclosed,not_disclosed,not_disclosed,not_disclosed,quote_verified,quote_verified,not_disclosed,quote_verified,quote_verified,quote_verified,structural,not_disclosed,imputed,imputed
CI,Cigna,Health Care,Health Care Services,structural,structural,not_disclosed,not_disclosed,structural,structural,structural,structural,structural,not_disclosed,not_disclosed,structural,structural,not_disclosed,structural,structural,structural,not_disclosed,not_disclosed,not_disclosed,structural,structural,not_disclosed,not_disclosed,not_disclosed,not_disclosed,missing,not_disclosed,quote_verified,quote_verified,not_disclosed,quote_verified,structural,quote_verified,not_disclosed,not_disclosed,quote_verified,structural,structural,imputed,imputed
CIEN,Ciena,Information Technology,Communications Equipment,structural,structural,structural,not_disclosed,structural,structural,structural,structural,structural,not_disclosed,not_disclosed,structural,structural,not_disclosed,structural,structural,structural,structural,structural,structural,structural,structural,quote_verified,quote_verified,quote_verified,quote_verified,missing,not_disclosed,quote_verified,quote_verified,not_disclosed,quote_verified,quote_verified,quote_verified,quote_verified,quote_verified,quote_verified,structural,not_disclosed,imputed,imputed
CINF,Cincinnati Financial,Financials,Property & Casualty Insurance,structural,structural,structural,not_disclosed,structural,structural,structural,structural,structural,not_disclosed,not_disclosed,structural,not_disclosed,not_disclosed,structural,structural,structural,structural,structural,not_disclosed,structural,not_disclosed,not_disclosed,not_disclosed,not_disclosed,not_disclosed,missing,not_disclosed,not_disclosed,not_disclosed,not_disclosed,quote_verified,quote_verified,quote_verified,not_disclosed,not_disclosed,quote_verified,structural,structural,imputed,imputed
CL,Colgate-Palmolive,Consumer Staples,Household Products,structural,structural,structural,not_disclosed,structural,structural,structural,structural,structural,not_disclosed,not_disclosed,structural,structural,not_disclosed,structural,structural,structural,structural,structural,structural,structural,structural,structural,quote_verified,quote_verified,quote_verified,missing,not_disclosed,not_disclosed,not_disclosed,not_disclosed,quote_verified,quote_verified,quote_verified,not_disclosed,not_disclosed,quote_verified,structural,not_disclosed,imputed,imputed
CLX,Clorox,Consumer Staples,Household Products,structural,structural,structural,not_disclosed,structural,structural,structural,structural,structural,not_disclosed,not_disclosed,structural,structural,not_disclosed,structural,structural,structural,structural,structural,structural,structural,structural,structural,quote_verified,quote_verified,quote_verified,missing,not_disclosed,quote_verified,quote_verified,not_disclosed,quote_verified,quote_verified,quote_verified,not_disclosed,not_disclosed,quote_verified,structural,structural,imputed,imputed
CMCSA,Comcast,Communication Services,Cable & Satellite,structural,structural,structural,not_disclosed,structural,structural,structural,structural,structural,not_disclosed,not_disclosed,structural,not_disclosed,not_disclosed,structural,structural,structural,structural,structural,not_disclosed,structural,structural,structural,quote_verified,quote_verified,quote_verified,missing,not_disclosed,not_disclosed,not_disclosed,not_disclosed,quote_verified,quote_verified,quote_verified,quote_verified,quote_verified,quote_verified,structural,structural,imputed,imputed
CME,CME Group,Financials,Financial Exchanges & Data,structural,structural,not_disclosed,not_disclosed,structural,structural,structural,structural,structural,not_disclosed,not_disclosed,structural,not_disclosed,not_disclosed,structural,structural,structural,structural,structural,not_disclosed,structural,not_disclosed,not_disclosed,not_disclosed,not_disclosed,not_disclosed,missing,not_disclosed,not_disclosed,not_disclosed,not_disclosed,quote_verified,structural,quote_verified,not_disclosed,not_disclosed,quote_verified,not_disclosed,structural,imputed,imputed
CMG,Chipotle Mexican Grill,Consumer Discretionary,Restaurants,structural,structural,structural,not_disclosed,structural,structural,structural,structural,structural,not_disclosed,not_disclosed,structural,not_disclosed,not_disclosed,structural,structural,structural,structural,structural,not_disclosed,structural,structural,structural,quote_verified,quote_verified,quote_verified,missing,not_disclosed,not_disclosed,not_disclosed,quote_verified,quote_verified,quote_verified,quote_verified,not_disclosed,not_disclosed,quote_verified,structural,not_disclosed,imputed,imputed
CMI,Cummins,Industrials,Construction Machinery & Heavy Transportation Equipment,structural,structural,structural,not_disclosed,structural,structural,structural,structural,structural,not_disclosed,not_disclosed,structural,structural,not_disclosed,structural,structural,structural,structural,structural,structural,structural,structural,structural,quote_verified,quote_verified,quote_verified,missing,not_disclosed,not_disclosed,not_disclosed,not_disclosed,quote_verified,quote_verified,quote_verified,quote_verified,quote_verified,quote_verified,structural,structural,imputed,imputed
CMS,CMS Energy,Utilities,Multi-Utilities,structural,structural,structural,not_disclosed,structural,structural,structural,structural,structural,structural,structural,structural,not_disclosed,structural,structural,structural,structural,structural,structural,not_disclosed,structural,not_disclosed,not_disclosed,not_disclosed,not_disclosed,not_disclosed,missing,not_disclosed,not_disclosed,not_disclosed,not_disclosed,quote_verified,quote_verified,quote_verified,not_disclosed,not_disclosed,structural,not_disclosed,not_disclosed,imputed,imputed
CNC,Centene Corporation,Health Care,Managed Health Care,structural,structural,structural,not_disclosed,structural,structural,structural,structural,structural,not_disclosed,not_disclosed,structural,structural,not_disclosed,structural,structural,structural,structural,structural,not_disclosed,structural,not_disclosed,not_disclosed,not_disclosed,not_disclosed,not_disclosed,missing,not_disclosed,not_disclosed,not_disclosed,not_disclosed,quote_verified,quote_verified,quote_verified,not_disclosed,not_disclosed,quote_verified,structural,not_disclosed,imputed,imputed
CNP,CenterPoint Energy,Utilities,Multi-Utilities,structural,structural,structural,not_disclosed,structural,structural,structural,structural,structural,structural,structural,structural,structural,not_disclosed,structural,structural,structural,structural,structural,not_disclosed,structural,not_disclosed,not_disclosed,not_disclosed,not_disclosed,not_disclosed,missing,not_disclosed,not_disclosed,not_disclosed,not_disclosed,quote_verified,quote_verified,quote_verified,not_disclosed,not_disclosed,quote_verified,not_disclosed,structural,imputed,imputed
COF,Capital One,Financials,Consumer Finance,structural,structural,not_disclosed,not_disclosed,structural,structural,structural,structural,structural,not_disclosed,not_disclosed,structural,not_disclosed,not_disclosed,structural,structural,structural,structural,structural,not_disclosed,structural,not_disclosed,not_disclosed,not_disclosed,not_disclosed,not_disclosed,missing,not_disclosed,not_disclosed,not_disclosed,not_disclosed,quote_verified,quote_verified,quote_verified,quote_verified,quote_verified,quote_verified,structural,structural,imputed,imputed
COHR,Coherent Corp.,Information Technology,Electronic Components,structural,structural,structural,not_disclosed,structural,structural,structural,structural,structural,not_disclosed,not_disclosed,structural,structural,not_disclosed,structural,structural,structural,structural,structural,structural,structural,not_disclosed,not_disclosed,not_disclosed,not_disclosed,not_disclosed,missing,not_disclosed,not_disclosed,not_disclosed,not_disclosed,quote_verified,quote_verified,quote_verified,not_disclosed,not_disclosed,quote_verified,structural,not_disclosed,imputed,imputed
COIN,Coinbase,Financials,Financial Exchanges & Data,structural,structural,structural,not_disclosed,structural,structural,structural,structural,structural,not_disclosed,not_disclosed,structural,not_disclosed,not_disclosed,structural,structural,structural,structural,structural,structural,structural,not_disclosed,not_disclosed,not_disclosed,not_disclosed,not_disclosed,missing,not_disclosed,not_disclosed,not_disclosed,not_disclosed,quote_verified,structural,not_disclosed,quote_verified,quote_verified,quote_verified,structural,not_disclosed,imputed,imputed
COO,Cooper Companies (The),Health Care,Health Care Supplies,structural,structural,structural,not_disclosed,structural,structural,structural,structural,structural,not_disclosed,not_disclosed,structural,structural,not_disclosed,structural,structural,structural,structural,structural,structural,structural,not_disclosed,not_disclosed,not_disclosed,not_disclosed,not_disclosed,missing,not_disclosed,not_disclosed,not_disclosed,not_disclosed,quote_verified,quote_verified,quote_verified,not_disclosed,not_disclosed,quote_verified,structural,structural,imputed,imputed
COP,ConocoPhillips,Energy,Oil & Gas Exploration & Production,structural,structural,not_disclosed,not_disclosed,structural,structural,structural,structural,structural,structural,structural,structural,structural,not_disclosed,structural,structural,structural,structural,structural,structural,structural,not_disclosed,not_disclosed,not_disclosed,not_disclosed,not_disclosed,missing,not_disclosed,not_disclosed,not_disclosed,not_disclosed,quote_verified,quote_verified,quote_verified,quote_verified,quote_verified,quote_verified,structural,structural,imputed,imputed
COR,Cencora,Health Care,Health Care Distributors,structural,structural,structural,not_disclosed,structural,structural,structural,structural,structural,not_disclosed,not_disclosed,structural,structural,not_disclosed,structural,structural,structural,structural,structural,not_disclosed,structural,structural,quote_verified,quote_verified,quote_verified,quote_verified,missing,not_disclosed,not_disclosed,not_disclosed,not_disclosed,quote_verified,structural,quote_verified,not_disclosed,not_disclosed,quote_verified,structural,structural,imputed,imputed
COST,Costco,Consumer Staples,Consumer Staples Merchandise Retail,structural,structural,not_disclosed,not_disclosed,structural,structural,structural,structural,structural,not_disclosed,not_disclosed,structural,structural,not_disclosed,structural,structural,structural,structural,structural,not_disclosed,structural,not_disclosed,not_disclosed,not_disclosed,not_disclosed,not_disclosed,missing,not_disclosed,not_disclosed,not_disclosed,not_disclosed,quote_verified,structural,not_disclosed,not_disclosed,not_disclosed,quote_verified,structural,structural,imputed,imputed
CPAY,Corpay,Financials,Transaction & Payment Processing Services,structural,structural,structural,not_disclosed,structural,structural,structural,structural,structural,not_disclosed,not_disclosed,structural,not_disclosed,not_disclosed,structural,structural,structural,structural,structural,not_disclosed,structural,not_disclosed,not_disclosed,not_disclosed,not_disclosed,not_disclosed,missing,not_disclosed,not_disclosed,not_disclosed,not_disclosed,quote_verified,structural,quote_verified,not_disclosed,not_disclosed,quote_verified,structural,not_disclosed,imputed,imputed
CPRT,Copart,Industrials,Diversified Support Services,structural,structural,structural,not_disclosed,structural,structural,structural,structural,structural,not_disclosed,not_disclosed,structural,not_disclosed,not_disclosed,structural,structural,structural,structural,structural,not_disclosed,structural,not_disclosed,not_disclosed,not_disclosed,not_disclosed,not_disclosed,missing,not_disclosed,not_disclosed,not_disclosed,not_disclosed,structural,structural,not_disclosed,not_disclosed,not_disclosed,quote_verified,structural,not_disclosed,imputed,imputed
CPT,Camden Property Trust,Real Estate,Multi-Family Residential REITs,structural,structural,structural,not_disclosed,structural,structural,structural,structural,structural,not_disclosed,not_disclosed,structural,structural,not_disclosed,structural,not_disclosed,not_disclosed,not_disclosed,not_disclosed,not_disclosed,structural,not_disclosed,not_disclosed,not_disclosed,not_disclosed,not_disclosed,missing,not_disclosed,not_disclosed,not_disclosed,not_disclosed,quote_verified,quote_verified,quote_verified,not_disclosed,not_disclosed,structural,structural,structural,imputed,imputed
CRH,CRH plc,Materials,Construction Materials,structural,structural,not_disclosed,not_disclosed,structural,structural,structural,structural,structural,not_disclosed,not_disclosed,not_disclosed,structural,not_disclosed,structural,structural,structural,structural,structural,not_disclosed,structural,structural,structural,not_disclosed,not_disclosed,not_disclosed,missing,not_disclosed,not_disclosed,not_disclosed,not_disclosed,quote_verified,quote_verified,quote_verified,not_disclosed,not_disclosed,structural,structural,not_disclosed,imputed,imputed
CRL,Charles River Laboratories,Health Care,Life Sciences Tools & Services,structural,structural,structural,not_disclosed,structural,structural,structural,structural,structural,not_disclosed,not_disclosed,structural,not_disclosed,not_disclosed,structural,structural,structural,structural,structural,not_disclosed,structural,structural,structural,quote_verified,quote_verified,quote_verified,missing,not_disclosed,not_disclosed,not_disclosed,not_disclosed,quote_verified,quote_verified,quote_verified,not_disclosed,not_disclosed,quote_verified,structural,not_disclosed,imputed,imputed
CRM,Salesforce,Information Technology,Application Software,structural,structural,structural,not_disclosed,structural,structural,structural,structural,structural,not_disclosed,not_disclosed,structural,structural,not_disclosed,structural,structural,structural,structural,structural,structural,structural,not_disclosed,not_disclosed,not_disclosed,not_disclosed,not_disclosed,missing,not_disclosed,quote_verified,quote_verified,not_disclosed,quote_verified,quote_verified,quote_verified,not_disclosed,not_disclosed,quote_verified,structural,structural,imputed,imputed
CRWD,CrowdStrike,Information Technology,Systems Software,structural,structural,not_disclosed,not_disclosed,structural,structural,structural,structural,structural,not_disclosed,not_disclosed,structural,structural,not_disclosed,structural,structural,structural,structural,structural,structural,structural,structural,quote_verified,quote_verified,quote_verified,quote_verified,missing,not_disclosed,quote_verified,quote_verified,quote_verified,quote_verified,quote_verified,quote_verified,not_disclosed,not_disclosed,structural,not_disclosed,not_disclosed,imputed,imputed
CSCO,Cisco,Information Technology,Communications Equipment,structural,structural,not_disclosed,not_disclosed,structural,structural,structural,structural,structural,not_disclosed,not_disclosed,structural,structural,not_disclosed,structural,structural,structural,structural,structural,structural,structural,not_disclosed,not_disclosed,not_disclosed,not_disclosed,not_disclosed,missing,not_disclosed,not_disclosed,not_disclosed,quote_verified,quote_verified,structural,quote_verified,not_disclosed,not_disclosed,quote_verified,structural,structural,imputed,imputed
CSGP,CoStar Group,Real Estate,Real Estate Services,structural,structural,structural,not_disclosed,structural,structural,structural,structural,structural,not_disclosed,not_disclosed,structural,structural,not_disclosed,structural,structural,structural,structural,structural,not_disclosed,structural,structural,structural,quote_verified,quote_verified,quote_verified,missing,quote_verified,not_disclosed,not_disclosed,not_disclosed,quote_verified,quote_verified,quote_verified,not_disclosed,not_disclosed,structural,structural,not_disclosed,imputed,imputed
CSX,CSX Corporation,Industrials,Rail Transportation,structural,structural,structural,not_disclosed,structural,structural,structural,structural,structural,not_disclosed,not_disclosed,structural,not_disclosed,structural,structural,structural,structural,structural,structural,not_disclosed,structural,structural,structural,not_disclosed,not_disclosed,not_disclosed,missing,not_disclosed,not_disclosed,not_disclosed,not_disclosed,quote_verified,structural,quote_verified,not_disclosed,not_disclosed,quote_verified,structural,structural,imputed,imputed
CTAS,Cintas,Industrials,Diversified Support Services,structural,structural,not_disclosed,not_disclosed,structural,structural,structural,structural,structural,not_disclosed,not_disclosed,structural,structural,not_disclosed,structural,structural,structural,structural,structural,not_disclosed,structural,not_disclosed,not_disclosed,not_disclosed,not_disclosed,not_disclosed,missing,not_disclosed,not_disclosed,not_disclosed,not_disclosed,quote_verified,structural,not_disclosed,not_disclosed,not_disclosed,quote_verified,structural,structural,imputed,imputed
CTSH,Cognizant,Information Technology,IT Consulting & Other Services,structural,structural,structural,not_disclosed,structural,structural,structural,structural,structural,not_disclosed,not_disclosed,structural,not_disclosed,not_disclosed,structural,structural,structural,structural,structural,not_disclosed,structural,not_disclosed,not_disclosed,not_disclosed,not_disclosed,not_disclosed,missing,not_disclosed,not_disclosed,not_disclosed,not_disclosed,quote_verified,quote_verified,quote_verified,not_disclosed,not_disclosed,structural,structural,structural,imputed,imputed
CTVA,Corteva,Materials,Fertilizers & Agricultural Chemicals,structural,structural,structural,not_disclosed,structural,structural,structural,structural,structural,structural,structural,structural,structural,not_disclosed,structural,structural,structural,structural,structural,structural,structural,not_disclosed,not_disclosed,not_disclosed,not_disclosed,not_disclosed,missing,not_disclosed,not_disclosed,not_disclosed,not_disclosed,quote_verified,quote_verified,quote_verified,quote_verified,quote_verified,quote_verified,structural,structural,imputed,imputed
CVNA,Carvana,Consumer Discretionary,Automotive Retail,structural,structural,not_disclosed,not_disclosed,structural,structural,structural,structural,structural,not_disclosed,not_disclosed,structural,structural,not_disclosed,structural,structural,structural,structural,structural,not_disclosed,structural,not_disclosed,not_disclosed,not_disclosed,not_disclosed,not_disclosed,missing,not_disclosed,not_disclosed,not_disclosed,not_disclosed,quote_verified,quote_verified,not_disclosed,not_disclosed,not_disclosed,quote_verified,not_disclosed,not_disclosed,imputed,imputed
CVS,CVS Health,Health Care,Health Care Services,structural,structural,structural,not_disclosed,structural,structural,structural,structural,structural,not_disclosed,not_disclosed,structural,structural,not_disclosed,structural,structural,structural,structural,structural,not_disclosed,structural,structural,structural,quote_verified,quote_verified,quote_verified,missing,not_disclosed,not_disclosed,not_disclosed,not_disclosed,quote_verified,quote_verified,quote_verified,not_disclosed,not_disclosed,quote_verified,structural,structural,imputed,imputed
CVX,Chevron Corporation,Energy,Integrated Oil & Gas,structural,structural,not_disclosed,not_disclosed,structural,structural,structural,structural,structural,structural,structural,structural,structural,not_disclosed,structural,not_disclosed,not_disclosed,structural,structural,structural,structural,not_disclosed,not_disclosed,not_disclosed,not_disclosed,not_disclosed,missing,not_disclosed,not_disclosed,not_disclosed,not_disclosed,quote_verified,quote_verified,quote_verified,not_disclosed,not_disclosed,quote_verified,structural,structural,imputed,imputed
D,Dominion Energy,Utilities,Multi-Utilities,structural,structural,not_disclosed,not_disclosed,structural,structural,structural,structural,structural,structural,structural,structural,not_disclosed,not_disclosed,structural,structural,structural,not_disclosed,not_disclosed,not_disclosed,structural,not_disclosed,not_disclosed,not_disclosed,not_disclosed,not_disclosed,missing,not_disclosed,not_disclosed,not_disclosed,quote_verified,quote_verified,quote_verified,quote_verified,quote_verified,quote_verified,quote_verified,not_disclosed,structural,imputed,imputed
DAL,Delta Air Lines,Industrials,Passenger Airlines,structural,structural,structural,not_disclosed,structural,structural,structural,structural,structural,structural,structural,structural,not_disclosed,structural,structural,structural,structural,structural,structural,not_disclosed,structural,structural,structural,not_disclosed,not_disclosed,not_disclosed,missing,not_disclosed,not_disclosed,not_disclosed,not_disclosed,quote_verified,structural,quote_verified,quote_verified,quote_verified,quote_verified,structural,structural,imputed,imputed
DASH,DoorDash,Consumer Discretionary,Specialized Consumer Services,structural,structural,structural,not_disclosed,structural,structural,structural,structural,structural,not_disclosed,not_disclosed,structural,not_disclosed,not_disclosed,structural,structural,structural,structural,structural,structural,structural,not_disclosed,not_disclosed,not_disclosed,not_disclosed,not_disclosed,missing,not_disclosed,not_disclosed,not_disclosed,not_disclosed,quote_verified,structural,not_disclosed,not_disclosed,not_disclosed,quote_verified,structural,not_disclosed,imputed,imputed
DD,DuPont,Industrials,Industrial Conglomerates,structural,structural,not_disclosed,not_disclosed,structural,structural,structural,structural,structural,not_disclosed,not_disclosed,structural,structural,not_disclosed,structural,structural,structural,structural,structural,structural,structural,not_disclosed,not_disclosed,not_disclosed,not_disclosed,not_disclosed,missing,not_disclosed,not_disclosed,not_disclosed,not_disclosed,quote_verified,quote_verified,quote_verified,not_disclosed,not_disclosed,quote_verified,structural,structural,imputed,imputed
DDOG,Datadog,Information Technology,Application Software,structural,structural,structural,not_disclosed,structural,structural,structural,structural,structural,not_disclosed,not_disclosed,structural,structural,not_disclosed,structural,structural,structural,structural,structural,structural,structural,not_disclosed,not_disclosed,not_disclosed,not_disclosed,not_disclosed,missing,not_disclosed,not_disclosed,not_disclosed,not_disclosed,quote_verified,quote_verified,quote_verified,not_disclosed,not_disclosed,quote_verified,not_disclosed,not_disclosed,imputed,imputed
DE,Deere & Company,Industrials,Agricultural & Farm Machinery,structural,structural,structural,not_disclosed,structural,structural,structural,structural,structural,structural,structural,structural,not_disclosed,not_disclosed,structural,structural,structural,structural,structural,structural,structural,structural,quote_verified,quote_verified,quote_verified,quote_verified,missing,quote_verified,not_disclosed,not_disclosed,quote_verified,quote_verified,quote_verified,quote_verified,not_disclosed,not_disclosed,quote_verified,structural,structural,imputed,imputed
DECK,Deckers Brands,Consumer Discretionary,Footwear,structural,structural,not_disclosed,not_disclosed,structural,structural,structural,structural,structural,not_disclosed,not_disclosed,structural,structural,not_disclosed,structural,structural,structural,structural,structural,structural,structural,structural,quote_verified,quote_verified,quote_verified,quote_verified,missing,quote_verified,quote_verified,quote_verified,not_disclosed,quote_verified,quote_verified,quote_verified,not_disclosed,not_disclosed,structural,structural,not_disclosed,imputed,imputed
DELL,Dell Technologies,Information Technology,"Technology Hardware, Storage & Peripherals",structural,structural,structural,not_disclosed,structural,structural,structural,structural,structural,not_disclosed,not_disclosed,structural,structural,not_disclosed,structural,structural,structural,structural,structural,structural,structural,structural,quote_verified,quote_verified,quote_verified,quote_verified,missing,not_disclosed,not_disclosed,not_disclosed,not_disclosed,quote_verified,quote_verified,quote_verified,quote_verified,quote_verified,quote_verified,structural,structural,imputed,imputed
DG,Dollar General,Consumer Staples,Consumer Staples Merchandise Retail,structural,structural,structural,not_disclosed,structural,structural,structural,structural,structural,not_disclosed,not_disclosed,structural,structural,not_disclosed,structural,structural,structural,structural,structural,not_disclosed,structural,not_disclosed,not_disclosed,not_disclosed,not_disclosed,not_disclosed,missing,not_disclosed,not_disclosed,not_disclosed,not_disclosed,quote_verified,quote_verified,quote_verified,not_disclosed,not_disclosed,quote_verified,structural,structural,imputed,imputed
DGX,Quest Diagnostics,Health Care,Health Care Services,structural,structural,structural,not_disclosed,structural,structural,structural,structural,structural,not_disclosed,not_disclosed,structural,structural,not_disclosed,structural,structural,structural,structural,structural,not_disclosed,structural,not_disclosed,not_disclosed,not_disclosed,not_disclosed,not_disclosed,missing,not_disclosed,not_disclosed,not_disclosed,not_disclosed,quote_verified,structural,quote_verified,quote_verified,quote_verified,quote_verified,structural,structural,imputed,imputed
DHI,D. R. Horton,Consumer Discretionary,Homebuilding,structural,structural,not_disclosed,not_disclosed,structural,structural,structural,structural,structural,not_disclosed,not_disclosed,structural,structural,not_disclosed,structural,structural,structural,structural,structural,not_disclosed,structural,not_disclosed,not_disclosed,not_disclosed,not_disclosed,not_disclosed,missing,not_disclosed,quote_verified,quote_verified,not_disclosed,quote_verified,quote_verified,quote_verified,quote_verified,quote_verified,structural,structural,structural,imputed,imputed
DHR,Danaher Corporation,Health Care,Life Sciences Tools & Services,structural,structural,not_disclosed,not_disclosed,structural,structural,structural,structural,structural,not_disclosed,not_disclosed,structural,structural,not_disclosed,structural,structural,structural,structural,structural,structural,structural,structural,structural,quote_verified,quote_verified,quote_verified,missing,not_disclosed,not_disclosed,not_disclosed,not_disclosed,quote_verified,quote_verified,quote_verified,not_disclosed,not_disclosed,quote_verified,structural,structural,imputed,imputed
DIS,Walt Disney Company (The),Communication Services,Movies & Entertainment,structural,structural,structural,not_disclosed,structural,structural,structural,structural,structural,structural,structural,structural,not_disclosed,not_disclosed,structural,structural,structural,structural,structural,not_disclosed,structural,structural,quote_verified,quote_verified,quote_verified,quote_verified,missing,not_disclosed,not_disclosed,not_disclosed,not_disclosed,quote_verified,quote_verified,quote_verified,not_disclosed,not_disclosed,structural,structural,structural,imputed,imputed
DLR,Digital Realty,Real Estate,Data Center REITs,structural,structural,not_disclosed,not_disclosed,structural,structural,structural,structural,structural,not_disclosed,not_disclosed,structural,not_disclosed,not_disclosed,structural,structural,structural,not_disclosed,not_disclosed,not_disclosed,structural,structural,structural,quote_verified,quote_verified,quote_verified,missing,not_disclosed,not_disclosed,not_disclosed,not_disclosed,quote_verified,structural,quote_verified,quote_verified,quote_verified,quote_verified,not_disclosed,structural,imputed,imputed
DLTR,Dollar Tree,Consumer Staples,Consumer Staples Merchandise Retail,structural,structural,structural,not_disclosed,structural,structural,structural,structural,structural,not_disclosed,not_disclosed,structural,structural,not_disclosed,structural,structural,structural,structural,structural,not_disclosed,structural,not_disclosed,not_disclosed,not_disclosed,not_disclosed,not_disclosed,missing,not_disclosed,not_disclosed,not_disclosed,not_disclosed,quote_verified,quote_verified,quote_verified,not_disclosed,not_disclosed,quote_verified,structural,not_disclosed,imputed,imputed
DOC,Healthpeak Properties,Real Estate,Health Care REITs,structural,structural,structural,not_disclosed,structural,structural,structural,structural,structural,not_disclosed,not_disclosed,structural,structural,not_disclosed,structural,not_disclosed,not_disclosed,structural,structural,not_disclosed,structural,structural,structural,quote_verified,quote_verified,quote_verified,missing,not_disclosed,not_disclosed,not_disclosed,not_disclosed,quote_verified,quote_verified,quote_verified,not_disclosed,not_disclosed,structural,structural,structural,imputed,imputed
DOV,Dover Corporation,Industrials,Industrial Machinery & Supplies & Components,structural,structural,structural,not_disclosed,structural,structural,structural,structural,structural,not_disclosed,not_disclosed,structural,structural,not_disclosed,structural,structural,structural,structural,structural,structural,structural,structural,structural,not_disclosed,quote_verified,quote_verified,missing,not_disclosed,not_disclosed,not_disclosed,quote_verified,quote_verified,quote_verified,quote_verified,quote_verified,quote_verified,quote_verified,structural,structural,imputed,imputed
DOW,Dow Inc.,Materials,Commodity Chemicals,structural,structural,structural,not_disclosed,structural,structural,structural,structural,structural,structural,structural,structural,structural,not_disclosed,structural,structural,structural,structural,structural,not_disclosed,structural,not_disclosed,not_disclosed,not_disclosed,not_disclosed,not_disclosed,missing,not_disclosed,quote_verified,quote_verified,quote_verified,quote_verified,quote_verified,quote_verified,quote_verified,quote_verified,quote_verified,structural,structural,imputed,imputed
DPZ,Domino's,Consumer Discretionary,Restaurants,structural,structural,not_disclosed,not_disclosed,structural,structural,structural,structural,structural,not_disclosed,not_disclosed,structural,structural,not_disclosed,structural,structural,structural,structural,structural,not_disclosed,structural,not_disclosed,not_disclosed,not_disclosed,not_disclosed,not_disclosed,missing,not_disclosed,not_disclosed,not_disclosed,not_disclosed,quote_verified,quote_verified,quote_verified,not_disclosed,not_disclosed,quote_verified,structural,structural,imputed,imputed
DRI,Darden Restaurants,Consumer Discretionary,Restaurants,structural,structural,structural,not_disclosed,structural,structural,structural,structural,structural,not_disclosed,not_disclosed,structural,not_disclosed,not_disclosed,structural,structural,structural,structural,structural,not_disclosed,structural,not_disclosed,not_disclosed,not_disclosed,not_disclosed,not_disclosed,missing,not_disclosed,not_disclosed,not_disclosed,not_disclosed,quote_verified,quote_verified,quote_verified,quote_verified,quote_verified,quote_verified,structural,structural,imputed,imputed
DTE,DTE Energy,Utilities,Multi-Utilities,structural,structural,structural,not_disclosed,structural,structural,structural,structural,structural,structural,structural,structural,not_disclosed,not_disclosed,structural,structural,structural,not_disclosed,not_disclosed,not_disclosed,structural,not_disclosed,not_disclosed,not_disclosed,not_disclosed,not_disclosed,missing,not_disclosed,not_disclosed,not_disclosed,not_disclosed,quote_verified,structural,quote_verified,quote_verified,quote_verified,quote_verified,structural,structural,imputed,imputed
DUK,Duke Energy,Utilities,Electric Utilities,structural,structural,structural,not_disclosed,structural,structural,structural,structural,structural,structural,structural,structural,not_disclosed,not_disclosed,structural,structural,structural,structural,structural,not_disclosed,structural,not_disclosed,not_disclosed,not_disclosed,not_disclosed,not_disclosed,missing,not_disclosed,not_disclosed,not_disclosed,not_disclosed,quote_verified,structural,quote_verified,not_disclosed,not_disclosed,quote_verified,not_disclosed,structural,imputed,imputed
DVA,DaVita,Health Care,Health Care Services,structural,structural,structural,not_disclosed,structural,structural,structural,structural,structural,not_disclosed,not_disclosed,structural,not_disclosed,not_disclosed,structural,structural,structural,structural,structural,not_disclosed,structural,structural,structural,quote_verified,quote_verified,quote_verified,missing,not_disclosed,not_disclosed,not_disclosed,not_disclosed,quote_verified,quote_verified,quote_verified,not_disclosed,not_disclosed,structural,structural,structural,imputed,imputed
DVN,Devon Energy,Energy,Oil & Gas Exploration & Production,structural,structural,structural,not_disclosed,structural,structural,structural,structural,structural,structural,structural,structural,not_disclosed,not_disclosed,structural,structural,structural,structural,structural,not_disclosed,structural,not_disclosed,not_disclosed,not_disclosed,not_disclosed,not_disclosed,missing,not_disclosed,quote_verified,quote_verified,not_disclosed,quote_verified,quote_verified,quote_verified,not_disclosed,not_disclosed,quote_verified,structural,structural,imputed,imputed
DXCM,Dexcom,Health Care,Health Care Equipment,structural,structural,structural,not_disclosed,structural,structural,structural,structural,structural,not_disclosed,not_disclosed,structural,structural,not_disclosed,structural,structural,structural,structural,structural,structural,structural,structural,not_disclosed,not_disclosed,not_disclosed,not_disclosed,missing,not_disclosed,not_disclosed,not_disclosed,not_disclosed,quote_verified,quote_verified,quote_verified,not_disclosed,not_disclosed,quote_verified,structural,not_disclosed,imputed,imputed
EBAY,eBay Inc.,Consumer Discretionary,Broadline Retail,structural,structural,structural,not_disclosed,structural,structural,structural,structural,structural,not_disclosed,not_disclosed,structural,structural,not_disclosed,structural,structural,structural,structural,structural,structural,structural,structural,structural,quote_verified,quote_verified,quote_verified,missing,not_disclosed,not_disclosed,not_disclosed,not_disclosed,quote_verified,quote_verified,quote_verified,quote_verified,quote_verified,quote_verified,structural,structural,imputed,imputed
ECHO,EchoStar,Communication Services,Wireless Telecommunication Services,structural,structural,structural,not_disclosed,structural,structural,structural,structural,structural,not_disclosed,not_disclosed,structural,not_disclosed,not_disclosed,structural,structural,structural,structural,structural,structural,structural,not_disclosed,not_disclosed,not_disclosed,not_disclosed,not_disclosed,missing,not_disclosed,not_disclosed,not_disclosed,not_disclosed,structural,quote_verified,not_disclosed,not_disclosed,not_disclosed,structural,structural,not_disclosed,imputed,imputed
ECL,Ecolab,Materials,Specialty Chemicals,structural,structural,structural,not_disclosed,structural,structural,structural,structural,structural,not_disclosed,not_disclosed,structural,structural,not_disclosed,structural,structural,structural,structural,structural,structural,structural,structural,structural,quote_verified,quote_verified,quote_verified,missing,quote_verified,not_disclosed,not_disclosed,not_disclosed,quote_verified,quote_verified,quote_verified,quote_verified,quote_verified,quote_verified,structural,structural,imputed,imputed
ED,Consolidated Edison,Utilities,Multi-Utilities,structural,structural,structural,not_disclosed,structural,structural,structural,structural,structural,structural,structural,structural,not_disclosed,not_disclosed,structural,structural,structural,structural,structural,structural,structural,not_disclosed,not_disclosed,not_disclosed,not_disclosed,not_disclosed,missing,not_disclosed,not_disclosed,not_disclosed,not_disclosed,quote_verified,quote_verified,quote_verified,not_disclosed,not_disclosed,quote_verified,structural,structural,imputed,imputed
EFX,Equifax,Industrials,Research & Consulting Services,structural,structural,structural,not_disclosed,structural,structural,structural,structural,structural,not_disclosed,not_disclosed,structural,not_disclosed,not_disclosed,structural,structural,structural,structural,structural,not_disclosed,structural,structural,structural,quote_verified,quote_verified,quote_verified,missing,not_disclosed,not_disclosed,not_disclosed,not_disclosed,quote_verified,quote_verified,quote_verified,quote_verified,quote_verified,structural,structural,structural,imputed,imputed
EG,Everest Group,Financials,Reinsurance,structural,structural,structural,not_disclosed,structural,structural,structural,structural,structural,not_disclosed,not_disclosed,not_disclosed,not_disclosed,not_disclosed,structural,structural,not_disclosed,not_disclosed,not_disclosed,not_disclosed,structural,not_disclosed,not_disclosed,not_disclosed,not_disclosed,not_disclosed,missing,not_disclosed,not_disclosed,not_disclosed,not_disclosed,quote_verified,quote_verified,quote_verified,not_disclosed,not_disclosed,structural,structural,structural,imputed,imputed
EIX,Edison International,Utilities,Electric Utilities,structural,structural,structural,not_disclosed,structural,structural,structural,structural,structural,structural,structural,structural,not_disclosed,not_disclosed,structural,structural,structural,structural,structural,not_disclosed,structural,not_disclosed,not_disclosed,not_disclosed,not_disclosed,not_disclosed,missing,not_disclosed,not_disclosed,not_disclosed,not_disclosed,quote_verified,structural,quote_verified,not_disclosed,not_disclosed,structural,structural,structural,imputed,imputed
EL,Estée Lauder Companies (The),Consumer Staples,Personal Care Products,structural,structural,not_disclosed,not_disclosed,structural,structural,structural,structural,structural,not_disclosed,not_disclosed,structural,structural,not_disclosed,structural,structural,structural,structural,structural,not_disclosed,structural,structural,quote_verified,quote_verified,quote_verified,quote_verified,missing,not_disclosed,not_disclosed,not_disclosed,not_disclosed,quote_verified,quote_verified,quote_verified,not_disclosed,not_disclosed,quote_verified,structural,structural,imputed,imputed
ELV,Elevance Health,Health Care,Managed Health Care,structural,structural,structural,not_disclosed,structural,structural,structural,structural,structural,not_disclosed,not_disclosed,structural,structural,not_disclosed,structural,structural,structural,structural,structural,not_disclosed,structural,structural,structural,quote_verified,quote_verified,quote_verified,missing,not_disclosed,not_disclosed,not_disclosed,not_disclosed,quote_verified,quote_verified,quote_verified,quote_verified,quote_verified,structural,structural,structural,imputed,imputed
EME,Emcor,Industrials,Construction & Engineering,structural,structural,structural,not_disclosed,structural,structural,structural,structural,structural,not_disclosed,not_disclosed,structural,structural,not_disclosed,structural,structural,structural,structural,structural,not_disclosed,structural,structural,not_disclosed,not_disclosed,not_disclosed,not_disclosed,missing,quote_verified,not_disclosed,not_disclosed,not_disclosed,quote_verified,structural,not_disclosed,quote_verified,quote_verified,quote_verified,structural,structural,imputed,imputed
EMR,Emerson Electric,Industrials,Electrical Components & Equipment,structural,structural,structural,not_disclosed,structural,structural,structural,structural,structural,not_disclosed,not_disclosed,structural,structural,not_disclosed,structural,structural,structural,structural,structural,structural,structural,structural,quote_verified,quote_verified,quote_verified,quote_verified,missing,not_disclosed,not_disclosed,not_disclosed,not_disclosed,quote_verified,structural,quote_verified,not_disclosed,not_disclosed,quote_verified,structural,structural,imputed,imputed
EOG,EOG Resources,Energy,Oil & Gas Exploration & Production,structural,structural,structural,not_disclosed,structural,structural,structural,structural,structural,structural,structural,structural,not_disclosed,not_disclosed,structural,structural,structural,not_disclosed,not_disclosed,not_disclosed,structural,not_disclosed,not_disclosed,not_disclosed,not_disclosed,not_disclosed,missing,not_disclosed,not_disclosed,not_disclosed,not_disclosed,quote_verified,structural,quote_verified,not_disclosed,not_disclosed,quote_verified,structural,not_disclosed,imputed,imputed
EQIX,Equinix,Real Estate,Data Center REITs,structural,structural,not_disclosed,not_disclosed,structural,structural,structural,structural,structural,not_disclosed,not_disclosed,structural,structural,not_disclosed,structural,structural,structural,structural,structural,not_disclosed,structural,structural,structural,quote_verified,quote_verified,quote_verified,missing,not_disclosed,not_disclosed,not_disclosed,not_disclosed,quote_verified,quote_verified,quote_verified,not_disclosed,not_disclosed,quote_verified,not_disclosed,structural,imputed,imputed
EQT,EQT Corporation,Energy,Oil & Gas Exploration & Production,structural,structural,structural,not_disclosed,structural,structural,structural,structural,structural,structural,structural,structural,structural,not_disclosed,structural,structural,structural,structural,structural,not_disclosed,structural,not_disclosed,not_disclosed,not_disclosed,not_disclosed,not_disclosed,missing,not_disclosed,not_disclosed,not_disclosed,quote_verified,quote_verified,quote_verified,quote_verified,not_disclosed,not_disclosed,structural,structural,structural,imputed,imputed
ERIE,Erie Indemnity,Financials,Insurance Brokers,structural,structural,structural,not_disclosed,structural,structural,structural,structural,structural,not_disclosed,not_disclosed,structural,not_disclosed,not_disclosed,structural,structural,structural,structural,structural,not_disclosed,structural,not_disclosed,not_disclosed,not_disclosed,not_disclosed,not_disclosed,missing,not_disclosed,not_disclosed,not_disclosed,not_disclosed,not_disclosed,not_disclosed,not_disclosed,not_disclosed,not_disclosed,not_disclosed,not_disclosed,structural,imputed,imputed
ES,Eversource Energy,Utilities,Electric Utilities,structural,structural,structural,not_disclosed,structural,structural,structural,structural,structural,structural,structural,structural,not_disclosed,not_disclosed,structural,structural,structural,structural,structural,not_disclosed,structural,structural,not_disclosed,not_disclosed,not_disclosed,not_disclosed,missing,quote_verified,not_disclosed,not_disclosed,quote_verified,quote_verified,structural,quote_verified,not_disclosed,not_disclosed,structural,not_disclosed,structural,imputed,imputed
ESS,Essex Property Trust,Real Estate,Multi-Family Residential REITs,structural,structural,structural,not_disclosed,structural,structural,structural,structural,structural,not_disclosed,not_disclosed,structural,not_disclosed,not_disclosed,structural,structural,structural,not_disclosed,not_disclosed,not_disclosed,structural,structural,structural,not_disclosed,not_disclosed,not_disclosed,missing,not_disclosed,quote_verified,quote_verified,not_disclosed,quote_verified,quote_verified,quote_verified,quote_verified,quote_verified,quote_verified,structural,not_disclosed,imputed,imputed
ETN,Eaton Corporation,Industrials,Electrical Components & Equipment,structural,structural,not_disclosed,not_disclosed,structural,structural,structural,structural,structural,not_disclosed,not_disclosed,not_disclosed,structural,not_disclosed,structural,structural,structural,structural,structural,structural,structural,structural,structural,not_disclosed,not_disclosed,not_disclosed,missing,not_disclosed,not_disclosed,not_disclosed,not_disclosed,quote_verified,quote_verified,quote_verified,not_disclosed,not_disclosed,quote_verified,structural,structural,imputed,imputed
ETR,Entergy,Utilities,Electric Utilities,structural,structural,structural,not_disclosed,structural,structural,structural,structural,structural,structural,structural,structural,not_disclosed,not_disclosed,structural,structural,structural,structural,structural,not_disclosed,structural,not_disclosed,not_disclosed,not_disclosed,not_disclosed,not_disclosed,missing,not_disclosed,not_disclosed,not_disclosed,not_disclosed,quote_verified,structural,quote_verified,not_disclosed,not_disclosed,quote_verified,not_disclosed,structural,imputed,imputed
EVRG,Evergy,Utilities,Electric Utilities,structural,structural,structural,not_disclosed,structural,structural,structural,structural,structural,structural,structural,structural,not_disclosed,not_disclosed,structural,structural,structural,structural,structural,not_disclosed,structural,not_disclosed,not_disclosed,not_disclosed,not_disclosed,not_disclosed,missing,not_disclosed,not_disclosed,not_disclosed,not_disclosed,quote_verified,quote_verified,quote_verified,not_disclosed,not_disclosed,quote_verified,structural,structural,imputed,imputed
EW,Edwards Lifesciences,Health Care,Health Care Equipment,structural,structural,not_disclosed,not_disclosed,structural,structural,structural,structural,structural,not_disclosed,not_disclosed,structural,structural,not_disclosed,structural,structural,structural,structural,structural,structural,structural,structural,structural,quote_verified,quote_verified,quote_verified,missing,not_disclosed,not_disclosed,not_disclosed,not_disclosed,quote_verified,quote_verified,quote_verified,not_disclosed,not_disclosed,quote_verified,structural,not_disclosed,imputed,imputed
EXC,Exelon,Utilities,Electric Utilities,structural,structural,structural,not_disclosed,structural,structural,structural,structural,structural,structural,structural,structural,not_disclosed,not_disclosed,structural,structural,structural,structural,structural,not_disclosed,structural,not_disclosed,not_disclosed,not_disclosed,not_disclosed,not_disclosed,missing,not_disclosed,not_disclosed,not_disclosed,not_disclosed,quote_verified,quote_verified,quote_verified,not_disclosed,not_disclosed,quote_verified,not_disclosed,structural,imputed,imputed
EXE,Expand Energy,Energy,Oil & Gas Exploration & Production,structural,structural,structural,not_disclosed,structural,structural,structural,structural,structural,not_disclosed,not_disclosed,structural,not_disclosed,not_disclosed,structural,structural,structural,structural,structural,not_disclosed,structural,not_disclosed,not_disclosed,not_disclosed,not_disclosed,not_disclosed,missing,not_disclosed,quote_verified,quote_verified,not_disclosed,quote_verified,quote_verified,not_disclosed,not_disclosed,not_disclosed,quote_verified,structural,structural,imputed,imputed
EXPD,Expeditors International,Industrials,Air Freight & Logistics,structural,structural,not_disclosed,not_disclosed,structural,structural,structural,structural,structural,not_disclosed,not_disclosed,structural,not_disclosed,not_disclosed,structural,structural,structural,structural,structural,not_disclosed,structural,not_disclosed,not_disclosed,not_disclosed,not_disclosed,not_disclosed,missing,not_disclosed,not_disclosed,not_disclosed,quote_verified,quote_verified,quote_verified,quote_verified,not_disclosed,not_disclosed,structural,structural,structural,imputed,imputed
EXPE,Expedia Group,Consumer Discretionary,"Hotels, Resorts & Cruise Lines",structural,structural,structural,not_disclosed,structural,structural,structural,structural,structural,not_disclosed,not_disclosed,structural,not_disclosed,not_disclosed,structural,structural,structural,structural,structural,not_disclosed,structural,structural,structural,quote_verified,quote_verified,quote_verified,missing,not_disclosed,not_disclosed,not_disclosed,not_disclosed,quote_verified,quote_verified,quote_verified,not_disclosed,not_disclosed,quote_verified,structural,structural,imputed,imputed
EXR,Extra Space Storage,Real Estate,Self-Storage REITs,structural,structural,not_disclosed,not_disclosed,structural,structural,structural,structural,structural,not_disclosed,not_disclosed,structural,structural,not_disclosed,structural,structural,structural,structural,structural,not_disclosed,structural,not_disclosed,not_disclosed,not_disclosed,not_disclosed,not_disclosed,missing,not_disclosed,not_disclosed,not_disclosed,not_disclosed,structural,quote_verified,quote_verified,quote_verified,quote_verified,quote_verified,structural,structural,imputed,imputed
F,Ford Motor Company,Consumer Discretionary,Automobile Manufacturers,structural,structural,structural,not_disclosed,structural,structural,structural,structural,structural,structural,structural,structural,structural,not_disclosed,structural,structural,structural,structural,structural,structural,structural,structural,structural,not_disclosed,not_disclosed,not_disclosed,missing,not_disclosed,not_disclosed,not_disclosed,not_disclosed,quote_verified,quote_verified,quote_verified,not_disclosed,not_disclosed,quote_verified,structural,structural,imputed,imputed
FANG,Diamondback Energy,Energy,Oil & Gas Exploration & Production,structural,structural,structural,not_disclosed,structural,structural,structural,structural,structural,not_disclosed,not_disclosed,structural,not_disclosed,not_disclosed,structural,structural,structural,not_disclosed,not_disclosed,not_disclosed,structural,not_disclosed,not_disclosed,not_disclosed,not_disclosed,not_disclosed,missing,not_disclosed,quote_verified,quote_verified,quote_verified,quote_verified,quote_verified,quote_verified,not_disclosed,not_disclosed,quote_verified,structural,structural,imputed,imputed
FAST,Fastenal,Industrials,Trading Companies & Distributors,structural,structural,structural,not_disclosed,structural,structural,structural,structural,structural,not_disclosed,not_disclosed,structural,structural,not_disclosed,structural,structural,structural,structural,structural,not_disclosed,structural,not_disclosed,not_disclosed,not_disclosed,not_disclosed,not_disclosed,missing,not_disclosed,not_disclosed,not_disclosed,not_disclosed,quote_verified,structural,not_disclosed,quote_verified,quote_verified,quote_verified,structural,structural,imputed,imputed
FCX,Freeport-McMoRan,Materials,Copper,structural,structural,structural,not_disclosed,structural,structural,structural,structural,structural,structural,structural,structural,structural,not_disclosed,structural,structural,structural,structural,structural,not_disclosed,structural,structural,not_disclosed,not_disclosed,not_disclosed,not_disclosed,missing,not_disclosed,not_disclosed,not_disclosed,not_disclosed,quote_verified,quote_verified,quote_verified,quote_verified,quote_verified,quote_verified,structural,structural,imputed,imputed
FDS,FactSet,Financials,Financial Exchanges & Data,structural,structural,not_disclosed,not_disclosed,structural,structural,structural,structural,structural,not_disclosed,not_disclosed,structural,structural,not_disclosed,structural,structural,structural,structural,structural,structural,structural,not_disclosed,not_disclosed,not_disclosed,not_disclosed,not_disclosed,missing,not_disclosed,not_disclosed,not_disclosed,not_disclosed,quote_verified,quote_verified,quote_verified,not_disclosed,not_disclosed,quote_verified,structural,structural,imputed,imputed
FDX,FedEx,Industrials,Air Freight & Logistics,structural,structural,structural,not_disclosed,structural,structural,structural,structural,structural,not_disclosed,not_disclosed,structural,not_disclosed,structural,structural,structural,structural,structural,structural,not_disclosed,structural,structural,quote_verified,quote_verified,quote_verified,quote_verified,missing,not_disclosed,quote_verified,quote_verified,quote_verified,quote_verified,quote_verified,not_disclosed,not_disclosed,not_disclosed,quote_verified,structural,structural,imputed,imputed
FDXF,FedEx Freight,Industrials,Cargo Ground Transportation,structural,structural,structural,not_disclosed,structural,structural,structural,structural,structural,not_disclosed,not_disclosed,structural,not_disclosed,structural,structural,structural,structural,structural,structural,not_disclosed,structural,not_disclosed,not_disclosed,not_disclosed,not_disclosed,not_disclosed,missing,not_disclosed,not_disclosed,not_disclosed,not_disclosed,not_disclosed,not_disclosed,not_disclosed,not_disclosed,not_disclosed,not_disclosed,not_disclosed,structural,imputed,imputed
FE,FirstEnergy,Utilities,Electric Utilities,structural,structural,structural,not_disclosed,structural,structural,structural,structural,structural,structural,structural,structural,not_disclosed,structural,structural,structural,structural,structural,structural,not_disclosed,structural,not_disclosed,not_disclosed,not_disclosed,not_disclosed,not_disclosed,missing,not_disclosed,not_disclosed,not_disclosed,not_disclosed,quote_verified,structural,quote_verified,not_disclosed,not_disclosed,quote_verified,not_disclosed,structural,imputed,imputed
FERG,Ferguson Enterprises,Industrials,Trading Companies & Distributors,structural,structural,not_disclosed,not_disclosed,structural,structural,structural,structural,structural,not_disclosed,not_disclosed,structural,structural,not_disclosed,structural,structural,structural,structural,structural,not_disclosed,structural,not_disclosed,not_disclosed,not_disclosed,not_disclosed,not_disclosed,missing,not_disclosed,not_disclosed,not_disclosed,not_disclosed,quote_verified,quote_verified,quote_verified,not_disclosed,not_disclosed,quote_verified,structural,structural,imputed,imputed
FFIV,"F5, Inc.",Information Technology,Communications Equipment,structural,structural,not_disclosed,not_disclosed,structural,structural,structural,structural,structural,not_disclosed,not_disclosed,structural,structural,not_disclosed,structural,structural,structural,structural,structural,structural,structural,structural,quote_verified,quote_verified,quote_verified,quote_verified,missing,not_disclosed,quote_verified,not_disclosed,not_disclosed,quote_verified,quote_verified,quote_verified,not_disclosed,not_disclosed,quote_verified,structural,not_disclosed,imputed,imputed
FICO,Fair Isaac,Information Technology,Application Software,structural,structural,structural,not_disclosed,structural,structural,structural,structural,structural,not_disclosed,not_disclosed,structural,structural,not_disclosed,structural,structural,structural,structural,structural,structural,structural,not_disclosed,not_disclosed,not_disclosed,not_disclosed,not_disclosed,missing,not_disclosed,not_disclosed,not_disclosed,not_disclosed,quote_verified,quote_verified,quote_verified,not_disclosed,not_disclosed,structural,structural,not_disclosed,imputed,imputed
FIS,Fidelity National Information Services,Financials,Transaction & Payment Processing Services,structural,structural,structural,not_disclosed,structural,structural,structural,structural,structural,not_disclosed,not_disclosed,structural,structural,not_disclosed,structural,structural,structural,structural,structural,not_disclosed,structural,not_disclosed,not_disclosed,not_disclosed,not_disclosed,not_disclosed,missing,not_disclosed,quote_verified,quote_verified,not_disclosed,quote_verified,quote_verified,quote_verified,not_disclosed,not_disclosed,structural,structural,structural,imputed,imputed
FISV,Fiserv,Financials,Transaction & Payment Processing Services,structural,structural,structural,not_disclosed,structural,structural,structural,structural,structural,not_disclosed,not_disclosed,structural,not_disclosed,not_disclosed,structural,structural,structural,structural,structural,not_disclosed,structural,not_disclosed,not_disclosed,not_disclosed,not_disclosed,not_disclosed,missing,not_disclosed,not_disclosed,not_disclosed,not_disclosed,quote_verified,quote_verified,quote_verified,not_disclosed,not_disclosed,quote_verified,not_disclosed,not_disclosed,imputed,imputed
FITB,Fifth Third Bancorp,Financials,Regional Banks,structural,structural,structural,not_disclosed,structural,structural,structural,structural,structural,not_disclosed,not_disclosed,structural,not_disclosed,not_disclosed,structural,structural,structural,structural,structural,not_disclosed,structural,not_disclosed,not_disclosed,not_disclosed,not_disclosed,not_disclosed,missing,not_disclosed,not_disclosed,not_disclosed,not_disclosed,quote_verified,structural,quote_verified,not_disclosed,not_disclosed,quote_verified,structural,structural,imputed,imputed
FIX,Comfort Systems USA,Industrials,Construction & Engineering,structural,structural,structural,not_disclosed,structural,structural,structural,structural,structural,not_disclosed,not_disclosed,structural,structural,not_disclosed,structural,structural,structural,structural,structural,not_disclosed,structural,not_disclosed,not_disclosed,not_disclosed,not_disclosed,not_disclosed,missing,not_disclosed,not_disclosed,not_disclosed,not_disclosed,quote_verified,quote_verified,quote_verified,not_disclosed,not_disclosed,structural,structural,structural,imputed,imputed
FLEX,Flex Ltd.,Information Technology,Electronic Manufacturing Services,structural,structural,structural,not_disclosed,structural,structural,structural,structural,structural,not_disclosed,not_disclosed,structural,structural,not_disclosed,structural,structural,structural,structural,structural,not_disclosed,structural,structural,structural,not_disclosed,not_disclosed,not_disclosed,missing,quote_verified,not_disclosed,not_disclosed,not_disclosed,quote_verified,quote_verified,quote_verified,quote_verified,quote_verified,quote_verified,structural,not_disclosed,imputed,imputed
FOX,Fox Corporation (Class B),Communication Services,Broadcasting,structural,structural,not_disclosed,not_disclosed,structural,structural,structural,structural,structural,not_disclosed,not_disclosed,structural,not_disclosed,not_disclosed,structural,structural,structural,structural,structural,not_disclosed,structural,not_disclosed,not_disclosed,not_disclosed,not_disclosed,not_disclosed,missing,not_disclosed,not_disclosed,not_disclosed,not_disclosed,quote_verified,quote_verified,quote_verified,not_disclosed,not_disclosed,quote_verified,structural,structural,imputed,imputed
FRT,Federal Realty Investment Trust,Real Estate,Retail REITs,structural,structural,structural,not_disclosed,structural,structural,structural,structural,structural,not_disclosed,not_disclosed,structural,not_disclosed,structural,structural,structural,structural,not_disclosed,not_disclosed,not_disclosed,structural,structural,structural,not_disclosed,not_disclosed,not_disclosed,missing,not_disclosed,not_disclosed,not_disclosed,not_disclosed,quote_verified,structural,quote_verified,not_disclosed,not_disclosed,quote_verified,not_disclosed,not_disclosed,imputed,imputed
FSLR,First Solar,Information Technology,Semiconductors,structural,structural,structural,not_disclosed,structural,structural,structural,structural,structural,not_disclosed,not_disclosed,structural,structural,not_disclosed,structural,structural,structural,structural,structural,structural,structural,structural,structural,quote_verified,quote_verified,quote_verified,missing,not_disclosed,not_disclosed,not_disclosed,not_disclosed,quote_verified,structural,quote_verified,not_disclosed,not_disclosed,quote_verified,not_disclosed,not_disclosed,imputed,imputed
FTNT,Fortinet,Information Technology,Systems Software,structural,structural,structural,not_disclosed,structural,structural,structural,structural,structural,not_disclosed,not_disclosed,structural,structural,not_disclosed,structural,structural,structural,structural,structural,structural,structural,structural,structural,quote_verified,quote_verified,quote_verified,missing,not_disclosed,not_disclosed,not_disclosed,not_disclosed,quote_verified,quote_verified,quote_verified,not_disclosed,not_disclosed,quote_verified,structural,not_disclosed,imputed,imputed
FTV,Fortive,Industrials,Industrial Machinery & Supplies & Components,structural,structural,structural,not_disclosed,structural,structural,structural,structural,structural,not_disclosed,not_disclosed,structural,structural,not_disclosed,structural,structural,structural,structural,structural,structural,structural,not_disclosed,not_disclosed,not_disclosed,not_disclosed,not_disclosed,missing,not_disclosed,not_disclosed,not_disclosed,not_disclosed,quote_verified,quote_verified,quote_verified,not_disclosed,not_disclosed,quote_verified,structural,structural,imputed,imputed
GD,General Dynamics,Industrials,Aerospace & Defense,structural,structural,structural,not_disclosed,structural,structural,structural,structural,structural,not_disclosed,not_disclosed,structural,not_disclosed,not_disclosed,structural,structural,structural,structural,structural,not_disclosed,structural,not_disclosed,not_disclosed,not_disclosed,not_disclosed,not_disclosed,missing,not_disclosed,not_disclosed,not_disclosed,not_disclosed,quote_verified,quote_verified,quote_verified,quote_verified,quote_verified,quote_verified,structural,structural,imputed,imputed
GDDY,GoDaddy,Information Technology,Internet Services & Infrastructure,structural,structural,structural,not_disclosed,structural,structural,structural,structural,structural,not_disclosed,not_disclosed,structural,not_disclosed,not_disclosed,structural,structural,structural,structural,structural,not_disclosed,structural,not_disclosed,not_disclosed,not_disclosed,not_disclosed,not_disclosed,missing,not_disclosed,not_disclosed,not_disclosed,not_disclosed,quote_verified,quote_verified,quote_verified,not_disclosed,not_disclosed,structural,structural,not_disclosed,imputed,imputed
GE,GE Aerospace,Industrials,Aerospace & Defense,structural,structural,structural,not_disclosed,structural,structural,structural,structural,structural,not_disclosed,not_disclosed,structural,not_disclosed,not_disclosed,structural,structural,structural,structural,structural,structural,structural,not_disclosed,not_disclosed,not_disclosed,not_disclosed,not_disclosed,missing,not_disclosed,quote_verified,quote_verified,not_disclosed,quote_verified,quote_verified,quote_verified,not_disclosed,not_disclosed,structural,structural,not_disclosed,imputed,imputed
GEHC,GE HealthCare,Health Care,Health Care Equipment,structural,structural,not_disclosed,not_disclosed,structural,structural,structural,structural,structural,not_disclosed,not_disclosed,structural,not_disclosed,not_disclosed,structural,structural,not_disclosed,structural,structural,structural,structural,structural,structural,quote_verified,quote_verified,quote_verified,missing,quote_verified,not_disclosed,not_disclosed,not_disclosed,quote_verified,quote_verified,quote_verified,not_disclosed,not_disclosed,quote_verified,structural,structural,imputed,imputed
GEN,Gen Digital,Information Technology,Systems Software,structural,structural,structural,not_disclosed,structural,structural,structural,structural,structural,not_disclosed,not_disclosed,structural,structural,not_disclosed,structural,structural,structural,structural,structural,structural,structural,not_disclosed,not_disclosed,not_disclosed,not_disclosed,not_disclosed,missing,not_disclosed,not_disclosed,not_disclosed,not_disclosed,quote_verified,quote_verified,quote_verified,not_disclosed,not_disclosed,quote_verified,structural,structural,imputed,imputed
GEV,GE Vernova,Industrials,Heavy Electrical Equipment,structural,structural,not_disclosed,not_disclosed,structural,structural,structural,structural,structural,not_disclosed,not_disclosed,structural,structural,not_disclosed,structural,structural,structural,structural,structural,structural,structural,not_disclosed,not_disclosed,not_disclosed,not_disclosed,not_disclosed,missing,not_disclosed,not_disclosed,not_disclosed,quote_verified,quote_verified,quote_verified,quote_verified,not_disclosed,not_disclosed,quote_verified,structural,structural,imputed,imputed
GILD,Gilead Sciences,Health Care,Biotechnology,structural,structural,structural,not_disclosed,structural,structural,structural,structural,structural,not_disclosed,not_disclosed,structural,structural,not_disclosed,structural,structural,structural,structural,structural,not_disclosed,structural,structural,structural,quote_verified,quote_verified,quote_verified,missing,not_disclosed,not_disclosed,not_disclosed,not_disclosed,quote_verified,quote_verified,quote_verified,quote_verified,quote_verified,quote_verified,structural,structural,imputed,imputed
GIS,General Mills,Consumer Staples,Packaged Foods & Meats,structural,structural,structural,not_disclosed,structural,structural,structural,structural,structural,structural,structural,structural,structural,not_disclosed,structural,structural,structural,structural,structural,structural,structural,structural,quote_verified,quote_verified,quote_verified,quote_verified,missing,not_disclosed,not_disclosed,not_disclosed,not_disclosed,quote_verified,quote_verified,quote_verified,not_disclosed,not_disclosed,quote_verified,structural,structural,imputed,imputed
GL,Globe Life,Financials,Life & Health Insurance,structural,structural,structural,not_disclosed,structural,structural,structural,structural,structural,not_disclosed,not_disclosed,structural,not_disclosed,not_disclosed,structural,structural,structural,structural,structural,not_disclosed,structural,not_disclosed,not_disclosed,not_disclosed,not_disclosed,not_disclosed,missing,not_disclosed,not_disclosed,not_disclosed,not_disclosed,quote_verified,quote_verified,quote_verified,not_disclosed,not_disclosed,quote_verified,structural,structural,imputed,imputed
GLW,Corning Inc.,Information Technology,Electronic Components,structural,structural,not_disclosed,not_disclosed,structural,structural,structural,structural,structural,structural,structural,structural,structural,not_disclosed,structural,structural,structural,not_disclosed,not_disclosed,structural,structural,structural,structural,quote_verified,quote_verified,quote_verified,missing,quote_verified,not_disclosed,not_disclosed,not_disclosed,quote_verified,quote_verified,quote_verified,not_disclosed,not_disclosed,quote_verified,structural,not_disclosed,imputed,imputed
GM,General Motors,Consumer Discretionary,Automobile Manufacturers,structural,structural,not_disclosed,not_disclosed,structural,structural,structural,structural,structural,structural,structural,structural,structural,not_disclosed,structural,structural,structural,structural,structural,not_disclosed,structural,structural,structural,quote_verified,quote_verified,quote_verified,missing,not_disclosed,not_disclosed,not_disclosed,not_disclosed,quote_verified,quote_verified,quote_verified,not_disclosed,not_disclosed,quote_verified,structural,structural,imputed,imputed
GNRC,Generac,Industrials,Heavy Electrical Equipment,structural,structural,structural,not_disclosed,structural,structural,structural,structural,structural,not_disclosed,not_disclosed,structural,structural,not_disclosed,structural,structural,structural,structural,structural,structural,structural,not_disclosed,not_disclosed,not_disclosed,not_disclosed,not_disclosed,missing,not_disclosed,not_disclosed,not_disclosed,not_disclosed,quote_verified,quote_verified,quote_verified,not_disclosed,not_disclosed,quote_verified,structural,structural,imputed,imputed
GOOGL,Alphabet Inc. (Class A),Communication Services,Interactive Media & Services,structural,structural,not_disclosed,not_disclosed,structural,structural,structural,structural,structural,structural,structural,structural,structural,not_disclosed,structural,structural,structural,structural,structural,structural,structural,structural,structural,not_disclosed,not_disclosed,not_disclosed,missing,not_disclosed,not_disclosed,not_disclosed,not_disclosed,quote_verified,quote_verified,quote_verified,not_disclosed,not_disclosed,quote_verified,structural,structural,imputed,imputed
GPC,Genuine Parts Company,Consumer Discretionary,Distributors,structural,structural,structural,not_disclosed,structural,structural,structural,structural,structural,not_disclosed,not_disclosed,structural,structural,not_disclosed,structural,structural,structural,structural,structural,not_disclosed,structural,not_disclosed,not_disclosed,not_disclosed,not_disclosed,not_disclosed,missing,not_disclosed,not_disclosed,not_disclosed,not_disclosed,quote_verified,quote_verified,quote_verified,quote_verified,quote_verified,quote_verified,structural,structural,imputed,imputed
GPN,Global Payments,Financials,Transaction & Payment Processing Services,structural,structural,structural,not_disclosed,structural,structural,structural,structural,structural,not_disclosed,not_disclosed,structural,structural,not_disclosed,structural,structural,structural,structural,structural,not_disclosed,structural,not_disclosed,not_disclosed,not_disclosed,not_disclosed,not_disclosed,missing,not_disclosed,not_disclosed,not_disclosed,not_disclosed,quote_verified,quote_verified,quote_verified,not_disclosed,not_disclosed,quote_verified,structural,structural,imputed,imputed
GRMN,Garmin,Consumer Discretionary,Consumer Electronics,structural,structural,structural,not_disclosed,structural,structural,structural,structural,structural,not_disclosed,not_disclosed,not_disclosed,structural,not_disclosed,structural,structural,not_disclosed,structural,structural,structural,structural,not_disclosed,not_disclosed,not_disclosed,not_disclosed,not_disclosed,missing,not_disclosed,not_disclosed,not_disclosed,quote_verified,quote_verified,structural,not_disclosed,not_disclosed,not_disclosed,quote_verified,not_disclosed,structural,imputed,imputed
GS,Goldman Sachs,Financials,Investment Banking & Brokerage,structural,structural,structural,not_disclosed,structural,structural,structural,structural,structural,structural,structural,structural,not_disclosed,not_disclosed,structural,structural,structural,structural,structural,not_disclosed,structural,not_disclosed,not_disclosed,not_disclosed,not_disclosed,not_disclosed,missing,not_disclosed,not_disclosed,not_disclosed,not_disclosed,quote_verified,quote_verified,quote_verified,quote_verified,quote_verified,quote_verified,structural,structural,imputed,imputed
GWW,W. W. Grainger,Industrials,Industrial Machinery & Supplies & Components,structural,structural,not_disclosed,not_disclosed,structural,structural,structural,structural,structural,not_disclosed,not_disclosed,structural,structural,not_disclosed,structural,structural,structural,structural,structural,not_disclosed,structural,not_disclosed,not_disclosed,not_disclosed,not_disclosed,not_disclosed,missing,not_disclosed,not_disclosed,not_disclosed,not_disclosed,quote_verified,quote_verified,quote_verified,quote_verified,quote_verified,quote_verified,structural,structural,imputed,imputed
HAL,Halliburton,Energy,Oil & Gas Equipment & Services,structural,structural,structural,not_disclosed,structural,structural,structural,structural,structural,structural,structural,structural,not_disclosed,not_disclosed,structural,structural,structural,structural,structural,structural,structural,not_disclosed,not_disclosed,not_disclosed,not_disclosed,not_disclosed,missing,quote_verified,not_disclosed,not_disclosed,not_disclosed,quote_verified,structural,quote_verified,not_disclosed,not_disclosed,quote_verified,structural,structural,imputed,imputed
HAS,Hasbro,Consumer Discretionary,Leisure Products,structural,structural,structural,not_disclosed,structural,structural,structural,structural,structural,not_disclosed,not_disclosed,structural,structural,not_disclosed,structural,structural,structural,structural,structural,structural,structural,structural,structural,quote_verified,quote_verified,quote_verified,missing,not_disclosed,not_disclosed,not_disclosed,not_disclosed,quote_verified,quote_verified,quote_verified,not_disclosed,not_disclosed,quote_verified,structural,structural,imputed,imputed
HBAN,Huntington Bancshares,Financials,Regional Banks,structural,structural,structural,not_disclosed,structural,structural,structural,structural,structural,not_disclosed,not_disclosed,structural,not_disclosed,not_disclosed,structural,structural,structural,structural,structural,not_disclosed,structural,not_disclosed,not_disclosed,not_disclosed,not_disclosed,not_disclosed,missing,not_disclosed,not_disclosed,not_disclosed,not_disclosed,quote_verified,quote_verified,quote_verified,not_disclosed,not_disclosed,quote_verified,structural,structural,imputed,imputed
HCA,HCA Healthcare,Health Care,Health Care Facilities,structural,structural,structural,not_disclosed,structural,structural,structural,structural,structural,not_disclosed,not_disclosed,structural,not_disclosed,not_disclosed,structural,structural,structural,structural,structural,not_disclosed,structural,not_disclosed,not_disclosed,not_disclosed,not_disclosed,not_disclosed,missing,not_disclosed,not_disclosed,not_disclosed,not_disclosed,quote_verified,quote_verified,not_disclosed,not_disclosed,not_disclosed,structural,structural,structural,imputed,imputed
HD,Home Depot (The),Consumer Discretionary,Home Improvement Retail,structural,structural,structural,not_disclosed,structural,structural,structural,structural,structural,not_disclosed,not_disclosed,structural,structural,not_disclosed,structural,structural,structural,structural,structural,not_disclosed,structural,structural,quote_verified,quote_verified,quote_verified,quote_verified,missing,not_disclosed,not_disclosed,not_disclosed,not_disclosed,quote_verified,quote_verified,quote_verified,not_disclosed,not_disclosed,quote_verified,structural,structural,imputed,imputed
HIG,Hartford (The),Financials,Property & Casualty Insurance,structural,structural,not_disclosed,not_disclosed,structural,structural,structural,structural,structural,not_disclosed,not_disclosed,structural,not_disclosed,not_disclosed,structural,structural,structural,structural,structural,not_disclosed,structural,not_disclosed,not_disclosed,not_disclosed,not_disclosed,not_disclosed,missing,not_disclosed,not_disclosed,not_disclosed,not_disclosed,quote_verified,structural,quote_verified,not_disclosed,not_disclosed,quote_verified,structural,structural,imputed,imputed
HII,Huntington Ingalls Industries,Industrials,Aerospace & Defense,structural,structural,structural,not_disclosed,structural,structural,structural,structural,structural,structural,structural,structural,not_disclosed,not_disclosed,structural,structural,structural,structural,structural,structural,structural,not_disclosed,not_disclosed,not_disclosed,not_disclosed,not_disclosed,missing,not_disclosed,quote_verified,quote_verified,not_disclosed,quote_verified,structural,quote_verified,not_disclosed,not_disclosed,structural,structural,structural,imputed,imputed
HLT,Hilton Worldwide,Consumer Discretionary,"Hotels, Resorts & Cruise Lines",structural,structural,structural,not_disclosed,structural,structural,structural,structural,structural,not_disclosed,not_disclosed,structural,not_disclosed,not_disclosed,structural,structural,structural,structural,structural,not_disclosed,structural,structural,structural,not_disclosed,not_disclosed,not_disclosed,missing,not_disclosed,not_disclosed,not_disclosed,not_disclosed,quote_verified,quote_verified,not_disclosed,not_disclosed,not_disclosed,quote_verified,structural,structural,imputed,imputed
HON,Honeywell Technologies,Industrials,Industrial Conglomerates,structural,structural,not_disclosed,not_disclosed,structural,structural,structural,structural,structural,not_disclosed,not_disclosed,structural,structural,not_disclosed,structural,structural,structural,structural,structural,structural,structural,not_disclosed,not_disclosed,not_disclosed,not_disclosed,not_disclosed,missing,not_disclosed,not_disclosed,not_disclosed,quote_verified,quote_verified,quote_verified,quote_verified,not_disclosed,not_disclosed,quote_verified,structural,structural,imputed,imputed
HONA,Honeywell Aerospace,Industrials,Aerospace & Defense,structural,structural,structural,not_disclosed,structural,structural,structural,structural,structural,not_disclosed,not_disclosed,structural,not_disclosed,not_disclosed,not_disclosed,not_disclosed,not_disclosed,not_disclosed,not_disclosed,not_disclosed,structural,not_disclosed,not_disclosed,not_disclosed,not_disclosed,not_disclosed,missing,not_disclosed,not_disclosed,not_disclosed,not_disclosed,not_disclosed,not_disclosed,not_disclosed,not_disclosed,not_disclosed,not_disclosed,not_disclosed,not_disclosed,imputed,imputed
HOOD,Robinhood Markets,Financials,Investment Banking & Brokerage,structural,structural,structural,not_disclosed,structural,structural,structural,structural,structural,not_disclosed,not_disclosed,structural,not_disclosed,not_disclosed,structural,structural,structural,structural,structural,structural,structural,not_disclosed,not_disclosed,not_disclosed,not_disclosed,not_disclosed,missing,not_disclosed,not_disclosed,not_disclosed,not_disclosed,quote_verified,quote_verified,not_disclosed,not_disclosed,not_disclosed,quote_verified,structural,not_disclosed,imputed,imputed
HPE,Hewlett Packard Enterprise,Information Technology,"Technology Hardware, Storage & Peripherals",structural,structural,structural,not_disclosed,structural,structural,structural,structural,structural,not_disclosed,not_disclosed,structural,not_disclosed,not_disclosed,structural,structural,structural,structural,structural,structural,structural,structural,quote_verified,quote_verified,quote_verified,quote_verified,missing,quote_verified,not_disclosed,not_disclosed,not_disclosed,quote_verified,structural,quote_verified,quote_verified,quote_verified,quote_verified,structural,structural,imputed,imputed
HPQ,HP Inc.,Information Technology,"Technology Hardware, Storage & Peripherals",structural,structural,structural,not_disclosed,structural,structural,structural,structural,structural,not_disclosed,not_disclosed,structural,structural,not_disclosed,structural,structural,structural,structural,structural,structural,structural,structural,quote_verified,quote_verified,quote_verified,quote_verified,missing,not_disclosed,not_disclosed,not_disclosed,not_disclosed,quote_verified,structural,quote_verified,quote_verified,quote_verified,quote_verified,structural,structural,imputed,imputed
HRL,Hormel Foods,Consumer Staples,Packaged Foods & Meats,structural,structural,structural,not_disclosed,structural,structural,structural,structural,structural,structural,structural,structural,structural,not_disclosed,structural,structural,structural,structural,structural,structural,structural,structural,structural,quote_verified,quote_verified,quote_verified,missing,not_disclosed,not_disclosed,not_disclosed,not_disclosed,quote_verified,structural,quote_verified,not_disclosed,not_disclosed,quote_verified,structural,structural,imputed,imputed
HSIC,Henry Schein,Health Care,Health Care Distributors,structural,structural,structural,not_disclosed,structural,structural,structural,structural,structural,not_disclosed,not_disclosed,structural,structural,not_disclosed,structural,structural,structural,structural,structural,not_disclosed,structural,structural,structural,quote_verified,quote_verified,quote_verified,missing,not_disclosed,not_disclosed,not_disclosed,not_disclosed,quote_verified,quote_verified,quote_verified,not_disclosed,not_disclosed,quote_verified,structural,not_disclosed,imputed,imputed
HST,Host Hotels & Resorts,Real Estate,Hotel & Resort REITs,structural,structural,structural,not_disclosed,structural,structural,structural,structural,structural,not_disclosed,not_disclosed,structural,not_disclosed,not_disclosed,structural,structural,structural,not_disclosed,not_disclosed,not_disclosed,structural,structural,structural,quote_verified,quote_verified,quote_verified,missing,not_disclosed,not_disclosed,not_disclosed,not_disclosed,quote_verified,quote_verified,quote_verified,not_disclosed,not_disclosed,quote_verified,structural,structural,imputed,imputed
HSY,Hershey Company (The),Consumer Staples,Packaged Foods & Meats,structural,structural,structural,not_disclosed,structural,structural,structural,structural,structural,not_disclosed,not_disclosed,structural,structural,not_disclosed,structural,structural,structural,structural,structural,structural,structural,structural,structural,quote_verified,quote_verified,quote_verified,missing,not_disclosed,not_disclosed,not_disclosed,not_disclosed,quote_verified,quote_verified,quote_verified,not_disclosed,not_disclosed,quote_verified,structural,structural,imputed,imputed
HUBB,Hubbell Incorporated,Industrials,Industrial Machinery & Supplies & Components,structural,structural,structural,not_disclosed,structural,structural,structural,structural,structural,not_disclosed,not_disclosed,structural,structural,not_disclosed,structural,structural,structural,structural,structural,not_disclosed,structural,not_disclosed,not_disclosed,not_disclosed,not_disclosed,not_disclosed,missing,not_disclosed,not_disclosed,not_disclosed,not_disclosed,quote_verified,structural,quote_verified,quote_verified,quote_verified,quote_verified,structural,not_disclosed,imputed,imputed
HUM,Humana,Health Care,Managed Health Care,structural,structural,structural,not_disclosed,structural,structural,structural,structural,structural,not_disclosed,not_disclosed,structural,not_disclosed,not_disclosed,structural,structural,structural,structural,structural,not_disclosed,structural,structural,structural,not_disclosed,not_disclosed,not_disclosed,missing,not_disclosed,not_disclosed,not_disclosed,not_disclosed,quote_verified,quote_verified,quote_verified,not_disclosed,not_disclosed,structural,structural,structural,imputed,imputed
HWM,Howmet Aerospace,Industrials,Aerospace & Defense,structural,structural,structural,not_disclosed,structural,structural,structural,structural,structural,structural,structural,structural,not_disclosed,not_disclosed,structural,structural,structural,structural,structural,structural,structural,not_disclosed,not_disclosed,not_disclosed,not_disclosed,not_disclosed,missing,not_disclosed,not_disclosed,not_disclosed,not_disclosed,quote_verified,quote_verified,quote_verified,quote_verified,quote_verified,quote_verified,structural,not_disclosed,imputed,imputed
IBKR,Interactive Brokers,Financials,Investment Banking & Brokerage,structural,structural,not_disclosed,not_disclosed,structural,structural,structural,structural,structural,not_disclosed,not_disclosed,structural,not_disclosed,not_disclosed,structural,structural,structural,not_disclosed,not_disclosed,not_disclosed,structural,not_disclosed,not_disclosed,not_disclosed,not_disclosed,not_disclosed,missing,not_disclosed,not_disclosed,not_disclosed,not_disclosed,quote_verified,structural,not_disclosed,not_disclosed,not_disclosed,quote_verified,not_disclosed,structural,imputed,imputed
IBM,IBM,Information Technology,IT Consulting & Other Services,structural,structural,not_disclosed,not_disclosed,structural,structural,structural,structural,structural,structural,structural,structural,structural,not_disclosed,structural,structural,not_disclosed,structural,structural,structural,structural,not_disclosed,not_disclosed,not_disclosed,not_disclosed,not_disclosed,missing,not_disclosed,not_disclosed,not_disclosed,not_disclosed,quote_verified,quote_verified,quote_verified,quote_verified,quote_verified,quote_verified,not_disclosed,structural,not_disclosed,not_disclosed
ICE,Intercontinental Exchange,Financials,Financial Exchanges & Data,structural,structural,not_disclosed,not_disclosed,structural,structural,structural,structural,structural,not_disclosed,not_disclosed,structural,not_disclosed,not_disclosed,structural,structural,structural,structural,structural,not_disclosed,structural,not_disclosed,not_disclosed,not_disclosed,not_disclosed,not_disclosed,missing,not_disclosed,not_disclosed,not_disclosed,not_disclosed,quote_verified,quote_verified,quote_verified,quote_verified,quote_verified,quote_verified,structural,structural,imputed,imputed
IDXX,Idexx Laboratories,Health Care,Health Care Equipment,structural,structural,structural,not_disclosed,structural,structural,structural,structural,structural,not_disclosed,not_disclosed,structural,structural,not_disclosed,structural,structural,structural,structural,structural,structural,structural,not_disclosed,not_disclosed,not_disclosed,not_disclosed,not_disclosed,missing,not_disclosed,not_disclosed,not_disclosed,not_disclosed,quote_verified,quote_verified,quote_verified,not_disclosed,not_disclosed,quote_verified,structural,not_disclosed,imputed,imputed
IEX,IDEX Corporation,Industrials,Industrial Machinery & Supplies & Components,structural,structural,structural,not_disclosed,structural,structural,structural,structural,structural,not_disclosed,not_disclosed,structural,structural,not_disclosed,structural,structural,structural,structural,structural,structural,structural,not_disclosed,not_disclosed,not_disclosed,not_disclosed,not_disclosed,missing,not_disclosed,not_disclosed,not_disclosed,not_disclosed,quote_verified,quote_verified,quote_verified,not_disclosed,not_disclosed,quote_verified,structural,structural,imputed,imputed
IFF,International Flavors & Fragrances,Materials,Specialty Chemicals,structural,structural,structural,not_disclosed,structural,structural,structural,structural,structural,structural,structural,structural,structural,not_disclosed,structural,structural,structural,structural,structural,structural,structural,structural,structural,quote_verified,quote_verified,quote_verified,missing,not_disclosed,not_disclosed,not_disclosed,not_disclosed,quote_verified,quote_verified,quote_verified,not_disclosed,not_disclosed,structural,structural,structural,imputed,imputed
INCY,Incyte,Health Care,Biotechnology,structural,structural,structural,not_disclosed,structural,structural,structural,structural,structural,not_disclosed,not_disclosed,structural,structural,not_disclosed,structural,structural,structural,structural,structural,structural,structural,not_disclosed,not_disclosed,not_disclosed,not_disclosed,not_disclosed,missing,not_disclosed,not_disclosed,not_disclosed,not_disclosed,quote_verified,quote_verified,quote_verified,not_disclosed,not_disclosed,quote_verified,structural,not_disclosed,imputed,imputed
INTC,Intel,Information Technology,Semiconductors,structural,structural,structural,not_disclosed,structural,structural,structural,structural,structural,structural,structural,structural,structural,not_disclosed,structural,structural,structural,structural,structural,structural,structural,not_disclosed,not_disclosed,not_disclosed,not_disclosed,not_disclosed,missing,not_disclosed,not_disclosed,not_disclosed,not_disclosed,quote_verified,quote_verified,quote_verified,quote_verified,quote_verified,quote_verified,structural,structural,imputed,imputed
INTU,Intuit,Information Technology,Application Software,structural,structural,structural,not_disclosed,structural,structural,structural,structural,structural,not_disclosed,not_disclosed,structural,not_disclosed,not_disclosed,structural,structural,structural,structural,structural,structural,structural,structural,quote_verified,quote_verified,quote_verified,quote_verified,missing,not_disclosed,not_disclosed,not_disclosed,not_disclosed,quote_verified,quote_verified,quote_verified,not_disclosed,not_disclosed,quote_verified,structural,structural,imputed,imputed
INVH,Invitation Homes,Real Estate,Single-Family Residential REITs,structural,structural,structural,not_disclosed,structural,structural,structural,structural,structural,not_disclosed,not_disclosed,structural,not_disclosed,not_disclosed,structural,structural,structural,not_disclosed,not_disclosed,not_disclosed,structural,not_disclosed,not_disclosed,not_disclosed,not_disclosed,not_disclosed,missing,not_disclosed,not_disclosed,not_disclosed,not_disclosed,quote_verified,structural,quote_verified,not_disclosed,not_disclosed,structural,structural,structural,imputed,imputed
IP,International Paper,Materials,Paper & Plastic Packaging Products & Materials,structural,structural,structural,not_disclosed,structural,structural,structural,structural,structural,structural,structural,structural,structural,not_disclosed,structural,structural,structural,structural,structural,not_disclosed,structural,structural,structural,quote_verified,quote_verified,quote_verified,missing,not_disclosed,not_disclosed,not_disclosed,not_disclosed,quote_verified,quote_verified,quote_verified,not_disclosed,not_disclosed,quote_verified,structural,structural,imputed,imputed
IQV,IQVIA,Health Care,Life Sciences Tools & Services,structural,structural,not_disclosed,not_disclosed,structural,structural,structural,structural,structural,not_disclosed,not_disclosed,structural,not_disclosed,not_disclosed,structural,structural,structural,structural,structural,not_disclosed,structural,structural,structural,quote_verified,quote_verified,quote_verified,missing,not_disclosed,not_disclosed,not_disclosed,not_disclosed,quote_verified,quote_verified,quote_verified,not_disclosed,not_disclosed,quote_verified,structural,not_disclosed,imputed,imputed
IR,Ingersoll Rand,Industrials,Industrial Machinery & Supplies & Components,structural,structural,not_disclosed,not_disclosed,structural,structural,structural,structural,structural,not_disclosed,not_disclosed,structural,structural,not_disclosed,structural,structural,structural,structural,structural,structural,structural,structural,structural,quote_verified,quote_verified,quote_verified,missing,not_disclosed,not_disclosed,not_disclosed,not_disclosed,quote_verified,quote_verified,quote_verified,not_disclosed,not_disclosed,quote_verified,structural,structural,imputed,imputed
IRM,Iron Mountain,Real Estate,Other Specialized REITs,structural,structural,structural,not_disclosed,structural,structural,structural,structural,structural,not_disclosed,not_disclosed,structural,not_disclosed,not_disclosed,structural,structural,structural,structural,structural,not_disclosed,structural,structural,structural,quote_verified,quote_verified,quote_verified,missing,not_disclosed,not_disclosed,not_disclosed,not_disclosed,quote_verified,structural,quote_verified,quote_verified,quote_verified,quote_verified,not_disclosed,structural,imputed,imputed
ISRG,Intuitive Surgical,Health Care,Health Care Equipment,structural,structural,structural,not_disclosed,structural,structural,structural,structural,structural,not_disclosed,not_disclosed,structural,structural,not_disclosed,structural,structural,structural,structural,structural,structural,structural,not_disclosed,not_disclosed,not_disclosed,not_disclosed,not_disclosed,missing,not_disclosed,not_disclosed,not_disclosed,not_disclosed,quote_verified,quote_verified,quote_verified,not_disclosed,not_disclosed,quote_verified,structural,not_disclosed,imputed,imputed
IT,Gartner,Information Technology,IT Consulting & Other Services,structural,structural,structural,not_disclosed,structural,structural,structural,structural,structural,not_disclosed,not_disclosed,structural,structural,not_disclosed,structural,structural,structural,not_disclosed,not_disclosed,not_disclosed,structural,structural,structural,quote_verified,quote_verified,quote_verified,missing,not_disclosed,not_disclosed,not_disclosed,not_disclosed,quote_verified,quote_verified,quote_verified,not_disclosed,not_disclosed,quote_verified,structural,not_disclosed,imputed,imputed
ITW,Illinois Tool Works,Industrials,Industrial Machinery & Supplies & Components,structural,structural,structural,not_disclosed,structural,structural,structural,structural,structural,structural,structural,structural,structural,not_disclosed,structural,structural,structural,structural,structural,structural,structural,not_disclosed,not_disclosed,not_disclosed,not_disclosed,not_disclosed,missing,not_disclosed,not_disclosed,not_disclosed,not_disclosed,quote_verified,quote_verified,quote_verified,not_disclosed,not_disclosed,quote_verified,structural,structural,imputed,imputed
IVZ,Invesco,Financials,Asset Management & Custody Banks,structural,structural,not_disclosed,not_disclosed,structural,structural,structural,structural,structural,not_disclosed,not_disclosed,structural,not_disclosed,not_disclosed,structural,structural,structural,structural,structural,not_disclosed,structural,not_disclosed,not_disclosed,not_disclosed,not_disclosed,not_disclosed,missing,not_disclosed,quote_verified,quote_verified,not_disclosed,quote_verified,quote_verified,quote_verified,not_disclosed,not_disclosed,structural,structural,structural,imputed,imputed
J,Jacobs Solutions,Industrials,Construction & Engineering,structural,structural,structural,not_disclosed,structural,structural,structural,structural,structural,not_disclosed,not_disclosed,structural,structural,not_disclosed,structural,structural,structural,structural,structural,not_disclosed,structural,not_disclosed,not_disclosed,not_disclosed,not_disclosed,not_disclosed,missing,not_disclosed,not_disclosed,not_disclosed,not_disclosed,quote_verified,quote_verified,quote_verified,not_disclosed,not_disclosed,quote_verified,structural,structural,imputed,imputed
JBHT,J.B. Hunt,Industrials,Cargo Ground Transportation,structural,structural,structural,not_disclosed,structural,structural,structural,structural,structural,not_disclosed,not_disclosed,structural,not_disclosed,structural,structural,structural,structural,structural,structural,not_disclosed,structural,not_disclosed,not_disclosed,not_disclosed,not_disclosed,not_disclosed,missing,not_disclosed,not_disclosed,not_disclosed,not_disclosed,quote_verified,quote_verified,quote_verified,not_disclosed,not_disclosed,quote_verified,structural,structural,imputed,imputed
JBL,Jabil,Information Technology,Electronic Manufacturing Services,structural,structural,structural,not_disclosed,structural,structural,structural,structural,structural,not_disclosed,not_disclosed,structural,structural,not_disclosed,structural,structural,structural,structural,structural,structural,structural,structural,not_disclosed,not_disclosed,not_disclosed,not_disclosed,missing,not_disclosed,not_disclosed,not_disclosed,not_disclosed,quote_verified,quote_verified,quote_verified,quote_verified,quote_verified,quote_verified,structural,structural,imputed,imputed
JCI,Johnson Controls,Industrials,Building Products,structural,structural,not_disclosed,not_disclosed,structural,structural,structural,structural,structural,structural,structural,not_disclosed,structural,not_disclosed,structural,structural,structural,structural,structural,structural,structural,structural,structural,not_disclosed,not_disclosed,not_disclosed,missing,not_disclosed,quote_verified,quote_verified,not_disclosed,quote_verified,quote_verified,quote_verified,quote_verified,quote_verified,structural,structural,structural,imputed,imputed
JKHY,Jack Henry & Associates,Financials,Transaction & Payment Processing Services,structural,structural,structural,not_disclosed,structural,structural,structural,structural,structural,not_disclosed,not_disclosed,structural,structural,not_disclosed,structural,structural,structural,structural,structural,structural,structural,not_disclosed,not_disclosed,not_disclosed,not_disclosed,not_disclosed,missing,not_disclosed,not_disclosed,not_disclosed,not_disclosed,quote_verified,structural,quote_verified,quote_verified,quote_verified,quote_verified,structural,structural,imputed,imputed
JNJ,Johnson & Johnson,Health Care,Pharmaceuticals,structural,structural,not_disclosed,not_disclosed,structural,structural,structural,structural,structural,not_disclosed,not_disclosed,structural,structural,not_disclosed,structural,structural,structural,structural,structural,structural,structural,structural,structural,quote_verified,quote_verified,quote_verified,missing,not_disclosed,quote_verified,quote_verified,not_disclosed,quote_verified,quote_verified,quote_verified,not_disclosed,not_disclosed,quote_verified,structural,not_disclosed,imputed,imputed
JPM,JPMorgan Chase,Financials,Diversified Banks,structural,structural,not_disclosed,not_disclosed,structural,structural,structural,structural,structural,not_disclosed,not_disclosed,structural,not_disclosed,not_disclosed,structural,structural,structural,not_disclosed,not_disclosed,not_disclosed,structural,not_disclosed,not_disclosed,not_disclosed,not_disclosed,not_disclosed,missing,not_disclosed,not_disclosed,not_disclosed,not_disclosed,quote_verified,quote_verified,quote_verified,not_disclosed,not_disclosed,quote_verified,structural,structural,imputed,imputed
KDP,Keurig Dr Pepper,Consumer Staples,Soft Drinks & Non-alcoholic Beverages,structural,structural,structural,not_disclosed,structural,structural,structural,structural,structural,not_disclosed,not_disclosed,structural,structural,not_disclosed,structural,structural,structural,structural,structural,structural,structural,structural,structural,quote_verified,quote_verified,quote_verified,missing,not_disclosed,not_disclosed,not_disclosed,not_disclosed,quote_verified,quote_verified,quote_verified,quote_verified,quote_verified,quote_verified,structural,structural,imputed,imputed
KEY,KeyCorp,Financials,Regional Banks,structural,structural,structural,not_disclosed,structural,structural,structural,structural,structural,not_disclosed,not_disclosed,structural,not_disclosed,not_disclosed,structural,structural,structural,structural,structural,not_disclosed,structural,not_disclosed,not_disclosed,not_disclosed,not_disclosed,not_disclosed,missing,not_disclosed,not_disclosed,not_disclosed,not_disclosed,quote_verified,quote_verified,quote_verified,not_disclosed,not_disclosed,quote_verified,structural,structural,imputed,imputed
KEYS,Keysight Technologies,Information Technology,Electronic Equipment & Instruments,structural,structural,structural,not_disclosed,structural,structural,structural,structural,structural,not_disclosed,not_disclosed,structural,structural,not_disclosed,structural,structural,structural,structural,structural,structural,structural,structural,quote_verified,quote_verified,quote_verified,quote_verified,missing,not_disclosed,not_disclosed,not_disclosed,not_disclosed,quote_verified,quote_verified,quote_verified,quote_verified,quote_verified,quote_verified,structural,not_disclosed,imputed,imputed
KHC,Kraft Heinz,Consumer Staples,Packaged Foods & Meats,structural,structural,structural,not_disclosed,structural,structural,structural,structural,structural,structural,structural,structural,structural,not_disclosed,structural,structural,structural,structural,structural,structural,structural,structural,structural,quote_verified,quote_verified,quote_verified,missing,not_disclosed,not_disclosed,not_disclosed,quote_verified,quote_verified,quote_verified,quote_verified,quote_verified,quote_verified,quote_verified,structural,structural,imputed,imputed
KIM,Kimco Realty,Real Estate,Retail REITs,structural,structural,structural,not_disclosed,structural,structural,structural,structural,structural,not_disclosed,not_disclosed,structural,not_disclosed,not_disclosed,structural,structural,structural,structural,structural,not_disclosed,structural,structural,structural,not_disclosed,not_disclosed,not_disclosed,missing,not_disclosed,not_disclosed,not_disclosed,not_disclosed,quote_verified,structural,quote_verified,quote_verified,quote_verified,quote_verified,structural,structural,imputed,imputed
KKR,KKR & Co.,Financials,Asset Management & Custody Banks,structural,structural,not_disclosed,not_disclosed,structural,structural,structural,structural,structural,structural,structural,structural,not_disclosed,not_disclosed,structural,structural,structural,not_disclosed,not_disclosed,not_disclosed,structural,not_disclosed,not_disclosed,not_disclosed,not_disclosed,not_disclosed,missing,not_disclosed,not_disclosed,not_disclosed,not_disclosed,structural,structural,not_disclosed,not_disclosed,not_disclosed,quote_verified,structural,structural,imputed,imputed
KLAC,KLA Corporation,Information Technology,Semiconductor Materials & Equipment,structural,structural,structural,not_disclosed,structural,structural,structural,structural,structural,not_disclosed,not_disclosed,structural,structural,not_disclosed,structural,structural,structural,structural,structural,structural,structural,structural,structural,quote_verified,quote_verified,quote_verified,missing,not_disclosed,quote_verified,not_disclosed,not_disclosed,quote_verified,quote_verified,quote_verified,not_disclosed,not_disclosed,quote_verified,structural,structural,imputed,imputed
KMB,Kimberly-Clark,Consumer Staples,Household Products,structural,structural,not_disclosed,not_disclosed,structural,structural,structural,structural,structural,structural,structural,structural,structural,not_disclosed,structural,structural,structural,structural,structural,structural,structural,structural,structural,quote_verified,quote_verified,quote_verified,missing,not_disclosed,not_disclosed,not_disclosed,not_disclosed,quote_verified,structural,quote_verified,not_disclosed,not_disclosed,quote_verified,structural,structural,imputed,imputed
KMI,Kinder Morgan,Energy,Oil & Gas Storage & Transportation,structural,structural,structural,not_disclosed,structural,structural,structural,structural,structural,structural,structural,structural,structural,not_disclosed,structural,structural,structural,structural,structural,not_disclosed,structural,not_disclosed,not_disclosed,not_disclosed,not_disclosed,not_disclosed,missing,not_disclosed,not_disclosed,not_disclosed,not_disclosed,quote_verified,structural,quote_verified,quote_verified,quote_verified,quote_verified,structural,structural,imputed,imputed
KO,Coca-Cola Company (The),Consumer Staples,Soft Drinks & Non-alcoholic Beverages,structural,structural,structural,not_disclosed,structural,structural,structural,structural,structural,not_disclosed,not_disclosed,structural,structural,not_disclosed,structural,structural,structural,structural,structural,not_disclosed,structural,not_disclosed,not_disclosed,not_disclosed,not_disclosed,not_disclosed,missing,not_disclosed,quote_verified,quote_verified,not_disclosed,quote_verified,quote_verified,not_disclosed,quote_verified,quote_verified,quote_verified,structural,structural,imputed,imputed
KR,Kroger,Consumer Staples,Food Retail,structural,structural,structural,not_disclosed,structural,structural,structural,structural,structural,not_disclosed,not_disclosed,structural,not_disclosed,not_disclosed,structural,structural,structural,structural,structural,not_disclosed,structural,structural,not_disclosed,not_disclosed,not_disclosed,not_disclosed,missing,not_disclosed,quote_verified,quote_verified,not_disclosed,quote_verified,structural,quote_verified,not_disclosed,not_disclosed,quote_verified,structural,structural,imputed,imputed
KVUE,Kenvue,Consumer Staples,Personal Care Products,structural,structural,structural,not_disclosed,structural,structural,structural,structural,structural,not_disclosed,not_disclosed,structural,structural,not_disclosed,structural,structural,structural,structural,structural,structural,structural,structural,structural,quote_verified,quote_verified,quote_verified,missing,not_disclosed,not_disclosed,not_disclosed,not_disclosed,quote_verified,quote_verified,quote_verified,not_disclosed,not_disclosed,structural,structural,structural,imputed,imputed
L,Loews Corporation,Financials,Multi-line Insurance,structural,structural,structural,not_disclosed,structural,structural,structural,structural,structural,structural,structural,structural,not_disclosed,not_disclosed,structural,structural,structural,structural,structural,not_disclosed,structural,not_disclosed,not_disclosed,not_disclosed,not_disclosed,not_disclosed,missing,not_disclosed,not_disclosed,not_disclosed,not_disclosed,quote_verified,quote_verified,not_disclosed,not_disclosed,not_disclosed,quote_verified,structural,structural,imputed,imputed
LDOS,Leidos,Industrials,Diversified Support Services,structural,structural,not_disclosed,not_disclosed,structural,structural,structural,structural,structural,not_disclosed,not_disclosed,structural,structural,not_disclosed,structural,structural,structural,structural,structural,structural,structural,not_disclosed,not_disclosed,not_disclosed,not_disclosed,not_disclosed,missing,not_disclosed,not_disclosed,not_disclosed,not_disclosed,quote_verified,quote_verified,quote_verified,quote_verified,quote_verified,quote_verified,structural,not_disclosed,imputed,imputed
LEN,Lennar,Consumer Discretionary,Homebuilding,structural,structural,structural,not_disclosed,structural,structural,structural,structural,structural,not_disclosed,not_disclosed,structural,not_disclosed,not_disclosed,structural,structural,structural,structural,structural,not_disclosed,structural,not_disclosed,not_disclosed,not_disclosed,not_disclosed,not_disclosed,missing,not_disclosed,not_disclosed,not_disclosed,not_disclosed,quote_verified,quote_verified,quote_verified,not_disclosed,not_disclosed,quote_verified,structural,structural,imputed,imputed
LH,Labcorp,Health Care,Health Care Services,structural,structural,not_disclosed,not_disclosed,structural,structural,structural,structural,structural,not_disclosed,not_disclosed,structural,structural,not_disclosed,structural,structural,structural,structural,structural,not_disclosed,structural,structural,structural,quote_verified,quote_verified,quote_verified,missing,not_disclosed,not_disclosed,not_disclosed,not_disclosed,quote_verified,quote_verified,quote_verified,quote_verified,quote_verified,quote_verified,structural,structural,imputed,imputed
LHX,L3Harris,Industrials,Aerospace & Defense,structural,structural,not_disclosed,not_disclosed,structural,structural,structural,structural,structural,not_disclosed,not_disclosed,structural,structural,not_disclosed,structural,structural,structural,structural,structural,not_disclosed,structural,not_disclosed,not_disclosed,not_disclosed,not_disclosed,not_disclosed,missing,not_disclosed,not_disclosed,not_disclosed,not_disclosed,quote_verified,quote_verified,quote_verified,not_disclosed,not_disclosed,quote_verified,structural,structural,imputed,imputed
LII,Lennox International,Industrials,Building Products,structural,structural,structural,not_disclosed,structural,structural,structural,structural,structural,not_disclosed,not_disclosed,structural,structural,not_disclosed,structural,structural,structural,structural,structural,structural,structural,structural,structural,quote_verified,quote_verified,quote_verified,missing,not_disclosed,not_disclosed,not_disclosed,not_disclosed,quote_verified,quote_verified,quote_verified,not_disclosed,not_disclosed,quote_verified,structural,structural,imputed,imputed
LIN,Linde plc,Materials,Industrial Gases,structural,structural,not_disclosed,not_disclosed,structural,structural,structural,structural,structural,structural,structural,not_disclosed,not_disclosed,not_disclosed,structural,structural,structural,structural,structural,structural,structural,structural,structural,not_disclosed,not_disclosed,not_disclosed,missing,not_disclosed,not_disclosed,not_disclosed,not_disclosed,quote_verified,quote_verified,quote_verified,not_disclosed,not_disclosed,quote_verified,structural,structural,imputed,imputed
LITE,Lumentum,Information Technology,Communications Equipment,structural,structural,structural,not_disclosed,structural,structural,structural,structural,structural,not_disclosed,not_disclosed,structural,not_disclosed,not_disclosed,structural,structural,structural,structural,structural,structural,structural,structural,quote_verified,quote_verified,quote_verified,quote_verified,missing,not_disclosed,not_disclosed,not_disclosed,quote_verified,quote_verified,quote_verified,quote_verified,not_disclosed,not_disclosed,structural,structural,not_disclosed,imputed,imputed
LLY,Lilly (Eli),Health Care,Pharmaceuticals,structural,structural,not_disclosed,not_disclosed,structural,structural,structural,structural,structural,not_disclosed,not_disclosed,structural,structural,not_disclosed,structural,structural,structural,not_disclosed,not_disclosed,structural,structural,not_disclosed,not_disclosed,not_disclosed,not_disclosed,not_disclosed,missing,quote_verified,not_disclosed,not_disclosed,not_disclosed,quote_verified,structural,quote_verified,quote_verified,quote_verified,quote_verified,structural,structural,imputed,imputed
LMT,Lockheed Martin,Industrials,Aerospace & Defense,structural,structural,structural,not_disclosed,structural,structural,structural,structural,structural,structural,structural,structural,structural,not_disclosed,structural,structural,structural,structural,structural,structural,structural,not_disclosed,not_disclosed,not_disclosed,not_disclosed,not_disclosed,missing,not_disclosed,not_disclosed,not_disclosed,not_disclosed,quote_verified,quote_verified,quote_verified,not_disclosed,not_disclosed,quote_verified,structural,structural,imputed,imputed
LNT,Alliant Energy,Utilities,Electric Utilities,structural,structural,structural,not_disclosed,structural,structural,structural,structural,structural,structural,structural,structural,structural,not_disclosed,structural,structural,structural,structural,structural,not_disclosed,structural,not_disclosed,not_disclosed,not_disclosed,not_disclosed,not_disclosed,missing,not_disclosed,not_disclosed,not_disclosed,not_disclosed,quote_verified,structural,quote_verified,not_disclosed,not_disclosed,quote_verified,not_disclosed,structural,imputed,imputed
LOW,Lowe's,Consumer Discretionary,Home Improvement Retail,structural,structural,not_disclosed,not_disclosed,structural,structural,structural,structural,structural,not_disclosed,not_disclosed,structural,structural,not_disclosed,structural,structural,structural,structural,structural,not_disclosed,structural,not_disclosed,not_disclosed,not_disclosed,not_disclosed,not_disclosed,missing,not_disclosed,not_disclosed,not_disclosed,not_disclosed,quote_verified,quote_verified,quote_verified,quote_verified,quote_verified,quote_verified,structural,structural,imputed,imputed
LRCX,Lam Research,Information Technology,Semiconductor Materials & Equipment,structural,structural,structural,not_disclosed,structural,structural,structural,structural,structural,not_disclosed,not_disclosed,structural,structural,not_disclosed,structural,structural,structural,structural,structural,structural,structural,structural,structural,quote_verified,quote_verified,quote_verified,missing,not_disclosed,not_disclosed,not_disclosed,quote_verified,quote_verified,quote_verified,quote_verified,not_disclosed,not_disclosed,quote_verified,structural,structural,imputed,imputed
LULU,Lululemon Athletica,Consumer Discretionary,"Apparel, Accessories & Luxury Goods",structural,structural,structural,not_disclosed,structural,structural,structural,structural,structural,not_disclosed,not_disclosed,not_disclosed,structural,not_disclosed,structural,structural,structural,structural,structural,not_disclosed,structural,not_disclosed,not_disclosed,not_disclosed,not_disclosed,not_disclosed,missing,not_disclosed,not_disclosed,not_disclosed,not_disclosed,quote_verified,quote_verified,quote_verified,not_disclosed,not_disclosed,structural,structural,not_disclosed,imputed,imputed
LUV,Southwest Airlines,Industrials,Passenger Airlines,structural,structural,structural,not_disclosed,structural,structural,structural,structural,structural,not_disclosed,not_disclosed,structural,not_disclosed,structural,structural,structural,structural,structural,structural,not_disclosed,structural,not_disclosed,not_disclosed,not_disclosed,not_disclosed,not_disclosed,missing,not_disclosed,not_disclosed,not_disclosed,not_disclosed,quote_verified,structural,quote_verified,not_disclosed,not_disclosed,structural,structural,structural,imputed,imputed
LVS,Las Vegas Sands,Consumer Discretionary,Casinos & Gaming,structural,structural,not_disclosed,not_disclosed,structural,structural,structural,structural,structural,not_disclosed,not_disclosed,structural,not_disclosed,not_disclosed,structural,structural,structural,structural,structural,structural,structural,structural,structural,quote_verified,quote_verified,quote_verified,missing,not_disclosed,not_disclosed,not_disclosed,not_disclosed,quote_verified,quote_verified,not_disclosed,not_disclosed,not_disclosed,structural,structural,structural,imputed,imputed
LYB,LyondellBasell,Materials,Specialty Chemicals,structural,structural,not_disclosed,not_disclosed,structural,structural,structural,structural,structural,structural,structural,not_disclosed,structural,not_disclosed,structural,structural,structural,structural,structural,structural,structural,not_disclosed,not_disclosed,not_disclosed,not_disclosed,not_disclosed,missing,quote_verified,not_disclosed,not_disclosed,not_disclosed,quote_verified,quote_verified,quote_verified,not_disclosed,not_disclosed,structural,structural,structural,imputed,imputed
LYV,Live Nation Entertainment,Communication Services,Movies & Entertainment,structural,structural,structural,not_disclosed,structural,structural,structural,structural,structural,not_disclosed,not_disclosed,structural,not_disclosed,not_disclosed,structural,structural,structural,structural,structural,not_disclosed,structural,not_disclosed,not_disclosed,not_disclosed,not_disclosed,not_disclosed,missing,not_disclosed,not_disclosed,not_disclosed,not_disclosed,quote_verified,structural,not_disclosed,not_disclosed,not_disclosed,structural,structural,not_disclosed,imputed,imputed
MA,Mastercard,Financials,Transaction & Payment Processing Services,structural,structural,structural,not_disclosed,structural,structural,structural,structural,structural,not_disclosed,not_disclosed,structural,not_disclosed,not_disclosed,structural,structural,structural,structural,structural,not_disclosed,structural,structural,structural,quote_verified,quote_verified,quote_verified,missing,not_disclosed,not_disclosed,not_disclosed,not_disclosed,quote_verified,quote_verified,quote_verified,quote_verified,quote_verified,quote_verified,structural,structural,imputed,imputed
MAA,Mid-America Apartment Communities,Real Estate,Multi-Family Residential REITs,structural,structural,structural,not_disclosed,structural,structural,structural,structural,structural,not_disclosed,not_disclosed,structural,not_disclosed,not_disclosed,structural,structural,structural,not_disclosed,not_disclosed,not_disclosed,structural,not_disclosed,not_disclosed,not_disclosed,not_disclosed,not_disclosed,missing,not_disclosed,not_disclosed,not_disclosed,not_disclosed,quote_verified,structural,not_disclosed,not_disclosed,not_disclosed,quote_verified,structural,structural,imputed,imputed
MAR,Marriott International,Consumer Discretionary,"Hotels, Resorts & Cruise Lines",structural,structural,structural,not_disclosed,structural,structural,structural,structural,structural,not_disclosed,not_disclosed,structural,not_disclosed,not_disclosed,structural,structural,structural,structural,structural,not_disclosed,structural,structural,structural,quote_verified,quote_verified,quote_verified,missing,not_disclosed,not_disclosed,not_disclosed,not_disclosed,quote_verified,quote_verified,quote_verified,not_disclosed,not_disclosed,quote_verified,structural,structural,imputed,imputed
MAS,Masco,Industrials,Building Products,structural,structural,structural,not_disclosed,structural,structural,structural,structural,structural,not_disclosed,not_disclosed,structural,structural,not_disclosed,structural,structural,structural,structural,structural,not_disclosed,structural,not_disclosed,not_disclosed,not_disclosed,not_disclosed,not_disclosed,missing,not_disclosed,not_disclosed,not_disclosed,not_disclosed,quote_verified,quote_verified,quote_verified,quote_verified,quote_verified,quote_verified,structural,structural,imputed,imputed
MCD,McDonald's,Consumer Discretionary,Restaurants,structural,structural,structural,not_disclosed,structural,structural,structural,structural,structural,not_disclosed,not_disclosed,structural,not_disclosed,not_disclosed,structural,structural,structural,structural,structural,not_disclosed,structural,structural,structural,quote_verified,quote_verified,quote_verified,missing,not_disclosed,not_disclosed,not_disclosed,not_disclosed,quote_verified,quote_verified,quote_verified,quote_verified,quote_verified,quote_verified,structural,structural,imputed,imputed
MCHP,Microchip Technology,Information Technology,Semiconductors,structural,structural,structural,not_disclosed,structural,structural,structural,structural,structural,structural,structural,structural,structural,not_disclosed,structural,structural,structural,structural,structural,structural,structural,not_disclosed,not_disclosed,not_disclosed,not_disclosed,not_disclosed,missing,not_disclosed,quote_verified,quote_verified,quote_verified,quote_verified,quote_verified,not_disclosed,not_disclosed,not_disclosed,quote_verified,structural,structural,imputed,imputed
MCK,McKesson Corporation,Health Care,Health Care Distributors,structural,structural,structural,not_disclosed,structural,structural,structural,structural,structural,not_disclosed,not_disclosed,structural,structural,not_disclosed,structural,structural,structural,structural,structural,not_disclosed,structural,structural,quote_verified,quote_verified,quote_verified,quote_verified,missing,not_disclosed,not_disclosed,not_disclosed,not_disclosed,quote_verified,quote_verified,quote_verified,quote_verified,quote_verified,quote_verified,structural,structural,imputed,imputed
MCO,Moody's Corporation,Financials,Financial Exchanges & Data,structural,structural,structural,not_disclosed,structural,structural,structural,structural,structural,not_disclosed,not_disclosed,structural,structural,not_disclosed,structural,structural,structural,structural,structural,not_disclosed,structural,structural,structural,quote_verified,quote_verified,quote_verified,missing,not_disclosed,not_disclosed,not_disclosed,not_disclosed,quote_verified,structural,quote_verified,not_disclosed,not_disclosed,quote_verified,structural,structural,imputed,imputed
MDLZ,Mondelez International,Consumer Staples,Packaged Foods & Meats,structural,structural,not_disclosed,not_disclosed,structural,structural,structural,structural,structural,structural,structural,structural,structural,not_disclosed,structural,structural,structural,structural,structural,structural,structural,structural,structural,quote_verified,quote_verified,quote_verified,missing,not_disclosed,not_disclosed,not_disclosed,not_disclosed,quote_verified,quote_verified,quote_verified,not_disclosed,not_disclosed,quote_verified,structural,structural,imputed,imputed
MDT,Medtronic,Health Care,Health Care Equipment,structural,structural,structural,not_disclosed,structural,structural,structural,structural,structural,not_disclosed,not_disclosed,not_disclosed,structural,not_disclosed,structural,structural,structural,structural,structural,not_disclosed,structural,structural,not_disclosed,not_disclosed,not_disclosed,not_disclosed,missing,not_disclosed,not_disclosed,not_disclosed,not_disclosed,quote_verified,quote_verified,quote_verified,not_disclosed,not_disclosed,quote_verified,structural,structural,imputed,imputed
MET,MetLife,Financials,Life & Health Insurance,structural,structural,structural,not_disclosed,structural,structural,structural,structural,structural,not_disclosed,not_disclosed,structural,not_disclosed,not_disclosed,structural,structural,structural,not_disclosed,not_disclosed,not_disclosed,structural,structural,not_disclosed,not_disclosed,not_disclosed,not_disclosed,missing,not_disclosed,not_disclosed,not_disclosed,not_disclosed,quote_verified,structural,quote_verified,not_disclosed,not_disclosed,quote_verified,structural,structural,imputed,imputed
META,Meta Platforms,Communication Services,Interactive Media & Services,structural,structural,structural,not_disclosed,structural,structural,structural,structural,structural,not_disclosed,not_disclosed,structural,structural,not_disclosed,structural,structural,structural,structural,structural,structural,structural,structural,structural,quote_verified,quote_verified,quote_verified,missing,not_disclosed,quote_verified,quote_verified,quote_verified,quote_verified,structural,not_disclosed,not_disclosed,not_disclosed,quote_verified,structural,structural,imputed,imputed
MGM,MGM Resorts,Consumer Discretionary,Casinos & Gaming,structural,structural,not_disclosed,not_disclosed,structural,structural,structural,structural,structural,structural,structural,structural,not_disclosed,not_disclosed,structural,structural,structural,structural,structural,not_disclosed,structural,structural,structural,not_disclosed,not_disclosed,not_disclosed,missing,not_disclosed,not_disclosed,not_disclosed,not_disclosed,quote_verified,quote_verified,quote_verified,not_disclosed,not_disclosed,quote_verified,structural,structural,imputed,imputed
MKC,McCormick & Company,Consumer Staples,Packaged Foods & Meats,structural,structural,structural,not_disclosed,structural,structural,structural,structural,structural,not_disclosed,not_disclosed,structural,structural,not_disclosed,structural,structural,structural,structural,structural,structural,structural,structural,quote_verified,quote_verified,quote_verified,quote_verified,missing,not_disclosed,not_disclosed,not_disclosed,not_disclosed,quote_verified,quote_verified,quote_verified,not_disclosed,not_disclosed,quote_verified,structural,structural,imputed,imputed
MLM,Martin Marietta Materials,Materials,Construction Materials,structural,structural,structural,not_disclosed,structural,structural,structural,structural,structural,structural,structural,structural,structural,not_disclosed,structural,structural,structural,structural,structural,not_disclosed,structural,structural,structural,quote_verified,quote_verified,quote_verified,missing,not_disclosed,not_disclosed,not_disclosed,not_disclosed,quote_verified,quote_verified,quote_verified,quote_verified,quote_verified,quote_verified,structural,structural,imputed,imputed
MMM,3M,Industrials,Industrial Conglomerates,structural,structural,structural,not_disclosed,structural,structural,structural,structural,structural,structural,structural,structural,structural,not_disclosed,structural,structural,structural,structural,structural,structural,structural,structural,structural,quote_verified,quote_verified,quote_verified,structural,not_disclosed,not_disclosed,not_disclosed,not_disclosed,quote_verified,structural,quote_verified,not_disclosed,not_disclosed,quote_verified,structural,structural,not_disclosed,not_disclosed
MNST,Monster Beverage,Consumer Staples,Soft Drinks & Non-alcoholic Beverages,structural,structural,structural,not_disclosed,structural,structural,structural,structural,structural,not_disclosed,not_disclosed,structural,structural,not_disclosed,structural,structural,structural,structural,structural,not_disclosed,structural,structural,not_disclosed,not_disclosed,not_disclosed,not_disclosed,missing,not_disclosed,not_disclosed,not_disclosed,not_disclosed,quote_verified,quote_verified,quote_verified,not_disclosed,not_disclosed,quote_verified,structural,not_disclosed,imputed,imputed
MO,Altria,Consumer Staples,Tobacco,structural,structural,structural,not_disclosed,structural,structural,structural,structural,structural,structural,structural,structural,structural,not_disclosed,structural,structural,structural,structural,structural,structural,structural,structural,structural,quote_verified,quote_verified,quote_verified,missing,not_disclosed,not_disclosed,not_disclosed,not_disclosed,quote_verified,quote_verified,quote_verified,quote_verified,quote_verified,structural,structural,structural,imputed,imputed
MOS,Mosaic Company (The),Materials,Fertilizers & Agricultural Chemicals,structural,structural,structural,not_disclosed,structural,structural,structural,structural,structural,structural,structural,structural,structural,not_disclosed,structural,structural,structural,structural,structural,not_disclosed,structural,not_disclosed,not_disclosed,not_disclosed,not_disclosed,not_disclosed,missing,not_disclosed,quote_verified,not_disclosed,not_disclosed,quote_verified,structural,quote_verified,not_disclosed,not_disclosed,structural,structural,structural,imputed,imputed
MPC,Marathon Petroleum,Energy,Oil & Gas Refining & Marketing,structural,structural,not_disclosed,not_disclosed,structural,structural,structural,structural,structural,structural,structural,structural,structural,not_disclosed,structural,structural,structural,structural,structural,not_disclosed,structural,not_disclosed,not_disclosed,not_disclosed,not_disclosed,not_disclosed,missing,not_disclosed,not_disclosed,not_disclosed,not_disclosed,quote_verified,quote_verified,not_disclosed,quote_verified,quote_verified,quote_verified,structural,structural,imputed,imputed
MPWR,Monolithic Power Systems,Information Technology,Semiconductors,structural,structural,structural,not_disclosed,structural,structural,structural,structural,structural,not_disclosed,not_disclosed,structural,structural,not_disclosed,structural,structural,structural,structural,structural,not_disclosed,structural,not_disclosed,not_disclosed,not_disclosed,not_disclosed,not_disclosed,missing,not_disclosed,not_disclosed,not_disclosed,quote_verified,quote_verified,quote_verified,quote_verified,not_disclosed,not_disclosed,quote_verified,structural,structural,imputed,imputed
MRK,Merck & Co.,Health Care,Pharmaceuticals,structural,structural,structural,not_disclosed,structural,structural,structural,structural,structural,structural,structural,structural,structural,not_disclosed,structural,structural,not_disclosed,structural,structural,structural,structural,not_disclosed,not_disclosed,not_disclosed,not_disclosed,not_disclosed,missing,not_disclosed,not_disclosed,not_disclosed,not_disclosed,quote_verified,quote_verified,quote_verified,quote_verified,quote_verified,quote_verified,structural,structural,imputed,imputed
MRNA,Moderna,Health Care,Biotechnology,structural,structural,structural,not_disclosed,structural,structural,structural,structural,structural,not_disclosed,not_disclosed,structural,structural,not_disclosed,structural,structural,structural,structural,structural,structural,structural,structural,structural,quote_verified,quote_verified,quote_verified,missing,not_disclosed,not_disclosed,not_disclosed,not_disclosed,quote_verified,quote_verified,quote_verified,not_disclosed,not_disclosed,quote_verified,structural,not_disclosed,imputed,imputed
MRSH,Marsh McLennan,Financials,Insurance Brokers,structural,structural,not_disclosed,not_disclosed,structural,structural,structural,structural,structural,not_disclosed,not_disclosed,structural,not_disclosed,not_disclosed,structural,structural,structural,structural,structural,not_disclosed,structural,structural,structural,quote_verified,quote_verified,quote_verified,missing,not_disclosed,not_disclosed,not_disclosed,not_disclosed,quote_verified,quote_verified,quote_verified,not_disclosed,not_disclosed,structural,structural,structural,imputed,imputed
MRVL,Marvell Technology,Information Technology,Semiconductors,structural,structural,not_disclosed,not_disclosed,structural,structural,structural,structural,structural,not_disclosed,not_disclosed,structural,structural,not_disclosed,structural,structural,structural,structural,structural,structural,structural,structural,quote_verified,quote_verified,quote_verified,quote_verified,missing,not_disclosed,not_disclosed,not_disclosed,quote_verified,quote_verified,quote_verified,quote_verified,not_disclosed,not_disclosed,quote_verified,structural,structural,imputed,imputed
MS,Morgan Stanley,Financials,Investment Banking & Brokerage,structural,structural,not_disclosed,not_disclosed,structural,structural,structural,structural,structural,structural,structural,structural,not_disclosed,not_disclosed,structural,structural,structural,not_disclosed,not_disclosed,not_disclosed,structural,not_disclosed,not_disclosed,not_disclosed,not_disclosed,not_disclosed,missing,quote_verified,not_disclosed,not_disclosed,not_disclosed,quote_verified,quote_verified,quote_verified,not_disclosed,not_disclosed,quote_verified,not_disclosed,structural,imputed,imputed
MSCI,MSCI,Financials,Financial Exchanges & Data,structural,structural,structural,not_disclosed,structural,structural,structural,structural,structural,not_disclosed,not_disclosed,structural,not_disclosed,not_disclosed,structural,structural,structural,structural,structural,structural,structural,structural,structural,quote_verified,quote_verified,quote_verified,missing,not_disclosed,not_disclosed,not_disclosed,not_disclosed,quote_verified,quote_verified,quote_verified,not_disclosed,not_disclosed,quote_verified,structural,structural,imputed,imputed
MSFT,Microsoft,Information Technology,Systems Software,structural,structural,structural,not_disclosed,structural,structural,structural,structural,structural,not_disclosed,not_disclosed,structural,structural,not_disclosed,structural,structural,structural,structural,structural,structural,structural,structural,structural,not_disclosed,not_disclosed,not_disclosed,missing,not_disclosed,not_disclosed,not_disclosed,not_disclosed,quote_verified,quote_verified,quote_verified,quote_verified,quote_verified,quote_verified,structural,structural,imputed,imputed
MSI,Motorola Solutions,Information Technology,Communications Equipment,structural,structural,structural,not_disclosed,structural,structural,structural,structural,structural,not_disclosed,not_disclosed,structural,structural,not_disclosed,structural,structural,structural,structural,structural,structural,structural,not_disclosed,not_disclosed,not_disclosed,not_disclosed,not_disclosed,missing,not_disclosed,not_disclosed,not_disclosed,quote_verified,quote_verified,quote_verified,quote_verified,quote_verified,quote_verified,quote_verified,structural,structural,imputed,imputed
MTB,M&T Bank,Financials,Regional Banks,structural,structural,structural,not_disclosed,structural,structural,structural,structural,structural,not_disclosed,not_disclosed,structural,not_disclosed,not_disclosed,structural,structural,structural,structural,structural,not_disclosed,structural,not_disclosed,not_disclosed,not_disclosed,not_disclosed,not_disclosed,missing,quote_verified,not_disclosed,not_disclosed,not_disclosed,quote_verified,quote_verified,quote_verified,not_disclosed,not_disclosed,quote_verified,structural,structural,imputed,imputed
MTD,Mettler Toledo,Health Care,Life Sciences Tools & Services,structural,structural,not_disclosed,not_disclosed,structural,structural,structural,structural,structural,not_disclosed,not_disclosed,structural,not_disclosed,not_disclosed,structural,structural,not_disclosed,structural,structural,structural,structural,structural,structural,not_disclosed,not_disclosed,not_disclosed,missing,quote_verified,not_disclosed,not_disclosed,not_disclosed,quote_verified,quote_verified,quote_verified,not_disclosed,not_disclosed,structural,structural,not_disclosed,imputed,imputed
MU,Micron Technology,Information Technology,Semiconductors,structural,structural,structural,not_disclosed,structural,structural,structural,structural,structural,structural,structural,structural,structural,not_disclosed,structural,structural,structural,structural,structural,structural,structural,not_disclosed,not_disclosed,not_disclosed,not_disclosed,not_disclosed,missing,not_disclosed,not_disclosed,not_disclosed,not_disclosed,quote_verified,quote_verified,quote_verified,quote_verified,quote_verified,quote_verified,structural,structural,imputed,imputed
NCLH,Norwegian Cruise Line Holdings,Consumer Discretionary,"Hotels, Resorts & Cruise Lines",structural,structural,not_disclosed,not_disclosed,structural,structural,structural,structural,structural,not_disclosed,not_disclosed,structural,structural,structural,structural,structural,structural,structural,structural,not_disclosed,structural,not_disclosed,not_disclosed,not_disclosed,not_disclosed,not_disclosed,missing,not_disclosed,not_disclosed,not_disclosed,not_disclosed,quote_verified,quote_verified,not_disclosed,not_disclosed,not_disclosed,quote_verified,not_disclosed,not_disclosed,imputed,imputed
NDAQ,"Nasdaq, Inc.",Financials,Financial Exchanges & Data,structural,structural,structural,not_disclosed,structural,structural,structural,structural,structural,not_disclosed,not_disclosed,structural,structural,not_disclosed,structural,structural,structural,structural,structural,not_disclosed,structural,structural,structural,quote_verified,quote_verified,quote_verified,missing,not_disclosed,not_disclosed,not_disclosed,not_disclosed,quote_verified,quote_verified,quote_verified,quote_verified,quote_verified,quote_verified,structural,structural,imputed,imputed
NDSN,Nordson Corporation,Industrials,Industrial Machinery & Supplies & Components,structural,structural,structural,not_disclosed,structural,structural,structural,structural,structural,not_disclosed,not_disclosed,structural,structural,not_disclosed,structural,structural,structural,structural,structural,structural,structural,not_disclosed,not_disclosed,not_disclosed,not_disclosed,not_disclosed,missing,not_disclosed,not_disclosed,not_disclosed,not_disclosed,quote_verified,quote_verified,quote_verified,not_disclosed,not_disclosed,structural,structural,structural,imputed,imputed
NEE,NextEra Energy,Utilities,Multi-Utilities,structural,structural,structural,not_disclosed,structural,structural,structural,structural,structural,structural,structural,structural,not_disclosed,not_disclosed,structural,structural,structural,not_disclosed,not_disclosed,not_disclosed,structural,not_disclosed,not_disclosed,not_disclosed,not_disclosed,not_disclosed,missing,not_disclosed,not_disclosed,not_disclosed,quote_verified,quote_verified,quote_verified,quote_verified,quote_verified,quote_verified,quote_verified,not_disclosed,structural,imputed,imputed
NEM,Newmont,Materials,Gold,structural,structural,structural,not_disclosed,structural,structural,structural,structural,structural,structural,structural,structural,not_disclosed,not_disclosed,structural,structural,structural,structural,structural,structural,structural,structural,structural,quote_verified,quote_verified,quote_verified,missing,not_disclosed,quote_verified,quote_verified,quote_verified,quote_verified,quote_verified,quote_verified,not_disclosed,not_disclosed,quote_verified,structural,structural,imputed,imputed
NFLX,Netflix,Communication Services,Movies & Entertainment,structural,structural,structural,not_disclosed,structural,structural,structural,structural,structural,not_disclosed,not_disclosed,structural,structural,not_disclosed,structural,structural,structural,structural,structural,structural,structural,structural,structural,quote_verified,quote_verified,quote_verified,missing,not_disclosed,not_disclosed,not_disclosed,not_disclosed,quote_verified,quote_verified,quote_verified,not_disclosed,not_disclosed,quote_verified,structural,not_disclosed,imputed,imputed
NI,NiSource,Utilities,Multi-Utilities,structural,structural,structural,not_disclosed,structural,structural,structural,structural,structural,structural,structural,structural,not_disclosed,not_disclosed,structural,structural,structural,structural,structural,not_disclosed,structural,not_disclosed,not_disclosed,not_disclosed,not_disclosed,not_disclosed,missing,quote_verified,not_disclosed,not_disclosed,quote_verified,quote_verified,quote_verified,quote_verified,not_disclosed,not_disclosed,quote_verified,not_disclosed,structural,imputed,imputed
NKE,"Nike, Inc.",Consumer Discretionary,"Apparel, Accessories & Luxury Goods",structural,structural,not_disclosed,not_disclosed,structural,structural,structural,structural,structural,not_disclosed,not_disclosed,structural,structural,not_disclosed,structural,structural,structural,structural,structural,not_disclosed,structural,structural,structural,quote_verified,quote_verified,quote_verified,missing,not_disclosed,not_disclosed,not_disclosed,not_disclosed,quote_verified,quote_verified,quote_verified,not_disclosed,not_disclosed,quote_verified,structural,structural,imputed,imputed
NOC,Northrop Grumman,Industrials,Aerospace & Defense,structural,structural,structural,not_disclosed,structural,structural,structural,structural,structural,structural,structural,structural,not_disclosed,not_disclosed,structural,structural,structural,structural,structural,structural,structural,not_disclosed,not_disclosed,not_disclosed,not_disclosed,not_disclosed,missing,not_disclosed,quote_verified,quote_verified,not_disclosed,quote_verified,structural,quote_verified,not_disclosed,not_disclosed,quote_verified,structural,structural,imputed,imputed
NOW,ServiceNow,Information Technology,Systems Software,structural,structural,structural,not_disclosed,structural,structural,structural,structural,structural,not_disclosed,not_disclosed,structural,structural,not_disclosed,structural,structural,structural,structural,structural,structural,structural,structural,structural,quote_verified,quote_verified,quote_verified,missing,not_disclosed,not_disclosed,not_disclosed,not_disclosed,quote_verified,structural,quote_verified,not_disclosed,not_disclosed,quote_verified,structural,not_disclosed,imputed,imputed
NRG,NRG Energy,Utilities,Independent Power Producers & Energy Traders,structural,structural,structural,not_disclosed,structural,structural,structural,structural,structural,structural,structural,structural,not_disclosed,not_disclosed,structural,structural,structural,structural,structural,not_disclosed,structural,structural,structural,not_disclosed,not_disclosed,not_disclosed,missing,not_disclosed,not_disclosed,not_disclosed,quote_verified,quote_verified,quote_verified,quote_verified,not_disclosed,not_disclosed,quote_verified,structural,structural,imputed,imputed
NSC,Norfolk Southern,Industrials,Rail Transportation,structural,structural,structural,not_disclosed,structural,structural,structural,structural,structural,not_disclosed,not_disclosed,structural,not_disclosed,structural,structural,structural,structural,structural,structural,not_disclosed,structural,structural,structural,quote_verified,quote_verified,quote_verified,missing,not_disclosed,not_disclosed,not_disclosed,not_disclosed,quote_verified,quote_verified,quote_verified,quote_verified,quote_verified,quote_verified,structural,structural,imputed,imputed
NTAP,NetApp,Information Technology,"Technology Hardware, Storage & Peripherals",structural,structural,structural,not_disclosed,structural,structural,structural,structural,structural,not_disclosed,not_disclosed,structural,structural,not_disclosed,structural,structural,structural,structural,structural,structural,structural,structural,quote_verified,quote_verified,quote_verified,quote_verified,missing,not_disclosed,not_disclosed,not_disclosed,not_disclosed,quote_verified,structural,quote_verified,not_disclosed,not_disclosed,structural,structural,structural,imputed,imputed
NTRS,Northern Trust,Financials,Asset Management & Custody Banks,structural,structural,not_disclosed,not_disclosed,structural,structural,structural,structural,structural,not_disclosed,not_disclosed,structural,not_disclosed,not_disclosed,structural,structural,structural,structural,structural,not_disclosed,structural,structural,not_disclosed,not_disclosed,not_disclosed,not_disclosed,missing,not_disclosed,not_disclosed,not_disclosed,not_disclosed,quote_verified,quote_verified,quote_verified,not_disclosed,not_disclosed,quote_verified,structural,structural,imputed,imputed
NUE,Nucor,Materials,Steel,structural,structural,structural,not_disclosed,structural,structural,structural,structural,structural,structural,structural,structural,structural,not_disclosed,structural,structural,not_disclosed,structural,structural,not_disclosed,structural,not_disclosed,not_disclosed,not_disclosed,not_disclosed,not_disclosed,missing,not_disclosed,not_disclosed,not_disclosed,not_disclosed,quote_verified,quote_verified,quote_verified,not_disclosed,not_disclosed,quote_verified,structural,structural,imputed,imputed
NVDA,Nvidia,Information Technology,Semiconductors,structural,structural,structural,not_disclosed,structural,structural,structural,structural,structural,not_disclosed,not_disclosed,structural,structural,not_disclosed,structural,structural,structural,structural,structural,structural,structural,structural,quote_verified,quote_verified,quote_verified,quote_verified,missing,not_disclosed,not_disclosed,not_disclosed,not_disclosed,quote_verified,quote_verified,quote_verified,not_disclosed,not_disclosed,quote_verified,structural,structural,imputed,imputed
NVR,"NVR, Inc.",Consumer Discretionary,Homebuilding,structural,structural,structural,not_disclosed,structural,structural,structural,structural,structural,not_disclosed,not_disclosed,structural,not_disclosed,not_disclosed,structural,not_disclosed,not_disclosed,structural,structural,not_disclosed,structural,not_disclosed,not_disclosed,not_disclosed,not_disclosed,not_disclosed,missing,not_disclosed,not_disclosed,not_disclosed,not_disclosed,quote_verified,structural,quote_verified,not_disclosed,not_disclosed,quote_verified,structural,not_disclosed,imputed,imputed
NWS,News Corp (Class B),Communication Services,Publishing,structural,structural,not_disclosed,not_disclosed,structural,structural,structural,structural,structural,not_disclosed,not_disclosed,structural,not_disclosed,not_disclosed,structural,structural,structural,structural,structural,not_disclosed,structural,structural,not_disclosed,not_disclosed,not_disclosed,not_disclosed,missing,not_disclosed,not_disclosed,not_disclosed,not_disclosed,quote_verified,quote_verified,quote_verified,not_disclosed,not_disclosed,quote_verified,structural,structural,imputed,imputed
NXPI,NXP Semiconductors,Information Technology,Semiconductors,structural,structural,not_disclosed,not_disclosed,structural,structural,structural,structural,structural,not_disclosed,not_disclosed,not_disclosed,structural,not_disclosed,structural,structural,structural,structural,structural,structural,structural,structural,structural,not_disclosed,not_disclosed,not_disclosed,missing,not_disclosed,quote_verified,quote_verified,quote_verified,quote_verified,quote_verified,quote_verified,not_disclosed,not_disclosed,structural,structural,structural,imputed,imputed
O,Realty Income,Real Estate,Retail REITs,structural,structural,structural,not_disclosed,structural,structural,structural,structural,structural,not_disclosed,not_disclosed,structural,not_disclosed,not_disclosed,structural,structural,structural,not_disclosed,not_disclosed,not_disclosed,structural,not_disclosed,not_disclosed,not_disclosed,not_disclosed,not_disclosed,missing,not_disclosed,quote_verified,quote_verified,not_disclosed,quote_verified,quote_verified,quote_verified,not_disclosed,not_disclosed,quote_verified,not_disclosed,structural,imputed,imputed
ODFL,Old Dominion,Industrials,Cargo Ground Transportation,structural,structural,not_disclosed,not_disclosed,structural,structural,structural,structural,structural,not_disclosed,not_disclosed,structural,not_disclosed,not_disclosed,structural,structural,structural,structural,structural,not_disclosed,structural,not_disclosed,not_disclosed,not_disclosed,not_disclosed,not_disclosed,missing,not_disclosed,not_disclosed,not_disclosed,not_disclosed,quote_verified,quote_verified,quote_verified,quote_verified,quote_verified,quote_verified,structural,structural,imputed,imputed
OKE,Oneok,Energy,Oil & Gas Storage & Transportation,structural,structural,structural,not_disclosed,structural,structural,structural,structural,structural,structural,structural,structural,structural,not_disclosed,structural,structural,structural,structural,structural,not_disclosed,structural,not_disclosed,not_disclosed,not_disclosed,not_disclosed,not_disclosed,missing,not_disclosed,not_disclosed,not_disclosed,quote_verified,quote_verified,quote_verified,quote_verified,quote_verified,quote_verified,quote_verified,structural,structural,imputed,imputed
OMC,Omnicom Group,Communication Services,Advertising,structural,structural,structural,not_disclosed,structural,structural,structural,structural,structural,not_disclosed,not_disclosed,structural,structural,not_disclosed,structural,structural,structural,structural,structural,not_disclosed,structural,structural,structural,quote_verified,quote_verified,quote_verified,missing,quote_verified,not_disclosed,not_disclosed,not_disclosed,quote_verified,quote_verified,not_disclosed,not_disclosed,not_disclosed,quote_verified,structural,structural,imputed,imputed
ON,ON Semiconductor,Information Technology,Semiconductors,structural,structural,structural,not_disclosed,structural,structural,structural,structural,structural,not_disclosed,not_disclosed,structural,structural,not_disclosed,structural,structural,structural,structural,structural,not_disclosed,structural,not_disclosed,not_disclosed,not_disclosed,not_disclosed,not_disclosed,missing,not_disclosed,not_disclosed,not_disclosed,not_disclosed,quote_verified,quote_verified,quote_verified,not_disclosed,not_disclosed,structural,structural,not_disclosed,imputed,imputed
ORCL,Oracle Corporation,Information Technology,Application Software,structural,structural,structural,not_disclosed,structural,structural,structural,structural,structural,not_disclosed,not_disclosed,structural,not_disclosed,not_disclosed,structural,structural,structural,structural,structural,structural,structural,not_disclosed,not_disclosed,not_disclosed,not_disclosed,not_disclosed,missing,not_disclosed,not_disclosed,not_disclosed,not_disclosed,quote_verified,structural,quote_verified,not_disclosed,not_disclosed,quote_verified,structural,structural,imputed,imputed
ORLY,O'Reilly Automotive,Consumer Discretionary,Automotive Retail,structural,structural,structural,not_disclosed,structural,structural,structural,structural,structural,not_disclosed,not_disclosed,structural,structural,not_disclosed,structural,structural,structural,structural,structural,not_disclosed,structural,not_disclosed,not_disclosed,not_disclosed,not_disclosed,not_disclosed,missing,not_disclosed,not_disclosed,not_disclosed,not_disclosed,quote_verified,structural,not_disclosed,not_disclosed,not_disclosed,quote_verified,structural,not_disclosed,imputed,imputed
OTIS,Otis Worldwide,Industrials,Industrial Machinery & Supplies & Components,structural,structural,structural,not_disclosed,structural,structural,structural,structural,structural,not_disclosed,not_disclosed,structural,not_disclosed,not_disclosed,structural,structural,structural,structural,structural,structural,structural,structural,structural,quote_verified,quote_verified,quote_verified,missing,not_disclosed,not_disclosed,not_disclosed,not_disclosed,quote_verified,quote_verified,quote_verified,quote_verified,quote_verified,quote_verified,structural,structural,imputed,imputed
OXY,Occidental Petroleum,Energy,Oil & Gas Exploration & Production,structural,structural,structural,not_disclosed,structural,structural,structural,structural,structural,structural,structural,structural,structural,not_disclosed,structural,structural,structural,structural,structural,not_disclosed,structural,not_disclosed,not_disclosed,not_disclosed,not_disclosed,not_disclosed,missing,quote_verified,not_disclosed,not_disclosed,not_disclosed,quote_verified,quote_verified,quote_verified,not_disclosed,not_disclosed,structural,structural,structural,imputed,imputed
PANW,Palo Alto Networks,Information Technology,Systems Software,structural,structural,structural,not_disclosed,structural,structural,structural,structural,structural,not_disclosed,not_disclosed,structural,structural,not_disclosed,structural,structural,structural,structural,structural,structural,structural,structural,quote_verified,quote_verified,quote_verified,quote_verified,missing,not_disclosed,not_disclosed,not_disclosed,not_disclosed,quote_verified,quote_verified,quote_verified,not_disclosed,not_disclosed,quote_verified,structural,not_disclosed,imputed,imputed
PAYX,Paychex,Industrials,Human Resource & Employment Services,structural,structural,structural,not_disclosed,structural,structural,structural,structural,structural,not_disclosed,not_disclosed,structural,structural,not_disclosed,structural,structural,structural,structural,structural,not_disclosed,structural,not_disclosed,not_disclosed,not_disclosed,not_disclosed,not_disclosed,missing,not_disclosed,not_disclosed,not_disclosed,not_disclosed,quote_verified,structural,quote_verified,not_disclosed,not_disclosed,quote_verified,structural,structural,imputed,imputed
PCAR,Paccar,Industrials,Construction Machinery & Heavy Transportation Equipment,structural,structural,structural,not_disclosed,structural,structural,structural,structural,structural,not_disclosed,not_disclosed,structural,structural,not_disclosed,structural,structural,structural,structural,structural,structural,structural,structural,structural,quote_verified,quote_verified,quote_verified,missing,not_disclosed,not_disclosed,not_disclosed,not_disclosed,quote_verified,quote_verified,quote_verified,not_disclosed,not_disclosed,quote_verified,structural,structural,imputed,imputed
PCG,PG&E Corporation,Utilities,Multi-Utilities,structural,structural,structural,not_disclosed,structural,structural,structural,structural,structural,structural,structural,structural,not_disclosed,not_disclosed,structural,structural,structural,structural,structural,not_disclosed,structural,structural,not_disclosed,not_disclosed,not_disclosed,not_disclosed,missing,not_disclosed,not_disclosed,not_disclosed,not_disclosed,quote_verified,quote_verified,quote_verified,not_disclosed,not_disclosed,quote_verified,not_disclosed,structural,imputed,imputed
PEG,Public Service Enterprise Group,Utilities,Electric Utilities,structural,structural,structural,not_disclosed,structural,structural,structural,structural,structural,structural,structural,structural,not_disclosed,not_disclosed,structural,structural,structural,structural,structural,not_disclosed,structural,not_disclosed,not_disclosed,not_disclosed,not_disclosed,not_disclosed,missing,quote_verified,not_disclosed,not_disclosed,not_disclosed,quote_verified,quote_verified,quote_verified,not_disclosed,not_disclosed,quote_verified,structural,structural,imputed,imputed
PEP,PepsiCo,Consumer Staples,Soft Drinks & Non-alcoholic Beverages,structural,structural,structural,not_disclosed,structural,structural,structural,structural,structural,structural,structural,structural,structural,not_disclosed,structural,structural,structural,structural,structural,structural,structural,structural,structural,quote_verified,quote_verified,quote_verified,missing,not_disclosed,not_disclosed,not_disclosed,not_disclosed,quote_verified,quote_verified,quote_verified,quote_verified,quote_verified,structural,structural,structural,imputed,imputed
PFE,Pfizer,Health Care,Pharmaceuticals,structural,structural,structural,not_disclosed,structural,structural,structural,structural,structural,structural,structural,structural,structural,not_disclosed,structural,structural,structural,structural,structural,not_disclosed,structural,structural,structural,quote_verified,quote_verified,quote_verified,missing,not_disclosed,not_disclosed,not_disclosed,not_disclosed,quote_verified,structural,quote_verified,not_disclosed,not_disclosed,quote_verified,structural,not_disclosed,imputed,imputed
PFG,Principal Financial Group,Financials,Life & Health Insurance,structural,structural,structural,not_disclosed,structural,structural,structural,structural,structural,not_disclosed,not_disclosed,structural,not_disclosed,not_disclosed,structural,not_disclosed,not_disclosed,not_disclosed,not_disclosed,not_disclosed,structural,structural,not_disclosed,not_disclosed,not_disclosed,not_disclosed,missing,not_disclosed,not_disclosed,not_disclosed,not_disclosed,quote_verified,quote_verified,quote_verified,not_disclosed,not_disclosed,quote_verified,structural,structural,imputed,imputed
PG,Procter & Gamble,Consumer Staples,Personal Care Products,structural,structural,structural,not_disclosed,structural,structural,structural,structural,structural,structural,structural,structural,structural,not_disclosed,structural,structural,structural,structural,structural,structural,structural,structural,quote_verified,quote_verified,quote_verified,quote_verified,missing,not_disclosed,not_disclosed,not_disclosed,not_disclosed,quote_verified,quote_verified,quote_verified,not_disclosed,not_disclosed,quote_verified,structural,structural,imputed,imputed
PGR,Progressive Corporation,Financials,Property & Casualty Insurance,structural,structural,structural,not_disclosed,structural,structural,structural,structural,structural,not_disclosed,not_disclosed,structural,not_disclosed,not_disclosed,structural,structural,not_disclosed,structural,structural,not_disclosed,structural,not_disclosed,not_disclosed,not_disclosed,not_disclosed,not_disclosed,missing,quote_verified,quote_verified,quote_verified,quote_verified,quote_verified,quote_verified,quote_verified,not_disclosed,not_disclosed,quote_verified,not_disclosed,structural,imputed,imputed
PH,Parker Hannifin,Industrials,Industrial Machinery & Supplies & Components,structural,structural,structural,not_disclosed,structural,structural,structural,structural,structural,not_disclosed,not_disclosed,structural,structural,not_disclosed,structural,structural,structural,structural,structural,structural,structural,structural,quote_verified,quote_verified,quote_verified,quote_verified,missing,not_disclosed,not_disclosed,not_disclosed,not_disclosed,quote_verified,structural,quote_verified,not_disclosed,not_disclosed,quote_verified,structural,structural,imputed,imputed
PHM,PulteGroup,Consumer Discretionary,Homebuilding,structural,structural,not_disclosed,not_disclosed,structural,structural,structural,structural,structural,not_disclosed,not_disclosed,structural,not_disclosed,not_disclosed,structural,not_disclosed,not_disclosed,structural,structural,not_disclosed,structural,not_disclosed,not_disclosed,not_disclosed,not_disclosed,not_disclosed,missing,not_disclosed,not_disclosed,not_disclosed,not_disclosed,quote_verified,quote_verified,quote_verified,not_disclosed,not_disclosed,structural,structural,structural,imputed,imputed
PKG,Packaging Corporation of America,Materials,Paper & Plastic Packaging Products & Materials,structural,structural,structural,not_disclosed,structural,structural,structural,structural,structural,structural,structural,structural,structural,not_disclosed,structural,structural,structural,structural,structural,structural,structural,not_disclosed,not_disclosed,not_disclosed,not_disclosed,not_disclosed,missing,not_disclosed,not_disclosed,not_disclosed,not_disclosed,structural,structural,quote_verified,not_disclosed,not_disclosed,structural,structural,structural,imputed,imputed
PLD,Prologis,Real Estate,Industrial REITs,structural,structural,structural,not_disclosed,structural,structural,structural,structural,structural,not_disclosed,not_disclosed,structural,not_disclosed,not_disclosed,structural,structural,structural,not_disclosed,not_disclosed,not_disclosed,structural,structural,structural,quote_verified,quote_verified,quote_verified,missing,not_disclosed,not_disclosed,not_disclosed,not_disclosed,quote_verified,quote_verified,quote_verified,not_disclosed,not_disclosed,quote_verified,not_disclosed,structural,imputed,imputed
PLTR,Palantir Technologies,Information Technology,Application Software,structural,structural,structural,not_disclosed,structural,structural,structural,structural,structural,not_disclosed,not_disclosed,structural,structural,not_disclosed,structural,structural,structural,structural,structural,structural,structural,structural,not_disclosed,not_disclosed,not_disclosed,not_disclosed,missing,not_disclosed,not_disclosed,not_disclosed,not_disclosed,quote_verified,structural,not_disclosed,not_disclosed,not_disclosed,quote_verified,structural,not_disclosed,imputed,imputed
PM,Philip Morris International,Consumer Staples,Tobacco,structural,structural,structural,not_disclosed,structural,structural,structural,structural,structural,not_disclosed,not_disclosed,structural,structural,not_disclosed,structural,structural,structural,structural,structural,structural,structural,structural,structural,quote_verified,quote_verified,quote_verified,missing,not_disclosed,quote_verified,quote_verified,not_disclosed,quote_verified,quote_verified,quote_verified,not_disclosed,not_disclosed,quote_verified,structural,structural,imputed,imputed
PNC,PNC Financial Services,Financials,Diversified Banks,structural,structural,structural,not_disclosed,structural,structural,structural,structural,structural,not_disclosed,not_disclosed,structural,not_disclosed,not_disclosed,structural,structural,structural,not_disclosed,not_disclosed,not_disclosed,structural,not_disclosed,not_disclosed,not_disclosed,not_disclosed,not_disclosed,missing,not_disclosed,not_disclosed,not_disclosed,not_disclosed,quote_verified,quote_verified,quote_verified,not_disclosed,not_disclosed,quote_verified,structural,structural,imputed,imputed
PNR,Pentair,Industrials,Industrial Machinery & Supplies & Components,structural,structural,structural,not_disclosed,structural,structural,structural,structural,structural,not_disclosed,not_disclosed,not_disclosed,structural,not_disclosed,structural,structural,not_disclosed,structural,structural,structural,structural,not_disclosed,not_disclosed,not_disclosed,not_disclosed,not_disclosed,missing,not_disclosed,not_disclosed,not_disclosed,not_disclosed,quote_verified,quote_verified,quote_verified,not_disclosed,not_disclosed,structural,structural,structural,imputed,imputed
PNW,Pinnacle West Capital,Utilities,Multi-Utilities,structural,structural,structural,not_disclosed,structural,structural,structural,structural,structural,structural,structural,structural,not_disclosed,not_disclosed,structural,structural,structural,structural,structural,not_disclosed,structural,not_disclosed,not_disclosed,not_disclosed,not_disclosed,not_disclosed,missing,not_disclosed,not_disclosed,not_disclosed,not_disclosed,quote_verified,structural,quote_verified,quote_verified,quote_verified,quote_verified,structural,structural,imputed,imputed
PODD,Insulet Corporation,Health Care,Health Care Equipment,structural,structural,structural,not_disclosed,structural,structural,structural,structural,structural,not_disclosed,not_disclosed,structural,structural,not_disclosed,structural,structural,structural,structural,structural,structural,structural,not_disclosed,not_disclosed,not_disclosed,not_disclosed,not_disclosed,missing,not_disclosed,not_disclosed,not_disclosed,not_disclosed,quote_verified,quote_verified,quote_verified,not_disclosed,not_disclosed,quote_verified,structural,not_disclosed,imputed,imputed
PPG,PPG Industries,Materials,Specialty Chemicals,structural,structural,structural,not_disclosed,structural,structural,structural,structural,structural,structural,structural,structural,structural,not_disclosed,structural,structural,structural,structural,structural,structural,structural,structural,structural,quote_verified,quote_verified,quote_verified,missing,not_disclosed,not_disclosed,not_disclosed,not_disclosed,quote_verified,quote_verified,quote_verified,quote_verified,quote_verified,quote_verified,structural,structural,imputed,imputed
PPL,PPL Corporation,Utilities,Electric Utilities,structural,structural,structural,not_disclosed,structural,structural,structural,structural,structural,structural,structural,structural,not_disclosed,structural,structural,structural,structural,structural,structural,not_disclosed,structural,not_disclosed,not_disclosed,not_disclosed,not_disclosed,not_disclosed,missing,quote_verified,not_disclosed,not_disclosed,not_disclosed,quote_verified,structural,quote_verified,not_disclosed,not_disclosed,quote_verified,structural,structural,imputed,imputed
PRU,Prudential Financial,Financials,Life & Health Insurance,structural,structural,structural,not_disclosed,structural,structural,structural,structural,structural,not_disclosed,not_disclosed,structural,not_disclosed,not_disclosed,structural,not_disclosed,not_disclosed,not_disclosed,not_disclosed,not_disclosed,structural,not_disclosed,not_disclosed,not_disclosed,not_disclosed,not_disclosed,missing,quote_verified,not_disclosed,not_disclosed,not_disclosed,quote_verified,structural,quote_verified,not_disclosed,not_disclosed,quote_verified,structural,structural,imputed,imputed
PSA,Public Storage,Real Estate,Self-Storage REITs,structural,structural,structural,not_disclosed,structural,structural,structural,structural,structural,not_disclosed,not_disclosed,structural,not_disclosed,not_disclosed,structural,structural,structural,not_disclosed,not_disclosed,not_disclosed,structural,not_disclosed,not_disclosed,not_disclosed,not_disclosed,not_disclosed,missing,not_disclosed,not_disclosed,not_disclosed,quote_verified,quote_verified,structural,quote_verified,not_disclosed,not_disclosed,quote_verified,structural,not_disclosed,imputed,imputed
PSKY,Paramount Skydance Corporation,Communication Services,Movies & Entertainment,structural,structural,structural,not_disclosed,structural,structural,structural,structural,structural,not_disclosed,not_disclosed,structural,not_disclosed,not_disclosed,structural,structural,structural,structural,structural,not_disclosed,structural,not_disclosed,not_disclosed,not_disclosed,not_disclosed,not_disclosed,missing,not_disclosed,not_disclosed,not_disclosed,not_disclosed,not_disclosed,not_disclosed,not_disclosed,not_disclosed,not_disclosed,not_disclosed,not_disclosed,structural,imputed,imputed
PSX,Phillips 66,Energy,Oil & Gas Refining & Marketing,structural,structural,not_disclosed,not_disclosed,structural,structural,structural,structural,structural,structural,structural,structural,structural,not_disclosed,structural,not_disclosed,not_disclosed,not_disclosed,not_disclosed,structural,structural,not_disclosed,not_disclosed,not_disclosed,not_disclosed,not_disclosed,missing,not_disclosed,not_disclosed,not_disclosed,not_disclosed,quote_verified,quote_verified,quote_verified,not_disclosed,not_disclosed,quote_verified,structural,structural,imputed,imputed
PTC,PTC Inc.,Information Technology,Application Software,structural,structural,structural,not_disclosed,structural,structural,structural,structural,structural,not_disclosed,not_disclosed,structural,structural,not_disclosed,structural,structural,structural,structural,structural,structural,structural,structural,quote_verified,quote_verified,quote_verified,quote_verified,missing,not_disclosed,not_disclosed,not_disclosed,not_disclosed,quote_verified,quote_verified,quote_verified,not_disclosed,not_disclosed,quote_verified,structural,not_disclosed,imputed,imputed
PWR,Quanta Services,Industrials,Construction & Engineering,structural,structural,structural,not_disclosed,structural,structural,structural,structural,structural,not_disclosed,not_disclosed,structural,structural,not_disclosed,structural,structural,structural,structural,structural,not_disclosed,structural,not_disclosed,not_disclosed,not_disclosed,not_disclosed,not_disclosed,missing,not_disclosed,quote_verified,quote_verified,not_disclosed,quote_verified,quote_verified,quote_verified,not_disclosed,not_disclosed,structural,structural,structural,imputed,imputed
PYPL,PayPal,Financials,Transaction & Payment Processing Services,structural,structural,not_disclosed,not_disclosed,structural,structural,structural,structural,structural,not_disclosed,not_disclosed,structural,not_disclosed,not_disclosed,structural,structural,structural,structural,structural,not_disclosed,structural,structural,structural,quote_verified,quote_verified,quote_verified,missing,not_disclosed,not_disclosed,not_disclosed,not_disclosed,quote_verified,quote_verified,quote_verified,quote_verified,quote_verified,quote_verified,structural,structural,imputed,imputed
Q,Qnity Electronics,Information Technology,Semiconductor Materials & Equipment,structural,structural,structural,not_disclosed,structural,structural,structural,structural,structural,not_disclosed,not_disclosed,structural,structural,not_disclosed,structural,structural,structural,structural,structural,structural,structural,not_disclosed,not_disclosed,not_disclosed,not_disclosed,not_disclosed,missing,not_disclosed,not_disclosed,not_disclosed,not_disclosed,quote_verified,quote_verified,not_disclosed,quote_verified,quote_verified,quote_verified,not_disclosed,structural,imputed,imputed
QCOM,Qualcomm,Information Technology,Semiconductors,structural,structural,structural,not_disclosed,structural,structural,structural,structural,structural,structural,structural,structural,structural,not_disclosed,structural,structural,structural,structural,structural,structural,structural,structural,quote_verified,quote_verified,quote_verified,quote_verified,missing,not_disclosed,not_disclosed,not_disclosed,not_disclosed,quote_verified,quote_verified,quote_verified,not_disclosed,not_disclosed,quote_verified,structural,not_disclosed,imputed,imputed
RCL,Royal Caribbean Group,Consumer Discretionary,"Hotels, Resorts & Cruise Lines",structural,structural,not_disclosed,not_disclosed,structural,structural,structural,structural,structural,not_disclosed,not_disclosed,structural,structural,structural,structural,structural,structural,structural,structural,not_disclosed,structural,not_disclosed,not_disclosed,not_disclosed,not_disclosed,not_disclosed,missing,not_disclosed,not_disclosed,not_disclosed,not_disclosed,quote_verified,quote_verified,quote_verified,not_disclosed,not_disclosed,quote_verified,structural,structural,imputed,imputed
RDDT,Reddit,Communication Services,Interactive Media & Services,structural,structural,structural,not_disclosed,structural,structural,structural,structural,structural,not_disclosed,not_disclosed,structural,structural,not_disclosed,structural,structural,structural,structural,structural,structural,structural,not_disclosed,not_disclosed,not_disclosed,not_disclosed,not_disclosed,missing,not_disclosed,not_disclosed,not_disclosed,not_disclosed,quote_verified,structural,not_disclosed,quote_verified,quote_verified,quote_verified,not_disclosed,not_disclosed,imputed,imputed
REG,Regency Centers,Real Estate,Retail REITs,structural,structural,structural,not_disclosed,structural,structural,structural,structural,structural,not_disclosed,not_disclosed,structural,not_disclosed,not_disclosed,structural,structural,structural,not_disclosed,not_disclosed,not_disclosed,structural,structural,structural,not_disclosed,not_disclosed,not_disclosed,missing,not_disclosed,not_disclosed,not_disclosed,not_disclosed,quote_verified,structural,not_disclosed,not_disclosed,not_disclosed,quote_verified,structural,structural,imputed,imputed
REGN,Regeneron Pharmaceuticals,Health Care,Biotechnology,structural,structural,structural,not_disclosed,structural,structural,structural,structural,structural,not_disclosed,not_disclosed,structural,not_disclosed,not_disclosed,structural,structural,structural,structural,structural,structural,structural,not_disclosed,not_disclosed,not_disclosed,not_disclosed,not_disclosed,missing,not_disclosed,not_disclosed,not_disclosed,not_disclosed,quote_verified,quote_verified,quote_verified,not_disclosed,not_disclosed,quote_verified,structural,structural,imputed,imputed
RF,Regions Financial Corporation,Financials,Regional Banks,structural,structural,structural,not_disclosed,structural,structural,structural,structural,structural,not_disclosed,not_disclosed,structural,not_disclosed,not_disclosed,structural,structural,structural,not_disclosed,not_disclosed,not_disclosed,structural,not_disclosed,not_disclosed,not_disclosed,not_disclosed,not_disclosed,missing,not_disclosed,not_disclosed,not_disclosed,not_disclosed,quote_verified,quote_verified,quote_verified,not_disclosed,not_disclosed,quote_verified,structural,structural,imputed,imputed
RJF,Raymond James Financial,Financials,Investment Banking & Brokerage,structural,structural,structural,not_disclosed,structural,structural,structural,structural,structural,not_disclosed,not_disclosed,structural,not_disclosed,not_disclosed,structural,structural,structural,structural,structural,not_disclosed,structural,not_disclosed,not_disclosed,not_disclosed,not_disclosed,not_disclosed,missing,not_disclosed,not_disclosed,not_disclosed,not_disclosed,quote_verified,structural,not_disclosed,not_disclosed,not_disclosed,quote_verified,structural,structural,imputed,imputed
RL,Ralph Lauren Corporation,Consumer Discretionary,"Apparel, Accessories & Luxury Goods",structural,structural,structural,not_disclosed,structural,structural,structural,structural,structural,not_disclosed,not_disclosed,structural,structural,not_disclosed,structural,structural,structural,structural,structural,not_disclosed,structural,structural,not_disclosed,not_disclosed,quote_verified,quote_verified,missing,not_disclosed,not_disclosed,not_disclosed,not_disclosed,quote_verified,quote_verified,quote_verified,not_disclosed,not_disclosed,quote_verified,structural,structural,imputed,imputed
RMD,ResMed|,Health Care,Health Care Equipment,structural,structural,not_disclosed,not_disclosed,structural,structural,structural,structural,structural,not_disclosed,not_disclosed,structural,structural,not_disclosed,structural,structural,structural,structural,structural,structural,structural,structural,not_disclosed,not_disclosed,not_disclosed,not_disclosed,missing,not_disclosed,not_disclosed,not_disclosed,not_disclosed,quote_verified,quote_verified,quote_verified,quote_verified,quote_verified,quote_verified,structural,structural,imputed,imputed
ROK,Rockwell Automation,Industrials,Electrical Components & Equipment,structural,structural,structural,not_disclosed,structural,structural,structural,structural,structural,not_disclosed,not_disclosed,structural,structural,not_disclosed,structural,structural,structural,structural,structural,structural,structural,structural,quote_verified,quote_verified,quote_verified,quote_verified,missing,not_disclosed,not_disclosed,not_disclosed,not_disclosed,quote_verified,quote_verified,not_disclosed,not_disclosed,not_disclosed,quote_verified,structural,structural,imputed,imputed
ROL,"Rollins, Inc.",Industrials,Environmental & Facilities Services,structural,structural,structural,not_disclosed,structural,structural,structural,structural,structural,not_disclosed,not_disclosed,structural,not_disclosed,not_disclosed,structural,structural,structural,structural,structural,not_disclosed,structural,not_disclosed,not_disclosed,not_disclosed,not_disclosed,not_disclosed,missing,not_disclosed,not_disclosed,not_disclosed,not_disclosed,quote_verified,quote_verified,quote_verified,not_disclosed,not_disclosed,quote_verified,structural,structural,imputed,imputed
ROP,Roper Technologies,Information Technology,Electronic Equipment & Instruments,structural,structural,structural,not_disclosed,structural,structural,structural,structural,structural,not_disclosed,not_disclosed,structural,structural,not_disclosed,structural,structural,structural,not_disclosed,not_disclosed,structural,structural,structural,not_disclosed,not_disclosed,not_disclosed,not_disclosed,missing,not_disclosed,not_disclosed,not_disclosed,not_disclosed,quote_verified,quote_verified,quote_verified,not_disclosed,not_disclosed,structural,structural,structural,imputed,imputed
ROST,Ross Stores,Consumer Discretionary,Apparel Retail,structural,structural,structural,not_disclosed,structural,structural,structural,structural,structural,not_disclosed,not_disclosed,structural,structural,not_disclosed,structural,structural,structural,structural,structural,not_disclosed,structural,not_disclosed,not_disclosed,not_disclosed,not_disclosed,not_disclosed,missing,quote_verified,not_disclosed,not_disclosed,not_disclosed,quote_verified,quote_verified,not_disclosed,not_disclosed,not_disclosed,quote_verified,structural,structural,imputed,imputed
RSG,Republic Services,Industrials,Environmental & Facilities Services,structural,structural,structural,not_disclosed,structural,structural,structural,structural,structural,structural,structural,structural,structural,not_disclosed,structural,structural,structural,structural,structural,not_disclosed,structural,structural,structural,not_disclosed,not_disclosed,not_disclosed,missing,not_disclosed,not_disclosed,not_disclosed,not_disclosed,quote_verified,quote_verified,quote_verified,not_disclosed,not_disclosed,structural,structural,structural,imputed,imputed
RTX,RTX Corporation,Industrials,Aerospace & Defense,structural,structural,structural,not_disclosed,structural,structural,structural,structural,structural,structural,structural,structural,not_disclosed,not_disclosed,structural,structural,structural,structural,structural,structural,structural,not_disclosed,not_disclosed,not_disclosed,not_disclosed,not_disclosed,missing,not_disclosed,not_disclosed,not_disclosed,not_disclosed,quote_verified,quote_verified,quote_verified,not_disclosed,not_disclosed,quote_verified,structural,structural,imputed,imputed
RVTY,Revvity,Health Care,Health Care Equipment,structural,structural,structural,not_disclosed,structural,structural,structural,structural,structural,not_disclosed,not_disclosed,structural,not_disclosed,not_disclosed,structural,structural,structural,structural,structural,structural,structural,structural,not_disclosed,not_disclosed,not_disclosed,not_disclosed,missing,not_disclosed,not_disclosed,not_disclosed,not_disclosed,quote_verified,structural,quote_verified,quote_verified,quote_verified,quote_verified,structural,structural,imputed,imputed
SBAC,SBA Communications,Real Estate,Telecom Tower REITs,structural,structural,structural,not_disclosed,structural,structural,structural,structural,structural,not_disclosed,not_disclosed,structural,structural,not_disclosed,structural,structural,structural,structural,structural,not_disclosed,structural,structural,quote_verified,quote_verified,quote_verified,quote_verified,missing,not_disclosed,not_disclosed,not_disclosed,not_disclosed,quote_verified,quote_verified,quote_verified,not_disclosed,not_disclosed,quote_verified,structural,structural,imputed,imputed
SBUX,Starbucks,Consumer Discretionary,Restaurants,structural,structural,structural,not_disclosed,structural,structural,structural,structural,structural,not_disclosed,not_disclosed,structural,not_disclosed,not_disclosed,structural,structural,structural,structural,structural,not_disclosed,structural,structural,not_disclosed,not_disclosed,not_disclosed,not_disclosed,missing,not_disclosed,quote_verified,quote_verified,not_disclosed,quote_verified,structural,not_disclosed,not_disclosed,not_disclosed,quote_verified,structural,structural,imputed,imputed
SCHW,Charles Schwab Corporation,Financials,Investment Banking & Brokerage,structural,structural,structural,not_disclosed,structural,structural,structural,structural,structural,not_disclosed,not_disclosed,structural,not_disclosed,not_disclosed,structural,structural,structural,structural,structural,not_disclosed,structural,not_disclosed,not_disclosed,not_disclosed,not_disclosed,not_disclosed,missing,not_disclosed,not_disclosed,not_disclosed,not_disclosed,quote_verified,quote_verified,quote_verified,not_disclosed,not_disclosed,quote_verified,structural,structural,imputed,imputed
SHW,Sherwin-Williams,Materials,Specialty Chemicals,structural,structural,structural,not_disclosed,structural,structural,structural,structural,structural,not_disclosed,not_disclosed,structural,structural,not_disclosed,structural,structural,structural,structural,structural,not_disclosed,structural,not_disclosed,not_disclosed,not_disclosed,not_disclosed,not_disclosed,missing,not_disclosed,not_disclosed,not_disclosed,not_disclosed,quote_verified,quote_verified,quote_verified,not_disclosed,not_disclosed,quote_verified,not_disclosed,structural,imputed,imputed
SJM,J.M. Smucker Company (The),Consumer Staples,Packaged Foods & Meats,structural,structural,not_disclosed,not_disclosed,structural,structural,structural,structural,structural,structural,structural,structural,structural,not_disclosed,structural,structural,structural,structural,structural,not_disclosed,structural,structural,structural,quote_verified,quote_verified,quote_verified,missing,not_disclosed,not_disclosed,not_disclosed,not_disclosed,quote_verified,structural,quote_verified,not_disclosed,not_disclosed,quote_verified,structural,structural,imputed,imputed
SLB,Schlumberger,Energy,Oil & Gas Equipment & Services,structural,structural,structural,not_disclosed,structural,structural,structural,structural,structural,not_disclosed,not_disclosed,structural,not_disclosed,not_disclosed,structural,structural,structural,structural,structural,structural,structural,not_disclosed,not_disclosed,not_disclosed,not_disclosed,not_disclosed,missing,not_disclosed,not_disclosed,not_disclosed,not_disclosed,quote_verified,quote_verified,quote_verified,not_disclosed,not_disclosed,quote_verified,not_disclosed,structural,imputed,imputed
SMCI,Supermicro,Information Technology,"Technology Hardware, Storage & Peripherals",structural,structural,not_disclosed,not_disclosed,structural,structural,structural,structural,structural,not_disclosed,not_disclosed,structural,structural,not_disclosed,structural,structural,structural,structural,structural,structural,structural,not_disclosed,not_disclosed,not_disclosed,not_disclosed,not_disclosed,missing,not_disclosed,not_disclosed,not_disclosed,not_disclosed,quote_verified,quote_verified,not_disclosed,not_disclosed,not_disclosed,quote_verified,not_disclosed,not_disclosed,imputed,imputed
SNA,Snap-on,Industrials,Industrial Machinery & Supplies & Components,structural,structural,structural,not_disclosed,structural,structural,structural,structural,structural,not_disclosed,not_disclosed,structural,not_disclosed,not_disclosed,structural,structural,structural,not_disclosed,not_disclosed,structural,structural,not_disclosed,not_disclosed,not_disclosed,not_disclosed,not_disclosed,missing,not_disclosed,not_disclosed,not_disclosed,quote_verified,quote_verified,quote_verified,quote_verified,not_disclosed,not_disclosed,quote_verified,structural,structural,imputed,imputed
SNDK,Sandisk,Information Technology,"Technology Hardware, Storage & Peripherals",structural,structural,not_disclosed,not_disclosed,structural,structural,structural,structural,structural,not_disclosed,not_disclosed,structural,structural,not_disclosed,structural,structural,structural,structural,structural,structural,structural,structural,not_disclosed,not_disclosed,not_disclosed,not_disclosed,missing,not_disclosed,not_disclosed,not_disclosed,not_disclosed,quote_verified,quote_verified,quote_verified,quote_verified,quote_verified,quote_verified,structural,not_disclosed,imputed,imputed
SNPS,Synopsys,Information Technology,Application Software,structural,structural,structural,not_disclosed,structural,structural,structural,structural,structural,not_disclosed,not_disclosed,structural,structural,not_disclosed,structural,structural,structural,structural,structural,structural,structural,structural,structural,quote_verified,quote_verified,quote_verified,missing,not_disclosed,not_disclosed,not_disclosed,not_disclosed,quote_verified,quote_verified,quote_verified,not_disclosed,not_disclosed,quote_verified,structural,not_disclosed,imputed,imputed
SO,Southern Company,Utilities,Electric Utilities,structural,structural,structural,not_disclosed,structural,structural,structural,structural,structural,structural,structural,structural,not_disclosed,not_disclosed,structural,structural,structural,structural,structural,not_disclosed,structural,not_disclosed,not_disclosed,not_disclosed,not_disclosed,not_disclosed,missing,not_disclosed,not_disclosed,not_disclosed,not_disclosed,quote_verified,quote_verified,quote_verified,quote_verified,quote_verified,quote_verified,not_disclosed,structural,imputed,imputed
SOLV,Solventum,Health Care,Health Care Technology,structural,structural,structural,not_disclosed,structural,structural,structural,structural,structural,not_disclosed,not_disclosed,structural,not_disclosed,not_disclosed,structural,structural,structural,structural,structural,structural,structural,structural,not_disclosed,not_disclosed,not_disclosed,not_disclosed,missing,not_disclosed,not_disclosed,not_disclosed,not_disclosed,quote_verified,quote_verified,quote_verified,not_disclosed,not_disclosed,quote_verified,not_disclosed,not_disclosed,imputed,imputed
SPG,Simon Property Group,Real Estate,Retail REITs,structural,structural,structural,not_disclosed,structural,structural,structural,structural,structural,not_disclosed,not_disclosed,structural,not_disclosed,not_disclosed,structural,structural,structural,structural,structural,not_disclosed,structural,structural,structural,quote_verified,quote_verified,quote_verified,missing,not_disclosed,not_disclosed,not_disclosed,not_disclosed,quote_verified,structural,quote_verified,not_disclosed,not_disclosed,quote_verified,structural,not_disclosed,imputed,imputed
SPGI,S&P Global,Financials,Financial Exchanges & Data,structural,structural,structural,not_disclosed,structural,structural,structural,structural,structural,not_disclosed,not_disclosed,structural,structural,not_disclosed,structural,structural,structural,structural,structural,not_disclosed,structural,structural,structural,quote_verified,quote_verified,quote_verified,missing,not_disclosed,not_disclosed,not_disclosed,not_disclosed,quote_verified,quote_verified,quote_verified,not_disclosed,not_disclosed,structural,structural,structural,imputed,imputed
SRE,Sempra,Utilities,Multi-Utilities,structural,structural,structural,not_disclosed,structural,structural,structural,structural,structural,not_disclosed,not_disclosed,structural,not_disclosed,not_disclosed,structural,structural,structural,structural,structural,not_disclosed,structural,not_disclosed,not_disclosed,not_disclosed,not_disclosed,not_disclosed,missing,not_disclosed,not_disclosed,not_disclosed,not_disclosed,quote_verified,quote_verified,quote_verified,quote_verified,quote_verified,quote_verified,structural,structural,imputed,imputed
STE,Steris,Health Care,Health Care Equipment,structural,structural,not_disclosed,not_disclosed,structural,structural,structural,structural,structural,not_disclosed,not_disclosed,not_disclosed,structural,not_disclosed,structural,structural,structural,structural,structural,structural,structural,structural,not_disclosed,not_disclosed,not_disclosed,not_disclosed,missing,not_disclosed,not_disclosed,not_disclosed,not_disclosed,quote_verified,structural,not_disclosed,not_disclosed,not_disclosed,quote_verified,structural,structural,imputed,imputed
STLD,Steel Dynamics,Materials,Steel,structural,structural,structural,not_disclosed,structural,structural,structural,structural,structural,structural,structural,structural,structural,not_disclosed,structural,structural,structural,structural,structural,not_disclosed,structural,not_disclosed,not_disclosed,not_disclosed,not_disclosed,not_disclosed,missing,quote_verified,quote_verified,quote_verified,not_disclosed,quote_verified,structural,quote_verified,not_disclosed,not_disclosed,quote_verified,structural,structural,imputed,imputed
STT,State Street Corporation,Financials,Asset Management & Custody Banks,structural,structural,structural,not_disclosed,structural,structural,structural,structural,structural,not_disclosed,not_disclosed,structural,not_disclosed,not_disclosed,structural,structural,not_disclosed,structural,structural,not_disclosed,structural,not_disclosed,not_disclosed,not_disclosed,not_disclosed,not_disclosed,missing,not_disclosed,not_disclosed,not_disclosed,not_disclosed,quote_verified,quote_verified,quote_verified,quote_verified,quote_verified,quote_verified,structural,structural,imputed,imputed
STX,Seagate Technology,Information Technology,"Technology Hardware, Storage & Peripherals",structural,structural,structural,not_disclosed,structural,structural,structural,structural,structural,not_disclosed,not_disclosed,not_disclosed,structural,not_disclosed,structural,structural,structural,structural,structural,structural,structural,structural,not_disclosed,not_disclosed,not_disclosed,not_disclosed,missing,not_disclosed,quote_verified,quote_verified,quote_verified,quote_verified,quote_verified,quote_verified,not_disclosed,not_disclosed,quote_verified,structural,structural,imputed,imputed
STZ,Constellation Brands,Consumer Staples,Distillers & Vintners,structural,structural,structural,not_disclosed,structural,structural,structural,structural,structural,not_disclosed,not_disclosed,structural,structural,not_disclosed,structural,structural,structural,structural,structural,not_disclosed,structural,not_disclosed,not_disclosed,not_disclosed,not_disclosed,not_disclosed,missing,not_disclosed,not_disclosed,not_disclosed,not_disclosed,quote_verified,quote_verified,quote_verified,not_disclosed,not_disclosed,quote_verified,structural,structural,imputed,imputed
SW,Smurfit Westrock,Materials,Paper & Plastic Packaging Products & Materials,structural,structural,not_disclosed,not_disclosed,structural,structural,structural,structural,structural,not_disclosed,not_disclosed,not_disclosed,structural,not_disclosed,structural,structural,structural,structural,structural,not_disclosed,structural,not_disclosed,not_disclosed,not_disclosed,not_disclosed,not_disclosed,missing,quote_verified,not_disclosed,not_disclosed,not_disclosed,quote_verified,quote_verified,quote_verified,quote_verified,quote_verified,quote_verified,structural,structural,imputed,imputed
SWK,Stanley Black & Decker,Industrials,Industrial Machinery & Supplies & Components,structural,structural,structural,not_disclosed,structural,structural,structural,structural,structural,not_disclosed,not_disclosed,structural,structural,not_disclosed,structural,structural,structural,structural,structural,structural,structural,structural,structural,quote_verified,quote_verified,quote_verified,missing,not_disclosed,not_disclosed,not_disclosed,not_disclosed,quote_verified,quote_verified,quote_verified,not_disclosed,not_disclosed,quote_verified,structural,structural,imputed,imputed
SWKS,Skyworks Solutions,Information Technology,Semiconductors,structural,structural,structural,not_disclosed,structural,structural,structural,structural,structural,structural,structural,structural,structural,not_disclosed,structural,structural,structural,structural,structural,structural,structural,not_disclosed,not_disclosed,not_disclosed,not_disclosed,not_disclosed,missing,not_disclosed,not_disclosed,not_disclosed,quote_verified,quote_verified,structural,quote_verified,not_disclosed,not_disclosed,quote_verified,structural,structural,imputed,imputed
SYF,Synchrony Financial,Financials,Consumer Finance,structural,structural,structural,not_disclosed,structural,structural,structural,structural,structural,not_disclosed,not_disclosed,structural,not_disclosed,not_disclosed,not_disclosed,structural,structural,not_disclosed,not_disclosed,not_disclosed,structural,not_disclosed,not_disclosed,not_disclosed,not_disclosed,not_disclosed,missing,not_disclosed,not_disclosed,not_disclosed,not_disclosed,quote_verified,quote_verified,quote_verified,not_disclosed,not_disclosed,quote_verified,structural,structural,imputed,imputed
SYK,Stryker Corporation,Health Care,Health Care Equipment,structural,structural,structural,not_disclosed,structural,structural,structural,structural,structural,not_disclosed,not_disclosed,structural,structural,not_disclosed,structural,structural,structural,structural,structural,structural,structural,structural,not_disclosed,not_disclosed,not_disclosed,not_disclosed,missing,not_disclosed,not_disclosed,not_disclosed,not_disclosed,quote_verified,quote_verified,quote_verified,not_disclosed,not_disclosed,quote_verified,structural,structural,imputed,imputed
SYY,Sysco,Consumer Staples,Food Distributors,structural,structural,not_disclosed,not_disclosed,structural,structural,structural,structural,structural,not_disclosed,not_disclosed,structural,structural,not_disclosed,structural,structural,structural,structural,structural,not_disclosed,structural,structural,structural,quote_verified,quote_verified,quote_verified,missing,not_disclosed,quote_verified,quote_verified,not_disclosed,quote_verified,quote_verified,quote_verified,not_disclosed,not_disclosed,quote_verified,structural,structural,imputed,imputed
T,AT&T,Communication Services,Integrated Telecommunication Services,structural,structural,not_disclosed,not_disclosed,structural,structural,structural,structural,structural,structural,structural,structural,not_disclosed,not_disclosed,structural,structural,structural,structural,structural,not_disclosed,structural,structural,structural,not_disclosed,not_disclosed,not_disclosed,missing,not_disclosed,not_disclosed,not_disclosed,not_disclosed,quote_verified,quote_verified,quote_verified,not_disclosed,not_disclosed,quote_verified,structural,structural,imputed,imputed
TAP,Molson Coors Beverage Company,Consumer Staples,Brewers,structural,structural,structural,not_disclosed,structural,structural,structural,structural,structural,structural,structural,structural,structural,not_disclosed,structural,structural,structural,structural,structural,not_disclosed,structural,not_disclosed,not_disclosed,not_disclosed,not_disclosed,not_disclosed,missing,not_disclosed,not_disclosed,not_disclosed,not_disclosed,quote_verified,quote_verified,quote_verified,not_disclosed,not_disclosed,structural,structural,structural,imputed,imputed
TDG,TransDigm Group,Industrials,Aerospace & Defense,structural,structural,not_disclosed,not_disclosed,structural,structural,structural,structural,structural,not_disclosed,not_disclosed,structural,structural,not_disclosed,structural,structural,structural,structural,structural,structural,structural,not_disclosed,not_disclosed,not_disclosed,not_disclosed,not_disclosed,missing,not_disclosed,not_disclosed,not_disclosed,not_disclosed,quote_verified,structural,not_disclosed,quote_verified,quote_verified,quote_verified,structural,structural,imputed,imputed
TDY,Teledyne Technologies,Information Technology,Electronic Equipment & Instruments,structural,structural,structural,not_disclosed,structural,structural,structural,structural,structural,not_disclosed,not_disclosed,structural,structural,not_disclosed,structural,structural,structural,structural,structural,structural,structural,not_disclosed,not_disclosed,not_disclosed,not_disclosed,not_disclosed,missing,not_disclosed,not_disclosed,not_disclosed,quote_verified,quote_verified,quote_verified,quote_verified,not_disclosed,not_disclosed,quote_verified,structural,not_disclosed,imputed,imputed
TECH,Bio-Techne,Health Care,Life Sciences Tools & Services,structural,structural,structural,not_disclosed,structural,structural,structural,structural,structural,not_disclosed,not_disclosed,structural,structural,not_disclosed,structural,structural,structural,structural,structural,not_disclosed,structural,structural,quote_verified,quote_verified,quote_verified,quote_verified,missing,not_disclosed,quote_verified,quote_verified,not_disclosed,quote_verified,quote_verified,quote_verified,not_disclosed,not_disclosed,quote_verified,structural,structural,imputed,imputed
TEL,TE Connectivity,Information Technology,Electronic Manufacturing Services,structural,structural,structural,not_disclosed,structural,structural,structural,structural,structural,not_disclosed,not_disclosed,not_disclosed,structural,not_disclosed,structural,structural,structural,structural,structural,structural,structural,structural,structural,not_disclosed,not_disclosed,not_disclosed,missing,not_disclosed,quote_verified,quote_verified,not_disclosed,quote_verified,quote_verified,quote_verified,not_disclosed,not_disclosed,structural,structural,structural,imputed,imputed
TER,Teradyne,Information Technology,Semiconductor Materials & Equipment,structural,structural,structural,not_disclosed,structural,structural,structural,structural,structural,not_disclosed,not_disclosed,structural,structural,not_disclosed,structural,structural,structural,structural,structural,not_disclosed,structural,structural,structural,quote_verified,quote_verified,quote_verified,missing,not_disclosed,not_disclosed,not_disclosed,not_disclosed,quote_verified,quote_verified,quote_verified,not_disclosed,not_disclosed,structural,structural,structural,imputed,imputed
TFC,Truist Financial,Financials,Diversified Banks,structural,structural,structural,not_disclosed,structural,structural,structural,structural,structural,not_disclosed,not_disclosed,structural,not_disclosed,not_disclosed,structural,structural,not_disclosed,structural,structural,not_disclosed,structural,not_disclosed,not_disclosed,not_disclosed,not_disclosed,not_disclosed,missing,quote_verified,not_disclosed,not_disclosed,not_disclosed,quote_verified,quote_verified,quote_verified,not_disclosed,not_disclosed,quote_verified,structural,structural,imputed,imputed
TGT,Target Corporation,Consumer Staples,Consumer Staples Merchandise Retail,structural,structural,structural,not_disclosed,structural,structural,structural,structural,structural,not_disclosed,not_disclosed,structural,structural,not_disclosed,structural,structural,structural,structural,structural,not_disclosed,structural,structural,structural,not_disclosed,not_disclosed,not_disclosed,missing,not_disclosed,not_disclosed,not_disclosed,not_disclosed,quote_verified,quote_verified,quote_verified,not_disclosed,not_disclosed,quote_verified,structural,structural,imputed,imputed
TJX,TJX Companies,Consumer Discretionary,Apparel Retail,structural,structural,structural,not_disclosed,structural,structural,structural,structural,structural,not_disclosed,not_disclosed,structural,structural,not_disclosed,structural,structural,structural,structural,structural,not_disclosed,structural,not_disclosed,not_disclosed,not_disclosed,not_disclosed,not_disclosed,missing,not_disclosed,not_disclosed,not_disclosed,not_disclosed,quote_verified,quote_verified,quote_verified,not_disclosed,not_disclosed,quote_verified,structural,structural,imputed,imputed
TKO,TKO Group Holdings,Communication Services,Movies & Entertainment,structural,structural,not_disclosed,not_disclosed,structural,structural,structural,structural,structural,not_disclosed,not_disclosed,structural,not_disclosed,not_disclosed,structural,structural,structural,not_disclosed,not_disclosed,not_disclosed,structural,not_disclosed,not_disclosed,not_disclosed,not_disclosed,not_disclosed,missing,not_disclosed,not_disclosed,not_disclosed,not_disclosed,quote_verified,quote_verified,not_disclosed,not_disclosed,not_disclosed,quote_verified,structural,structural,imputed,imputed
TMO,Thermo Fisher Scientific,Health Care,Life Sciences Tools & Services,structural,structural,structural,not_disclosed,structural,structural,structural,structural,structural,structural,structural,structural,not_disclosed,not_disclosed,structural,structural,structural,structural,structural,structural,structural,structural,structural,quote_verified,quote_verified,quote_verified,missing,not_disclosed,not_disclosed,not_disclosed,not_disclosed,quote_verified,quote_verified,quote_verified,not_disclosed,not_disclosed,quote_verified,structural,structural,imputed,imputed
TMUS,T-Mobile US,Communication Services,Wireless Telecommunication Services,structural,structural,structural,not_disclosed,structural,structural,structural,structural,structural,not_disclosed,not_disclosed,structural,not_disclosed,not_disclosed,structural,structural,structural,structural,structural,not_disclosed,structural,structural,structural,not_disclosed,not_disclosed,not_disclosed,missing,not_disclosed,not_disclosed,not_disclosed,not_disclosed,quote_verified,structural,quote_verified,not_disclosed,not_disclosed,quote_verified,structural,structural,imputed,imputed
TPL,Texas Pacific Land Corporation,Energy,Oil & Gas Exploration & Production,structural,structural,structural,not_disclosed,structural,structural,structural,structural,structural,not_disclosed,not_disclosed,structural,not_disclosed,not_disclosed,structural,structural,structural,structural,structural,not_disclosed,structural,not_disclosed,not_disclosed,not_disclosed,not_disclosed,not_disclosed,missing,not_disclosed,not_disclosed,not_disclosed,not_disclosed,quote_verified,quote_verified,quote_verified,not_disclosed,not_disclosed,quote_verified,structural,structural,imputed,imputed
TPR,"Tapestry, Inc.",Consumer Discretionary,"Apparel, Accessories & Luxury Goods",structural,structural,structural,not_disclosed,structural,structural,structural,structural,structural,not_disclosed,not_disclosed,structural,structural,not_disclosed,structural,structural,structural,structural,structural,not_disclosed,structural,structural,quote_verified,quote_verified,quote_verified,quote_verified,missing,not_disclosed,not_disclosed,not_disclosed,not_disclosed,quote_verified,structural,quote_verified,quote_verified,quote_verified,structural,structural,structural,imputed,imputed
TRGP,Targa Resources,Energy,Oil & Gas Storage & Transportation,structural,structural,structural,not_disclosed,structural,structural,structural,structural,structural,structural,structural,structural,structural,not_disclosed,structural,structural,structural,structural,structural,not_disclosed,structural,not_disclosed,not_disclosed,not_disclosed,not_disclosed,not_disclosed,missing,not_disclosed,not_disclosed,not_disclosed,not_disclosed,quote_verified,quote_verified,quote_verified,not_disclosed,not_disclosed,quote_verified,not_disclosed,not_disclosed,imputed,imputed
TRMB,Trimble Inc.,Information Technology,Application Software,structural,structural,structural,not_disclosed,structural,structural,structural,structural,structural,not_disclosed,not_disclosed,structural,structural,not_disclosed,structural,structural,structural,structural,structural,structural,structural,structural,structural,quote_verified,quote_verified,quote_verified,missing,not_disclosed,not_disclosed,not_disclosed,not_disclosed,quote_verified,quote_verified,not_disclosed,not_disclosed,not_disclosed,structural,structural,not_disclosed,imputed,imputed
TROW,T. Rowe Price,Financials,Asset Management & Custody Banks,structural,structural,structural,not_disclosed,structural,structural,structural,structural,structural,not_disclosed,not_disclosed,structural,not_disclosed,not_disclosed,structural,structural,structural,structural,structural,not_disclosed,structural,not_disclosed,not_disclosed,not_disclosed,not_disclosed,not_disclosed,missing,not_disclosed,quote_verified,quote_verified,quote_verified,quote_verified,quote_verified,quote_verified,not_disclosed,not_disclosed,quote_verified,structural,structural,imputed,imputed
TRV,Travelers Companies (The),Financials,Property & Casualty Insurance,structural,structural,structural,not_disclosed,structural,structural,structural,structural,structural,not_disclosed,not_disclosed,structural,not_disclosed,not_disclosed,structural,structural,structural,not_disclosed,not_disclosed,not_disclosed,structural,not_disclosed,not_disclosed,not_disclosed,not_disclosed,not_disclosed,missing,not_disclosed,not_disclosed,not_disclosed,not_disclosed,quote_verified,structural,quote_verified,not_disclosed,not_disclosed,quote_verified,structural,structural,imputed,imputed
TSCO,Tractor Supply,Consumer Discretionary,Other Specialty Retail,structural,structural,structural,not_disclosed,structural,structural,structural,structural,structural,not_disclosed,not_disclosed,structural,structural,not_disclosed,structural,structural,structural,structural,structural,not_disclosed,structural,structural,not_disclosed,not_disclosed,not_disclosed,not_disclosed,missing,not_disclosed,not_disclosed,not_disclosed,not_disclosed,quote_verified,quote_verified,quote_verified,quote_verified,quote_verified,structural,structural,structural,imputed,imputed
TSLA,"Tesla, Inc.",Consumer Discretionary,Automobile Manufacturers,structural,structural,structural,not_disclosed,structural,structural,structural,structural,structural,structural,structural,structural,structural,not_disclosed,structural,structural,structural,structural,structural,structural,structural,structural,not_disclosed,not_disclosed,not_disclosed,not_disclosed,missing,not_disclosed,not_disclosed,not_disclosed,not_disclosed,quote_verified,quote_verified,not_disclosed,not_disclosed,not_disclosed,structural,not_disclosed,not_disclosed,imputed,imputed
TSN,Tyson Foods,Consumer Staples,Packaged Foods & Meats,structural,structural,structural,not_disclosed,structural,structural,structural,structural,structural,structural,structural,structural,structural,not_disclosed,structural,structural,structural,structural,structural,structural,structural,structural,structural,not_disclosed,quote_verified,quote_verified,missing,not_disclosed,not_disclosed,not_disclosed,not_disclosed,quote_verified,structural,not_disclosed,quote_verified,quote_verified,quote_verified,not_disclosed,structural,imputed,imputed
TT,Trane Technologies,Industrials,Building Products,structural,structural,structural,not_disclosed,structural,structural,structural,structural,structural,not_disclosed,not_disclosed,not_disclosed,not_disclosed,not_disclosed,structural,structural,structural,structural,structural,structural,structural,structural,structural,not_disclosed,not_disclosed,not_disclosed,missing,not_disclosed,quote_verified,quote_verified,not_disclosed,quote_verified,quote_verified,quote_verified,not_disclosed,not_disclosed,quote_verified,structural,structural,imputed,imputed
TTD,Trade Desk (The),Communication Services,Advertising,structural,structural,structural,not_disclosed,structural,structural,structural,structural,structural,not_disclosed,not_disclosed,structural,structural,not_disclosed,structural,structural,structural,structural,structural,structural,structural,not_disclosed,not_disclosed,not_disclosed,not_disclosed,not_disclosed,missing,not_disclosed,not_disclosed,not_disclosed,not_disclosed,quote_verified,structural,not_disclosed,not_disclosed,not_disclosed,quote_verified,structural,not_disclosed,imputed,imputed
TTWO,Take-Two Interactive,Communication Services,Interactive Home Entertainment,structural,structural,not_disclosed,not_disclosed,structural,structural,structural,structural,structural,not_disclosed,not_disclosed,structural,structural,not_disclosed,structural,structural,structural,structural,structural,not_disclosed,structural,not_disclosed,not_disclosed,not_disclosed,not_disclosed,not_disclosed,missing,quote_verified,not_disclosed,not_disclosed,not_disclosed,quote_verified,structural,quote_verified,not_disclosed,not_disclosed,quote_verified,structural,not_disclosed,imputed,imputed
TXN,Texas Instruments,Information Technology,Semiconductors,structural,structural,structural,not_disclosed,structural,structural,structural,structural,structural,structural,structural,structural,structural,not_disclosed,structural,structural,structural,structural,structural,structural,structural,structural,structural,quote_verified,quote_verified,quote_verified,missing,not_disclosed,not_disclosed,not_disclosed,not_disclosed,quote_verified,structural,not_disclosed,not_disclosed,not_disclosed,structural,structural,structural,imputed,imputed
TXT,Textron,Industrials,Aerospace & Defense,structural,structural,structural,not_disclosed,structural,structural,structural,structural,structural,structural,structural,structural,not_disclosed,not_disclosed,structural,structural,structural,structural,structural,structural,structural,not_disclosed,not_disclosed,not_disclosed,not_disclosed,not_disclosed,missing,not_disclosed,not_disclosed,not_disclosed,not_disclosed,quote_verified,quote_verified,quote_verified,quote_verified,quote_verified,structural,structural,structural,imputed,imputed
TYL,Tyler Technologies,Information Technology,Application Software,structural,structural,structural,not_disclosed,structural,structural,structural,structural,structural,not_disclosed,not_disclosed,structural,structural,not_disclosed,structural,structural,structural,structural,structural,not_disclosed,structural,not_disclosed,not_disclosed,not_disclosed,not_disclosed,not_disclosed,missing,not_disclosed,not_disclosed,not_disclosed,not_disclosed,quote_verified,quote_verified,quote_verified,not_disclosed,not_disclosed,quote_verified,structural,not_disclosed,imputed,imputed
UAL,United Airlines Holdings,Industrials,Passenger Airlines,structural,structural,structural,not_disclosed,structural,structural,structural,structural,structural,not_disclosed,not_disclosed,structural,not_disclosed,structural,structural,structural,structural,structural,structural,not_disclosed,structural,structural,structural,not_disclosed,not_disclosed,not_disclosed,missing,not_disclosed,quote_verified,quote_verified,quote_verified,quote_verified,quote_verified,quote_verified,not_disclosed,not_disclosed,quote_verified,structural,not_disclosed,imputed,imputed
UBER,Uber,Industrials,Passenger Ground Transportation,structural,structural,not_disclosed,not_disclosed,structural,structural,structural,structural,structural,not_disclosed,not_disclosed,structural,not_disclosed,not_disclosed,structural,structural,structural,structural,structural,structural,structural,not_disclosed,not_disclosed,not_disclosed,not_disclosed,not_disclosed,missing,not_disclosed,not_disclosed,not_disclosed,not_disclosed,quote_verified,quote_verified,quote_verified,not_disclosed,not_disclosed,structural,structural,not_disclosed,imputed,imputed
UDR,"UDR, Inc.",Real Estate,Multi-Family Residential REITs,structural,structural,structural,not_disclosed,structural,structural,structural,structural,structural,not_disclosed,not_disclosed,structural,not_disclosed,not_disclosed,structural,structural,structural,not_disclosed,not_disclosed,not_disclosed,structural,structural,not_disclosed,not_disclosed,not_disclosed,not_disclosed,missing,quote_verified,quote_verified,not_disclosed,not_disclosed,quote_verified,quote_verified,quote_verified,quote_verified,quote_verified,quote_verified,structural,structural,imputed,imputed
UHS,Universal Health Services,Health Care,Health Care Facilities,structural,structural,structural,not_disclosed,structural,structural,structural,structural,structural,not_disclosed,not_disclosed,structural,not_disclosed,not_disclosed,structural,structural,structural,structural,structural,not_disclosed,structural,not_disclosed,not_disclosed,not_disclosed,not_disclosed,not_disclosed,missing,not_disclosed,not_disclosed,not_disclosed,not_disclosed,quote_verified,quote_verified,not_disclosed,not_disclosed,not_disclosed,quote_verified,structural,structural,imputed,imputed
ULTA,Ulta Beauty,Consumer Discretionary,Other Specialty Retail,structural,structural,structural,not_disclosed,structural,structural,structural,structural,structural,not_disclosed,not_disclosed,structural,structural,not_disclosed,structural,structural,structural,structural,structural,not_disclosed,structural,structural,quote_verified,quote_verified,quote_verified,quote_verified,missing,not_disclosed,not_disclosed,not_disclosed,not_disclosed,quote_verified,structural,not_disclosed,not_disclosed,not_disclosed,quote_verified,structural,not_disclosed,imputed,imputed
UNH,UnitedHealth Group,Health Care,Managed Health Care,structural,structural,structural,not_disclosed,structural,structural,structural,structural,structural,not_disclosed,not_disclosed,structural,structural,not_disclosed,structural,structural,structural,structural,structural,not_disclosed,structural,structural,structural,quote_verified,quote_verified,quote_verified,missing,not_disclosed,not_disclosed,not_disclosed,not_disclosed,quote_verified,structural,quote_verified,not_disclosed,not_disclosed,quote_verified,structural,structural,imputed,imputed
UNP,Union Pacific Corporation,Industrials,Rail Transportation,structural,structural,structural,not_disclosed,structural,structural,structural,structural,structural,not_disclosed,not_disclosed,structural,not_disclosed,structural,structural,structural,structural,structural,structural,not_disclosed,structural,structural,structural,quote_verified,quote_verified,quote_verified,missing,not_disclosed,not_disclosed,not_disclosed,not_disclosed,quote_verified,quote_verified,quote_verified,not_disclosed,not_disclosed,quote_verified,structural,structural,imputed,imputed
UPS,United Parcel Service,Industrials,Air Freight & Logistics,structural,structural,not_disclosed,not_disclosed,structural,structural,structural,structural,structural,not_disclosed,not_disclosed,structural,not_disclosed,structural,structural,structural,structural,structural,structural,not_disclosed,structural,not_disclosed,not_disclosed,not_disclosed,not_disclosed,not_disclosed,missing,not_disclosed,quote_verified,not_disclosed,not_disclosed,quote_verified,structural,quote_verified,not_disclosed,not_disclosed,quote_verified,structural,structural,imputed,imputed
URI,United Rentals,Industrials,Trading Companies & Distributors,structural,structural,structural,not_disclosed,structural,structural,structural,structural,structural,not_disclosed,not_disclosed,structural,structural,not_disclosed,structural,structural,structural,structural,structural,not_disclosed,structural,not_disclosed,not_disclosed,not_disclosed,not_disclosed,not_disclosed,missing,not_disclosed,not_disclosed,not_disclosed,not_disclosed,quote_verified,quote_verified,quote_verified,quote_verified,quote_verified,quote_verified,structural,structural,imputed,imputed
USB,U.S. Bancorp,Financials,Diversified Banks,structural,structural,structural,not_disclosed,structural,structural,structural,structural,structural,not_disclosed,not_disclosed,structural,not_disclosed,not_disclosed,structural,structural,not_disclosed,not_disclosed,not_disclosed,not_disclosed,structural,not_disclosed,not_disclosed,not_disclosed,not_disclosed,not_disclosed,missing,not_disclosed,not_disclosed,not_disclosed,not_disclosed,quote_verified,quote_verified,quote_verified,not_disclosed,not_disclosed,quote_verified,structural,structural,imputed,imputed
V,Visa Inc.,Financials,Transaction & Payment Processing Services,structural,structural,structural,not_disclosed,structural,structural,structural,structural,structural,not_disclosed,not_disclosed,structural,not_disclosed,not_disclosed,structural,structural,structural,structural,structural,not_disclosed,structural,structural,quote_verified,quote_verified,quote_verified,quote_verified,missing,not_disclosed,not_disclosed,not_disclosed,not_disclosed,quote_verified,structural,quote_verified,not_disclosed,not_disclosed,quote_verified,structural,structural,imputed,imputed
VEEV,Veeva Systems,Health Care,Health Care Technology,structural,structural,structural,not_disclosed,structural,structural,structural,structural,structural,not_disclosed,not_disclosed,structural,structural,not_disclosed,structural,structural,structural,not_disclosed,not_disclosed,structural,structural,structural,quote_verified,quote_verified,quote_verified,quote_verified,missing,not_disclosed,quote_verified,not_disclosed,not_disclosed,quote_verified,structural,not_disclosed,not_disclosed,not_disclosed,quote_verified,structural,not_disclosed,imputed,imputed
VICI,Vici Properties,Real Estate,Hotel & Resort REITs,structural,structural,structural,not_disclosed,structural,structural,structural,structural,structural,not_disclosed,not_disclosed,structural,structural,not_disclosed,structural,structural,structural,not_disclosed,not_disclosed,not_disclosed,structural,not_disclosed,not_disclosed,not_disclosed,not_disclosed,not_disclosed,missing,not_disclosed,not_disclosed,not_disclosed,quote_verified,quote_verified,quote_verified,quote_verified,not_disclosed,not_disclosed,quote_verified,not_disclosed,structural,imputed,imputed
VLO,Valero Energy,Energy,Oil & Gas Refining & Marketing,structural,structural,structural,not_disclosed,structural,structural,structural,structural,structural,structural,structural,structural,structural,not_disclosed,structural,structural,structural,structural,structural,not_disclosed,structural,not_disclosed,not_disclosed,not_disclosed,not_disclosed,not_disclosed,missing,quote_verified,quote_verified,quote_verified,not_disclosed,quote_verified,structural,quote_verified,not_disclosed,not_disclosed,quote_verified,structural,structural,imputed,imputed
VLTO,Veralto,Industrials,Environmental & Facilities Services,structural,structural,structural,not_disclosed,structural,structural,structural,structural,structural,not_disclosed,not_disclosed,structural,structural,not_disclosed,structural,structural,structural,structural,structural,structural,structural,structural,not_disclosed,not_disclosed,not_disclosed,not_disclosed,missing,quote_verified,not_disclosed,not_disclosed,not_disclosed,quote_verified,quote_verified,quote_verified,not_disclosed,not_disclosed,quote_verified,not_disclosed,structural,imputed,imputed
VMC,Vulcan Materials Company,Materials,Construction Materials,structural,structural,structural,not_disclosed,structural,structural,structural,structural,structural,structural,structural,structural,structural,not_disclosed,structural,structural,structural,structural,structural,not_disclosed,structural,not_disclosed,not_disclosed,not_disclosed,not_disclosed,not_disclosed,missing,not_disclosed,not_disclosed,not_disclosed,not_disclosed,quote_verified,quote_verified,quote_verified,quote_verified,quote_verified,quote_verified,structural,structural,imputed,imputed
VMRK,Vivmark Residential,Real Estate,Multi-Family Residential REITs,structural,structural,structural,not_disclosed,structural,structural,structural,structural,structural,not_disclosed,not_disclosed,structural,not_disclosed,not_disclosed,structural,structural,structural,not_disclosed,not_disclosed,not_disclosed,structural,not_disclosed,not_disclosed,not_disclosed,not_disclosed,not_disclosed,missing,not_disclosed,not_disclosed,not_disclosed,not_disclosed,quote_verified,structural,quote_verified,not_disclosed,not_disclosed,structural,structural,structural,imputed,imputed
VRSK,Verisk Analytics,Industrials,Research & Consulting Services,structural,structural,structural,not_disclosed,structural,structural,structural,structural,structural,not_disclosed,not_disclosed,structural,structural,not_disclosed,structural,structural,structural,structural,structural,structural,structural,structural,structural,quote_verified,quote_verified,quote_verified,missing,not_disclosed,not_disclosed,not_disclosed,not_disclosed,quote_verified,quote_verified,quote_verified,not_disclosed,not_disclosed,structural,structural,structural,imputed,imputed
VRSN,Verisign,Information Technology,Internet Services & Infrastructure,structural,structural,structural,not_disclosed,structural,structural,structural,structural,structural,not_disclosed,not_disclosed,structural,structural,not_disclosed,structural,structural,structural,structural,structural,structural,structural,not_disclosed,not_disclosed,not_disclosed,not_disclosed,not_disclosed,missing,not_disclosed,quote_verified,quote_verified,not_disclosed,quote_verified,quote_verified,quote_verified,not_disclosed,not_disclosed,quote_verified,structural,structural,imputed,imputed
VRT,Vertiv,Industrials,Electrical Components & Equipment,structural,structural,not_disclosed,not_disclosed,structural,structural,structural,structural,structural,not_disclosed,not_disclosed,structural,structural,not_disclosed,structural,structural,structural,structural,structural,structural,structural,not_disclosed,not_disclosed,not_disclosed,not_disclosed,not_disclosed,missing,not_disclosed,not_disclosed,not_disclosed,not_disclosed,quote_verified,structural,quote_verified,not_disclosed,not_disclosed,structural,structural,structural,imputed,imputed
VRTX,Vertex Pharmaceuticals,Health Care,Biotechnology,structural,structural,structural,not_disclosed,structural,structural,structural,structural,structural,not_disclosed,not_disclosed,structural,structural,not_disclosed,structural,structural,structural,structural,structural,structural,structural,not_disclosed,not_disclosed,not_disclosed,not_disclosed,not_disclosed,missing,not_disclosed,not_disclosed,not_disclosed,quote_verified,quote_verified,quote_verified,quote_verified,quote_verified,quote_verified,quote_verified,structural,not_disclosed,imputed,imputed
VST,Vistra Corp.,Utilities,Electric Utilities,structural,structural,structural,not_disclosed,structural,structural,structural,structural,structural,structural,structural,structural,not_disclosed,not_disclosed,structural,structural,structural,structural,structural,not_disclosed,structural,structural,structural,quote_verified,quote_verified,quote_verified,missing,not_disclosed,not_disclosed,not_disclosed,quote_verified,quote_verified,quote_verified,quote_verified,not_disclosed,not_disclosed,structural,structural,structural,imputed,imputed
VTR,Ventas,Real Estate,Health Care REITs,structural,structural,structural,not_disclosed,structural,structural,structural,structural,structural,not_disclosed,not_disclosed,structural,not_disclosed,not_disclosed,structural,structural,structural,structural,structural,not_disclosed,structural,structural,structural,not_disclosed,not_disclosed,not_disclosed,missing,not_disclosed,not_disclosed,not_disclosed,not_disclosed,quote_verified,quote_verified,quote_verified,not_disclosed,not_disclosed,quote_verified,not_disclosed,structural,imputed,imputed
VTRS,Viatris,Health Care,Pharmaceuticals,structural,structural,structural,not_disclosed,structural,structural,structural,structural,structural,structural,structural,structural,structural,not_disclosed,structural,structural,structural,structural,structural,structural,structural,structural,structural,quote_verified,quote_verified,quote_verified,missing,not_disclosed,not_disclosed,not_disclosed,not_disclosed,quote_verified,structural,quote_verified,not_disclosed,not_disclosed,quote_verified,structural,not_disclosed,imputed,imputed
VZ,Verizon,Communication Services,Integrated Telecommunication Services,structural,structural,not_disclosed,not_disclosed,structural,structural,structural,structural,structural,not_disclosed,not_disclosed,structural,not_disclosed,not_disclosed,structural,structural,structural,not_disclosed,not_disclosed,not_disclosed,structural,structural,structural,quote_verified,quote_verified,quote_verified,missing,quote_verified,not_disclosed,not_disclosed,not_disclosed,quote_verified,quote_verified,quote_verified,quote_verified,quote_verified,structural,not_disclosed,structural,imputed,imputed
WAB,Wabtec,Industrials,Construction Machinery & Heavy Transportation Equipment,structural,structural,not_disclosed,not_disclosed,structural,structural,structural,structural,structural,not_disclosed,not_disclosed,structural,structural,not_disclosed,structural,structural,structural,structural,structural,structural,structural,not_disclosed,not_disclosed,not_disclosed,not_disclosed,not_disclosed,missing,quote_verified,not_disclosed,not_disclosed,not_disclosed,quote_verified,structural,quote_verified,not_disclosed,not_disclosed,quote_verified,structural,structural,imputed,imputed
WAT,Waters Corporation,Health Care,Life Sciences Tools & Services,structural,structural,structural,not_disclosed,structural,structural,structural,structural,structural,not_disclosed,not_disclosed,structural,structural,not_disclosed,structural,structural,structural,structural,structural,structural,structural,structural,structural,quote_verified,quote_verified,quote_verified,missing,not_disclosed,not_disclosed,not_disclosed,not_disclosed,quote_verified,quote_verified,quote_verified,not_disclosed,not_disclosed,structural,structural,not_disclosed,imputed,imputed
WBD,Warner Bros. Discovery,Communication Services,Broadcasting,structural,structural,structural,not_disclosed,structural,structural,structural,structural,structural,not_disclosed,not_disclosed,structural,not_disclosed,not_disclosed,structural,structural,structural,structural,structural,not_disclosed,structural,not_disclosed,not_disclosed,not_disclosed,not_disclosed,not_disclosed,missing,not_disclosed,quote_verified,quote_verified,not_disclosed,quote_verified,structural,quote_verified,quote_verified,quote_verified,structural,not_disclosed,not_disclosed,imputed,imputed
WDAY,"Workday, Inc.",Information Technology,Application Software,structural,structural,structural,not_disclosed,structural,structural,structural,structural,structural,not_disclosed,not_disclosed,structural,not_disclosed,not_disclosed,structural,structural,structural,structural,structural,structural,structural,structural,not_disclosed,not_disclosed,not_disclosed,not_disclosed,missing,not_disclosed,not_disclosed,not_disclosed,not_disclosed,quote_verified,quote_verified,quote_verified,not_disclosed,not_disclosed,quote_verified,structural,not_disclosed,imputed,imputed
WDC,Western Digital,Information Technology,"Technology Hardware, Storage & Peripherals",structural,structural,structural,not_disclosed,structural,structural,structural,structural,structural,not_disclosed,not_disclosed,structural,structural,not_disclosed,structural,structural,structural,structural,structural,not_disclosed,structural,structural,quote_verified,quote_verified,quote_verified,quote_verified,missing,not_disclosed,not_disclosed,not_disclosed,quote_verified,quote_verified,quote_verified,quote_verified,quote_verified,quote_verified,quote_verified,structural,structural,imputed,imputed
WEC,WEC Energy Group,Utilities,Electric Utilities,structural,structural,not_disclosed,not_disclosed,structural,structural,structural,structural,structural,structural,structural,structural,structural,not_disclosed,structural,structural,structural,structural,structural,not_disclosed,structural,not_disclosed,not_disclosed,not_disclosed,not_disclosed,not_disclosed,missing,not_disclosed,quote_verified,quote_verified,not_disclosed,quote_verified,structural,quote_verified,quote_verified,quote_verified,quote_verified,structural,structural,imputed,imputed
WELL,Welltower,Real Estate,Health Care REITs,structural,structural,structural,not_disclosed,structural,structural,structural,structural,structural,not_disclosed,not_disclosed,structural,structural,structural,structural,not_disclosed,not_disclosed,not_disclosed,not_disclosed,not_disclosed,structural,structural,structural,not_disclosed,not_disclosed,not_disclosed,missing,not_disclosed,not_disclosed,not_disclosed,not_disclosed,quote_verified,quote_verified,quote_verified,not_disclosed,not_disclosed,structural,structural,structural,imputed,imputed
WFC,Wells Fargo,Financials,Diversified Banks,structural,structural,not_disclosed,not_disclosed,structural,structural,structural,structural,structural,not_disclosed,not_disclosed,structural,not_disclosed,not_disclosed,structural,structural,structural,not_disclosed,not_disclosed,not_disclosed,structural,not_disclosed,not_disclosed,not_disclosed,not_disclosed,not_disclosed,missing,not_disclosed,not_disclosed,not_disclosed,not_disclosed,quote_verified,structural,quote_verified,not_disclosed,not_disclosed,quote_verified,structural,structural,imputed,imputed
WM,Waste Management,Industrials,Environmental & Facilities Services,structural,structural,structural,not_disclosed,structural,structural,structural,structural,structural,structural,structural,structural,structural,not_disclosed,structural,structural,structural,structural,structural,not_disclosed,structural,not_disclosed,not_disclosed,not_disclosed,not_disclosed,not_disclosed,missing,not_disclosed,not_disclosed,not_disclosed,not_disclosed,quote_verified,quote_verified,quote_verified,not_disclosed,not_disclosed,structural,structural,structural,imputed,imputed
WMB,Williams Companies,Energy,Oil & Gas Storage & Transportation,structural,structural,structural,not_disclosed,structural,structural,structural,structural,structural,structural,structural,structural,not_disclosed,not_disclosed,structural,structural,structural,structural,structural,not_disclosed,structural,not_disclosed,not_disclosed,not_disclosed,not_disclosed,not_disclosed,missing,quote_verified,not_disclosed,not_disclosed,not_disclosed,quote_verified,quote_verified,quote_verified,quote_verified,quote_verified,quote_verified,structural,structural,imputed,imputed
WMT,Walmart,Consumer Staples,Consumer Staples Merchandise Retail,structural,structural,structural,not_disclosed,structural,structural,structural,structural,structural,not_disclosed,not_disclosed,structural,structural,not_disclosed,structural,structural,structural,structural,structural,not_disclosed,structural,structural,not_disclosed,not_disclosed,not_disclosed,not_disclosed,missing,quote_verified,not_disclosed,not_disclosed,not_disclosed,quote_verified,quote_verified,quote_verified,not_disclosed,not_disclosed,quote_verified,structural,structural,imputed,imputed
WRB,W. R. Berkley Corporation,Financials,Property & Casualty Insurance,structural,structural,structural,not_disclosed,structural,structural,structural,structural,structural,not_disclosed,not_disclosed,structural,not_disclosed,not_disclosed,structural,structural,structural,not_disclosed,not_disclosed,not_disclosed,structural,not_disclosed,not_disclosed,not_disclosed,not_disclosed,not_disclosed,missing,not_disclosed,not_disclosed,not_disclosed,not_disclosed,quote_verified,quote_verified,quote_verified,not_disclosed,not_disclosed,quote_verified,structural,structural,imputed,imputed
WSM,"Williams-Sonoma, Inc.",Consumer Discretionary,Homefurnishing Retail,structural,structural,structural,not_disclosed,structural,structural,structural,structural,structural,not_disclosed,not_disclosed,structural,structural,not_disclosed,structural,structural,structural,structural,structural,not_disclosed,structural,structural,structural,quote_verified,quote_verified,quote_verified,missing,not_disclosed,quote_verified,quote_verified,not_disclosed,quote_verified,quote_verified,not_disclosed,quote_verified,quote_verified,quote_verified,structural,structural,imputed,imputed
WST,West Pharmaceutical Services,Health Care,Health Care Supplies,structural,structural,structural,not_disclosed,structural,structural,structural,structural,structural,not_disclosed,not_disclosed,structural,structural,not_disclosed,structural,structural,structural,structural,structural,structural,structural,structural,structural,quote_verified,quote_verified,quote_verified,missing,not_disclosed,not_disclosed,not_disclosed,not_disclosed,quote_verified,quote_verified,quote_verified,quote_verified,quote_verified,quote_verified,structural,structural,imputed,imputed
WTW,Willis Towers Watson,Financials,Insurance Brokers,structural,structural,structural,not_disclosed,structural,structural,structural,structural,structural,not_disclosed,not_disclosed,not_disclosed,not_disclosed,not_disclosed,structural,structural,structural,structural,structural,not_disclosed,structural,not_disclosed,not_disclosed,not_disclosed,not_disclosed,not_disclosed,missing,not_disclosed,not_disclosed,not_disclosed,not_disclosed,quote_verified,quote_verified,not_disclosed,not_disclosed,not_disclosed,quote_verified,structural,structural,imputed,imputed
WY,Weyerhaeuser,Real Estate,Timber REITs,structural,structural,structural,not_disclosed,structural,structural,structural,structural,structural,structural,structural,structural,structural,not_disclosed,structural,structural,structural,not_disclosed,not_disclosed,structural,structural,structural,structural,quote_verified,quote_verified,quote_verified,missing,not_disclosed,not_disclosed,not_disclosed,not_disclosed,structural,quote_verified,quote_verified,quote_verified,quote_verified,quote_verified,structural,structural,imputed,imputed
WYNN,Wynn Resorts,Consumer Discretionary,Casinos & Gaming,structural,structural,not_disclosed,not_disclosed,structural,structural,structural,structural,structural,not_disclosed,not_disclosed,structural,not_disclosed,not_disclosed,structural,structural,structural,structural,structural,not_disclosed,structural,not_disclosed,not_disclosed,not_disclosed,not_disclosed,not_disclosed,missing,not_disclosed,not_disclosed,not_disclosed,not_disclosed,quote_verified,quote_verified,quote_verified,quote_verified,quote_verified,structural,structural,structural,imputed,imputed
XEL,Xcel Energy,Utilities,Multi-Utilities,structural,structural,structural,not_disclosed,structural,structural,structural,structural,structural,structural,structural,structural,not_disclosed,not_disclosed,structural,structural,structural,structural,structural,not_disclosed,structural,not_disclosed,not_disclosed,not_disclosed,not_disclosed,not_disclosed,missing,not_disclosed,quote_verified,not_disclosed,not_disclosed,quote_verified,quote_verified,quote_verified,not_disclosed,not_disclosed,quote_verified,not_disclosed,structural,imputed,imputed
XOM,ExxonMobil,Energy,Integrated Oil & Gas,structural,structural,not_disclosed,not_disclosed,structural,structural,structural,structural,structural,structural,structural,structural,not_disclosed,not_disclosed,structural,structural,structural,structural,structural,structural,structural,not_disclosed,not_disclosed,not_disclosed,not_disclosed,not_disclosed,missing,not_disclosed,not_disclosed,not_disclosed,not_disclosed,quote_verified,structural,not_disclosed,quote_verified,quote_verified,quote_verified,structural,structural,imputed,imputed
XYL,Xylem Inc.,Industrials,Industrial Machinery & Supplies & Components,structural,structural,structural,not_disclosed,structural,structural,structural,structural,structural,not_disclosed,not_disclosed,structural,structural,not_disclosed,structural,structural,structural,structural,structural,structural,structural,structural,structural,quote_verified,quote_verified,quote_verified,missing,not_disclosed,not_disclosed,not_disclosed,not_disclosed,quote_verified,quote_verified,quote_verified,not_disclosed,not_disclosed,quote_verified,structural,structural,imputed,imputed
XYZ,"Block, Inc.",Financials,Transaction & Payment Processing Services,structural,structural,not_disclosed,not_disclosed,structural,structural,structural,structural,structural,not_disclosed,not_disclosed,not_disclosed,structural,not_disclosed,structural,structural,structural,structural,structural,structural,structural,structural,structural,quote_verified,quote_verified,quote_verified,missing,not_disclosed,not_disclosed,not_disclosed,not_disclosed,quote_verified,structural,not_disclosed,not_disclosed,not_disclosed,quote_verified,structural,not_disclosed,imputed,imputed
YUM,Yum! Brands,Consumer Discretionary,Restaurants,structural,structural,structural,not_disclosed,structural,structural,structural,structural,structural,not_disclosed,not_disclosed,structural,structural,not_disclosed,structural,structural,structural,structural,structural,not_disclosed,structural,structural,structural,quote_verified,quote_verified,quote_verified,missing,not_disclosed,not_disclosed,not_disclosed,not_disclosed,quote_verified,quote_verified,quote_verified,not_disclosed,not_disclosed,quote_verified,structural,structural,imputed,imputed
ZBH,Zimmer Biomet,Health Care,Health Care Equipment,structural,structural,structural,not_disclosed,structural,structural,structural,structural,structural,not_disclosed,not_disclosed,structural,structural,not_disclosed,structural,structural,structural,structural,structural,not_disclosed,structural,structural,structural,quote_verified,quote_verified,quote_verified,missing,not_disclosed,not_disclosed,not_disclosed,not_disclosed,quote_verified,quote_verified,quote_verified,not_disclosed,not_disclosed,quote_verified,structural,structural,imputed,imputed
ZBRA,Zebra Technologies,Information Technology,Electronic Equipment & Instruments,structural,structural,structural,not_disclosed,structural,structural,structural,structural,structural,not_disclosed,not_disclosed,structural,structural,not_disclosed,structural,structural,structural,structural,structural,structural,structural,structural,structural,not_disclosed,not_disclosed,not_disclosed,missing,not_disclosed,quote_verified,quote_verified,not_disclosed,quote_verified,quote_verified,quote_verified,quote_verified,quote_verified,quote_verified,structural,not_disclosed,imputed,imputed
ZTS,Zoetis,Health Care,Pharmaceuticals,structural,structural,structural,not_disclosed,structural,structural,structural,structural,structural,not_disclosed,not_disclosed,structural,structural,not_disclosed,structural,structural,structural,structural,structural,not_disclosed,structural,not_disclosed,not_disclosed,not_disclosed,not_disclosed,not_disclosed,missing,not_disclosed,not_disclosed,not_disclosed,not_disclosed,quote_verified,structural,quote_verified,not_disclosed,not_disclosed,quote_verified,structural,not_disclosed,imputed,imputed
