ticker,company,sector,sub_industry,cik,legal_name,lei,ultimate_parent_lei,gics_sector,gics_sub_industry,hq_state,subsidiary_count,market_cap_usd,shares_outstanding,scope1_tco2e,ghg_facility_count,grid_intensity_kgco2e_per_mwh,cogs_usd,energy_cost_usd,revenue_usd,ebit_usd,ebitda_usd,free_cash_flow_usd,capex_usd,rnd_expense_usd,sbti_target_validated,sbti_target_type,target_year,target_baseline_year,target_reduction_pct,target_scope_coverage,risk_hitword_density,risk_first_factor_topic,has_climate_oversight_committee,has_third_party_assurance,assurance_level,emissions_boundary_stated,has_clawback_policy,has_psu_plan,performance_period_years,independent_director_count,board_size,lead_independent_director,buybacks_usd,dividends_paid_usd,penalty_total_usd,penalty_count
A,Agilent Technologies,Health Care,Life Sciences Tools & Services,0,0,0,,0,0,0,2025,2026,2025,,,2023,2025,,2025,2025,2025,2025,2025,2025,2026,2026,2026,2026,2026,2026,2025,2025,,,,,2025,2025,2025,2025,2025,2025,2025,2025,2026,2026
AAPL,Apple Inc.,Information Technology,"Technology Hardware, Storage & Peripherals",0,0,0,,0,0,0,2025,2026,2025,,,2023,2025,,2025,2025,2025,2025,2025,2025,2026,2026,,,,,2025,2025,,,,,2025,2025,2025,,,2025,2025,2025,2026,2026
ABBV,AbbVie,Health Care,Biotechnology,0,0,0,,0,0,0,2025,2026,2025,2023,2023,2023,2025,,2025,2025,2025,2025,2025,,2026,2026,2026,2026,2026,2026,2025,2025,,,,,2025,2025,2025,,,2025,2025,2025,2026,2026
ABNB,Airbnb,Consumer Discretionary,"Hotels, Resorts & Cruise Lines",0,0,0,,0,0,0,2025,2026,2025,,,2023,2025,,2025,2025,2025,2022,2022,2025,2026,2026,2026,2026,2026,2026,2025,2025,,,,,2025,2025,,,,2025,2025,,2026,2026
ABT,Abbott Laboratories,Health Care,Health Care Equipment,0,0,0,,0,0,0,2025,2026,2025,2023,2023,2023,2025,,2025,2025,,2025,2025,2025,2026,,,,,,2025,2025,,,,,2025,2025,,2025,2025,2025,2025,2025,2026,2026
ACGL,Arch Capital Group,Financials,Property & Casualty Insurance,0,0,0,,0,0,0,2025,2026,2025,,,,,,2025,2025,,2025,2025,,2026,,,,,,2025,2025,,,,,2025,2025,2025,,,2025,2025,,2026,2026
ACN,Accenture,Information Technology,IT Consulting & Other Services,0,0,,,0,0,0,2025,2026,2025,,,,2025,,2025,2025,2025,2025,2025,2025,2026,2026,,,,,2025,2025,,,,,2025,2025,2025,,,2025,2025,2022,2026,2026
ADBE,Adobe Inc.,Information Technology,Application Software,0,0,0,,0,0,0,2025,2026,2025,,,2023,2025,,2025,2025,2025,2025,2025,,2026,2026,2026,2026,2026,2026,2025,2025,,,,,2025,2025,2025,2025,2025,2025,2025,,2026,2026
ADI,Analog Devices,Information Technology,Semiconductors,0,0,0,,0,0,0,2025,2026,2025,2023,2023,2023,2025,,2025,2025,2025,2025,2025,2025,2026,2026,2026,2026,2026,2026,2025,2025,,,,,2025,2025,2025,,,2025,2025,2025,2026,2026
ADM,Archer Daniels Midland,Consumer Staples,Agricultural Products & Services,0,0,0,,0,0,0,2025,2026,2025,2023,2023,2023,2025,,2025,2025,2025,2025,2025,2025,2026,2026,,,,,2025,2025,,,,,2025,2025,2025,2025,2025,2025,2025,2025,2026,2026
ADP,Automatic Data Processing,Industrials,Human Resource & Employment Services,0,0,0,,0,0,0,2026,2026,2025,,,2023,2025,,2025,2025,2025,,,2025,2026,,,,,,2026,2026,,,,,2025,2025,2025,2025,2025,2025,2025,2025,2026,2026
ADSK,Autodesk,Information Technology,Application Software,0,0,0,,0,0,0,2026,2026,2025,,,2023,2025,,2025,2025,2025,2025,2025,2025,2026,2026,2026,2026,2026,2026,2026,2026,,,,2025,2025,2025,2025,,,2025,2025,2024,2026,2026
AEE,Ameren,Utilities,Multi-Utilities,0,0,0,,0,0,0,2025,2026,2025,2023,2023,2023,,,2025,2025,2025,2025,2025,,2026,,,,,,2025,2025,,,,,2025,2025,2025,,,2025,,2025,2026,2026
AEP,American Electric Power,Utilities,Electric Utilities,0,0,0,,0,0,0,2025,2026,2025,2023,2023,2023,,,2025,2025,2025,2025,2025,,2026,,,,,,2025,2025,,,,,2025,2025,2025,,,2025,,2025,2026,2026
AES,AES Corporation,Utilities,Independent Power Producers & Energy Traders,0,0,0,,0,0,0,2025,2026,2025,2023,2023,2023,2025,,2025,2022,2022,2025,2025,,2026,,,,,,2025,2025,,,,,2025,2025,2025,,,2025,,2025,2026,2026
AFL,Aflac,Financials,Life & Health Insurance,0,0,0,,0,0,0,2025,2026,2025,,,2023,,,2025,2025,2025,,,,2026,,,,,,2025,2025,,,,,2025,2025,2025,,,2025,2025,2025,2026,2026
AIG,American International Group,Financials,Multi-line Insurance,0,0,0,,0,0,0,2025,2026,2025,,,2023,,,2025,2025,2025,2023,2023,,2026,,,,,,2025,2025,,,,,2025,2025,2025,,,2025,2025,2025,2026,2026
AIZ,Assurant,Financials,Multi-line Insurance,0,0,0,,0,0,0,2025,2026,2025,,,2023,,,2025,2025,2025,2025,2025,,2026,,,,,,2025,2025,,2025,,,2025,2025,2025,,,2025,2025,2025,2026,2026
AJG,Arthur J. Gallagher & Co.,Financials,Insurance Brokers,0,0,0,,0,0,0,2025,2026,2025,,,2023,2022,,2025,2025,2025,,,,2026,,,,,,2025,2025,,,,,2025,2025,2025,,,2025,,2025,2026,2026
AKAM,Akamai Technologies,Information Technology,Internet Services & Infrastructure,0,0,0,,0,0,0,2025,2026,2025,,,2023,2025,,2025,2025,2025,2025,2025,2025,2026,2026,,,,,2025,2025,,,,2025,2025,2025,2025,,,2025,2025,,2026,2026
ALB,Albemarle Corporation,Materials,Specialty Chemicals,0,0,0,,0,0,0,2025,2026,2025,2023,2023,2023,2025,,2025,2025,2025,2025,2025,2025,2026,,,,,,2025,2025,,,,,2025,2025,2025,,,2025,,2025,2026,2026
ALGN,Align Technology,Health Care,Health Care Supplies,0,0,0,,0,0,0,2025,2026,2025,,,2023,2025,,2025,2025,2025,2025,2025,2025,2026,,,,,,2025,2025,,2025,2025,,2025,2025,2025,,,2025,2025,,2026,2026
ALL,Allstate,Financials,Property & Casualty Insurance,0,0,0,,0,0,0,2025,2026,2025,,,2023,,,2025,2025,2025,2025,2025,,2026,,,,,,2025,2025,,,,,2025,2025,2025,,,2025,2025,2025,2026,2026
ALLE,Allegion,Industrials,Building Products,0,0,,,0,0,0,2025,2026,2025,,,,2025,,2025,2025,2025,2025,2025,2025,2026,,,,,,2025,2025,,,,,2025,2025,2025,2025,2025,2025,2025,2025,2026,2026
AMAT,Applied Materials,Information Technology,Semiconductor Materials & Equipment,0,0,0,,0,0,0,2025,2026,2025,,,2023,2025,,2025,2025,2025,2025,2025,2025,2026,2026,2026,2026,2026,2026,,,,,,,2025,2025,2025,,,2025,2025,2025,2026,2026
AMCR,Amcor,Materials,Paper & Plastic Packaging Products & Materials,0,0,0,,0,0,0,2026,2026,2025,,,,2025,,2025,2025,2025,2025,2025,2025,2026,2026,,,,,2026,2026,,,,,2025,2025,2025,,,2025,2025,2025,2026,2026
AMD,Advanced Micro Devices,Information Technology,Semiconductors,0,0,0,,0,0,0,2025,2026,2025,,,2023,2025,,2025,2025,2025,2025,2025,2025,2026,2026,2026,2026,2026,2026,2025,2025,,,,2025,2025,2025,2025,,,2025,2025,,2026,2026
AME,Ametek,Industrials,Electrical Components & Equipment,0,0,0,,0,0,0,2025,2026,2025,,,2023,2025,,2025,2025,2025,2025,2025,2025,2026,,,,,,2025,2025,,,,,2025,2025,2025,2025,2025,2025,2025,2025,2026,2026
AMGN,Amgen,Health Care,Biotechnology,0,0,0,,0,0,0,2025,2026,2025,2023,2023,2023,2025,,2025,2025,2025,2025,2025,,2026,2026,2026,2026,2026,2026,2025,2025,,,,,2025,2025,2025,2025,2025,2025,2025,2025,2026,2026
AMP,Ameriprise Financial,Financials,Asset Management & Custody Banks,0,0,0,,0,0,0,2025,2026,2025,,,2023,,,2025,2025,2025,2025,2025,,2026,,,,,,2025,2025,,,,,2025,2025,2025,2025,2025,2025,2025,2025,2026,2026
AMT,American Tower,Real Estate,Telecom Tower REITs,0,0,0,,0,0,0,2025,2026,2025,,,2023,,,2025,2025,2025,2025,2025,,2026,2026,2026,2026,2026,2026,2025,2025,,,,,2025,2025,2025,2025,2025,2025,2025,2025,2026,2026
AMZN,Amazon,Consumer Discretionary,Broadline Retail,0,0,0,,0,0,0,2025,2026,2025,,,2023,2025,,2025,2025,2025,2025,2025,,2026,2026,,,,,2025,2025,,,,,2025,2025,,,,2025,2024,,2026,2026
ANET,Arista Networks,Information Technology,Communications Equipment,0,0,0,,0,0,0,,2026,2025,,,2023,2025,,2025,2025,2025,2025,2025,2025,2026,2026,2026,2026,2026,2026,2025,2025,2025,2025,,,2025,2025,,,,2025,2025,,2026,2026
AON,Aon plc,Financials,Insurance Brokers,0,0,,,0,0,0,2025,2026,2025,,,,,,2025,2025,2025,2025,2025,,2026,2026,2026,,,,2025,2025,,,,,2025,2025,2025,2025,2025,2025,,2025,2026,2026
AOS,A. O. Smith,Industrials,Building Products,0,0,0,,0,0,0,2025,2026,2025,,,2023,2025,,2025,2025,2025,2025,2025,2025,2026,,,,,,2025,2025,,,,,2025,2025,2025,2025,2025,2025,2025,2025,2026,2026
APA,APA Corporation,Energy,Oil & Gas Exploration & Production,0,0,0,,0,0,0,2025,2026,2025,2023,2023,2023,,,,2025,2025,,,,2026,,,,,,2025,2025,,,,,2025,2025,2025,,,2025,,2025,2026,2026
APD,Air Products,Materials,Industrial Gases,0,0,0,,0,0,0,2025,2026,2025,,,2023,2025,,2025,2025,2025,2025,2025,2025,2026,,,,,,2025,2025,,,,,2025,2025,2025,,,2025,,2025,2026,2026
APH,Amphenol,Information Technology,Electronic Components,0,0,0,,0,0,0,2025,2026,2025,,,2023,2025,,2025,2025,2025,2025,2025,2025,2026,,,,,,2025,2025,2025,,,,2025,2025,,,,2025,2025,2025,2026,2026
APO,Apollo Global Management,Financials,Asset Management & Custody Banks,0,0,0,,0,0,0,2025,2026,2025,,,2023,,,2025,2025,2025,,,,2026,,,,,,2025,2025,,,,,2025,2025,2025,,,2025,2025,2025,2026,2026
APP,AppLovin,Communication Services,Advertising,0,0,0,,0,0,0,,2026,2025,,,2023,2025,,2025,2025,2025,2024,2024,2025,2026,,,,,,2025,2025,,,,,2025,2025,,2025,2025,2025,2025,,2026,2026
APTV,Aptiv,Consumer Discretionary,Automotive Parts & Equipment,0,0,,,0,0,0,2025,2026,2025,,,,2025,,2025,2025,2025,2025,2025,2025,2026,2026,2026,,,,2025,2025,,,,,2025,2025,2025,2025,2025,2025,2025,2022,2026,2026
ARE,Alexandria Real Estate Equities,Real Estate,Office REITs,0,0,0,,0,0,0,2025,2026,2025,,,2023,,,2025,,,,,,2026,,,,,,2025,2025,,,,,2025,2025,2025,2025,2025,2025,2025,2025,2026,2026
ARES,Ares Management,Financials,Asset Management & Custody Banks,0,0,,,0,0,0,2025,2026,2024,2023,2023,2023,,,2025,2025,,,,,2026,,,,,,2025,2025,,,,,2025,2025,,,,2025,,,2026,2026
ATO,Atmos Energy,Utilities,Gas Utilities,0,0,0,,0,0,0,2025,2026,2025,2023,2023,2023,2023,,2025,2025,2025,2025,2025,,2026,,,,,,2025,2025,,,,,2025,2025,2025,2025,2025,2025,,2025,2026,2026
AVGO,Broadcom,Information Technology,Semiconductors,0,0,,,0,0,0,2025,2026,2025,2023,2023,2023,2025,,2025,2025,2025,2025,2025,2025,2026,2026,,,,,2025,2025,,,,,2025,2025,2025,2025,2025,2025,2025,2025,2026,2026
AVY,Avery Dennison,Materials,Paper & Plastic Packaging Products & Materials,0,0,0,,0,0,0,2025,2026,2025,,,2023,2025,,2025,2025,2025,2025,2025,2025,2026,2026,2026,2026,2026,2026,2025,2025,,,,,2025,2025,2025,2025,2025,2025,2025,2025,2026,2026
AWK,American Water Works,Utilities,Water Utilities,0,0,0,,0,0,0,2025,2026,2025,,,2023,,,2025,2025,2025,2025,2025,,2026,,,,,,2025,2025,,,,,2025,2025,2025,,,2025,2021,2025,2026,2026
AXON,Axon Enterprise,Industrials,Aerospace & Defense,0,0,0,,0,0,0,2025,2026,2025,,,2023,2025,,2025,2025,2025,2025,2025,2025,2026,,,,,,2025,2025,,,,,2025,2025,,,,2025,,,2026,2026
AXP,American Express,Financials,Consumer Finance,0,0,,,0,0,0,2025,2026,2025,,,2023,,,2025,2025,2025,2025,2025,,2026,2026,2026,2026,2026,2026,2025,2025,,,,,2025,2025,2025,,,2025,2025,2025,2026,2026
AZO,AutoZone,Consumer Discretionary,Automotive Retail,0,0,0,,0,0,0,2025,,2025,,,2023,2025,,2025,2025,2025,2025,2025,,2026,,,,,,2025,2025,,,,,2025,2025,2025,,,2025,2025,,2026,2026
BA,Boeing,Industrials,Aerospace & Defense,0,0,0,,0,0,0,2025,2026,2025,2023,2023,2023,2025,,2025,2025,2025,2025,2025,2025,2026,,,,,,2025,2025,,,,,2025,2025,2025,,,2025,,2025,2026,2026
BAC,Bank of America,Financials,Diversified Banks,0,0,0,,0,0,0,2025,2026,2025,,,2023,,,2025,2025,2025,,,,2026,,,,,,2025,2025,,,,,2025,2025,2025,,,2025,2025,,2026,2026
BALL,Ball Corporation,Materials,"Metal, Glass & Plastic Containers",0,0,0,,0,0,0,2025,2026,2025,,,2023,,,2025,2025,2025,2025,2025,2023,2026,2026,2026,,,,2025,2025,,,,,2025,2025,2025,2025,2025,2025,2025,2025,2026,2026
BAX,Baxter International,Health Care,Health Care Equipment,0,0,0,,0,0,0,2025,2026,2025,2023,2023,2023,2025,,2025,2025,2025,2025,2025,2025,2026,,,,,,2025,2025,,,,,2025,2025,2025,2025,2025,2025,2024,2025,2026,2026
BBY,Best Buy,Consumer Discretionary,Computer & Electronics Retail,0,0,0,,0,0,0,2026,2026,2025,,,2023,2025,,2025,2025,2025,2025,2025,,2026,2026,2026,,,,2026,2026,,,,,2025,2025,2025,2025,2025,2025,2025,2025,2026,2026
BDX,Becton Dickinson,Health Care,Health Care Equipment,0,0,0,,0,0,0,2025,2026,2025,,,2023,2025,,2025,2025,2025,2025,2025,2025,2026,,,,,,2025,2025,,,,,2025,2025,2025,,,2025,2025,2025,2026,2026
BEN,Franklin Resources,Financials,Asset Management & Custody Banks,0,0,,,0,0,0,2025,2026,2025,,,2023,,,2025,2025,2025,2025,2025,,2026,,,,,,2025,2025,,,,,2025,2025,2025,2025,2025,2025,2025,2025,2026,2026
BF.B,Brown–Forman,Consumer Staples,Distillers & Vintners,0,0,0,,0,0,0,2026,2026,2025,2023,2023,2023,2025,,2025,2025,2025,2025,2025,,2026,,,,,,2026,2026,,,,,2025,2025,2025,2025,2025,2025,2025,2025,2026,2026
BG,Bunge Global,Consumer Staples,Agricultural Products & Services,0,0,0,,0,0,0,2025,2026,2025,,,2023,2025,,2025,2025,2025,2025,2025,2025,2026,,,,,,2025,2025,2025,2025,2025,2025,2025,2025,2025,,,2025,2025,2025,2026,2026
BIIB,Biogen,Health Care,Biotechnology,0,0,0,,0,0,0,2025,2026,2025,2023,2023,2023,2025,,2025,2025,2025,2025,2025,,2026,2026,,,,,2025,2025,,,,,2025,2025,2025,2025,2025,2025,2024,,2026,2026
BKNG,Booking Holdings,Consumer Discretionary,"Hotels, Resorts & Cruise Lines",0,0,0,,0,0,0,2025,2026,2025,,,2023,,,2025,2025,2025,2025,2025,,2026,2026,2026,2026,2026,2026,2025,2025,,,,,2025,2025,2025,2025,2025,2025,2025,2025,2026,2026
BKR,Baker Hughes,Energy,Oil & Gas Equipment & Services,0,0,0,,0,0,0,2025,2026,2026,,,2023,,,2025,2025,2025,2025,2025,2025,2026,,,,,,2025,2025,,,,,2025,2025,2025,,,2025,2025,2025,2026,2026
BLDR,Builders FirstSource,Industrials,Building Products,0,0,0,,0,0,0,2025,2026,2025,,,2023,2025,,2025,2025,2025,2025,2025,,2026,,,,,,2025,2025,,,,,2025,2025,2025,2025,2025,2025,2025,,2026,2026
BLK,BlackRock,Financials,Asset Management & Custody Banks,0,0,0,,0,0,0,2025,2026,2025,2023,2023,2023,,,2025,2025,2025,2025,2025,,2026,,,,,,2025,2025,,,,,2025,2025,2025,,,2025,2024,2024,2026,2026
BMY,Bristol Myers Squibb,Health Care,Pharmaceuticals,0,0,0,,0,0,0,2025,2026,2025,2023,2023,2023,2025,,2025,2025,2025,2025,2025,2025,2026,2026,2026,2026,2026,2026,2025,2025,,2025,2025,,2025,2025,2025,,,2025,2025,2025,2026,2026
BNY,BNY Mellon,Financials,Asset Management & Custody Banks,0,0,,,0,0,0,2025,2026,2025,,,2023,,,2025,,,2025,2025,,2026,,,,,,2025,2025,,,,,2025,2025,2025,,,2025,2025,2025,2026,2026
BR,Broadridge Financial Solutions,Industrials,Data Processing & Outsourced Services,0,0,0,,0,0,0,2026,2026,2025,,,2023,2025,,2025,2025,2025,2025,2025,,2026,2026,2026,2026,2026,2026,2026,2026,,,,,2025,2025,2025,,,2025,2025,2025,2026,2026
BRK.B,Berkshire Hathaway,Financials,Multi-Sector Holdings,0,0,0,,0,0,0,2025,2026,2026,2023,2023,2023,,,2025,2025,2025,2025,2025,,2026,,,,,,2025,2025,,,,,2025,2025,,,,2025,2024,,2026,2026
BRO,Brown & Brown,Financials,Insurance Brokers,0,0,0,,0,0,0,2025,2026,2025,,,2023,,,2025,2025,,2025,2025,,2026,,,,,,2025,2025,,,,,2025,2025,2025,,,2025,2025,2025,2026,2026
BSX,Boston Scientific,Health Care,Health Care Equipment,0,0,0,,0,0,0,2025,2026,2025,,,2023,2025,,2025,2025,2025,2025,2025,,2026,2026,2026,2026,2026,2026,2025,2025,,,,,2025,2025,2025,,,2025,2022,2024,2026,2026
BX,Blackstone Inc.,Financials,Asset Management & Custody Banks,0,0,0,,0,0,0,2025,2026,2025,2017,2017,2023,,,2025,2025,,2025,2025,,2026,,,,,,2025,2025,,,,,,,,,,,,2025,2026,2026
BXP,"BXP, Inc.",Real Estate,Office REITs,0,0,0,,0,0,0,2025,2026,2025,,,2023,,,2025,2025,2025,,,,2026,2026,2026,2026,2026,2026,2025,2025,,,,2025,2025,2025,2025,,,2025,,2025,2026,2026
C,Citigroup,Financials,Diversified Banks,0,0,0,,0,0,0,2025,2026,2025,,,2023,,,2025,2025,2025,2025,2025,,2026,,,,,,,,2025,,,,2025,2025,2025,,,2025,2025,2025,2026,2026
CAH,Cardinal Health,Health Care,Health Care Distributors,0,0,0,,0,0,0,2026,2026,2025,,,2023,2025,,2025,2025,2025,2025,2025,,2026,2026,2026,2026,2026,2026,,,,,,,2025,2025,2025,,,2025,2025,2025,2026,2026
CARR,Carrier Global,Industrials,Building Products,0,0,0,,0,0,0,2025,2026,2025,,,2023,2024,,2025,2025,2025,2025,2025,2025,2026,2026,2026,2026,2026,2026,2025,2025,,,,,2025,2025,2025,,,2025,2025,2025,2026,2026
CASY,Casey's,Consumer Staples,Food Retail,0,0,,,0,0,0,2026,2026,2025,,,2023,,,2025,,,2025,2025,,2026,,,,,,2026,2026,,,,,2025,2025,2025,2025,2025,2025,2025,2025,2026,2026
CAT,Caterpillar Inc.,Industrials,Construction Machinery & Heavy Transportation Equipment,0,0,0,,0,0,0,2025,2026,2025,2023,2023,2023,2025,,2025,2025,2025,2025,2025,2025,2026,,,,,,2025,2025,,2025,2025,,2025,2025,2025,,,2025,2025,2025,2026,2026
CB,Chubb Limited,Financials,Property & Casualty Insurance,0,0,0,,0,0,0,2025,2026,2025,,,,,,2025,2025,,,,,2026,,,,,,2025,2025,2025,2025,2025,,2025,2025,2025,,,2025,2025,2025,2026,2026
CBOE,Cboe Global Markets,Financials,Financial Exchanges & Data,0,0,0,,0,0,0,2025,2026,2025,,,2023,2025,,2025,2025,2025,2025,2025,,2026,,,,,,2025,2025,,,,,2025,2025,2025,,,2025,2025,2025,2026,2026
CBRE,CBRE Group,Real Estate,Real Estate Services,0,0,0,,0,0,0,2025,2026,2025,,,2023,2025,,2025,2025,2025,2025,2025,,2026,2026,2026,2026,2026,2026,2025,2025,,,,,2025,2025,2025,,,2025,2025,,2026,2026
CCI,Crown Castle,Real Estate,Telecom Tower REITs,0,0,0,,0,0,0,2025,2026,2025,,,2023,2025,,2025,2025,2025,2025,2025,,2026,,,,,,2025,2025,,2025,2025,,2025,2025,2025,,,2025,2025,2025,2026,2026
CCL,Carnival Corporation,Consumer Discretionary,"Hotels, Resorts & Cruise Lines",0,0,0,,0,0,0,2025,2026,2025,,,2023,2024,,2025,2025,2025,2025,2025,,2026,,,,,,2025,2025,,,,,2025,2025,2025,2025,2025,2025,2022,2022,2026,2026
CDNS,Cadence Design Systems,Information Technology,Application Software,0,0,0,,0,0,0,2025,2026,2025,,,2023,,,2025,2025,2025,2025,2025,,2026,2026,2026,2026,2026,2026,2025,2025,,,,,2025,2025,2025,,,2025,2025,,2026,2026
CDW,CDW Corporation,Information Technology,Technology Distributors,0,0,0,,0,0,0,2025,2026,2025,,,2023,2025,,2025,2025,2025,2025,2025,,2026,2026,2026,2026,2026,2026,2025,2025,,,,,2025,2025,2025,2025,2025,2025,2025,2025,2026,2026
CEG,Constellation Energy,Utilities,Electric Utilities,0,0,,,0,0,0,2025,2026,2025,2023,2023,2023,,,2025,2025,2025,2025,2025,,2026,,,,,,2025,2025,2025,,,2025,2025,2025,2025,,,2025,2025,2025,2026,2026
CF,CF Industries,Materials,Fertilizers & Agricultural Chemicals,0,0,,,0,0,0,2025,2026,2025,2023,2023,2023,2025,,2025,2025,2025,2025,2025,,2026,,,,,,2025,2025,,,,2025,2025,2025,2025,,,2025,2025,2025,2026,2026
CFG,Citizens Financial Group,Financials,Regional Banks,0,0,0,,0,0,0,2025,2026,2025,,,2023,,,2025,2025,2025,,,,2026,,,,,,2025,2025,,,,2025,2025,2025,2025,,,2025,2025,2025,2026,2026
CHD,Church & Dwight,Consumer Staples,Household Products,0,0,0,,0,0,0,2025,2026,2025,,,2023,2025,,2025,2025,2025,2025,2025,2025,2026,2026,2026,2026,2026,2026,,,2025,,,,2025,2025,2025,2025,2025,2025,2025,2025,2026,2026
CHRW,C.H. Robinson,Industrials,Air Freight & Logistics,0,0,,,0,0,0,2025,2026,2025,,,2023,,,2025,2025,2025,2025,2025,,2026,,,,,,2025,2025,,,,,2025,2025,,2025,2025,2025,2025,2025,2026,2026
CHTR,Charter Communications,Communication Services,Cable & Satellite,0,0,0,,0,0,0,2025,2026,2025,,,2023,,,2025,2025,2025,2025,2025,,2026,,,,,,2025,2025,,,,,2025,2025,,2025,2025,2025,2025,,2026,2026
CI,Cigna,Health Care,Health Care Services,0,0,,,0,0,0,2025,2026,2025,,,2023,2025,,2025,2025,2025,,,,2026,2026,,,,,2025,2025,,2025,2025,,2025,2025,2025,,,2025,2025,2025,2026,2026
CIEN,Ciena,Information Technology,Communications Equipment,0,0,0,,0,0,0,2025,2026,2025,,,2023,2025,,2025,2025,2025,2025,2025,2025,2026,2026,2026,2026,2026,2026,2025,2025,,2025,2025,,2025,2025,2025,2025,2025,2025,2025,,2026,2026
CINF,Cincinnati Financial,Financials,Property & Casualty Insurance,0,0,0,,0,0,0,,2026,2025,,,2023,,,2025,2025,2021,2025,2025,,2026,,,,,,2025,2025,,,,,2025,2025,2025,,,2025,2025,2025,2026,2026
CL,Colgate-Palmolive,Consumer Staples,Household Products,0,0,0,,0,0,0,2025,2026,2025,,,2023,2025,,2025,2025,2025,2025,2025,2025,2026,2026,2026,2026,2026,2026,2025,2025,,,,,2025,2025,2025,,,2025,2025,,2026,2026
CLX,Clorox,Consumer Staples,Household Products,0,0,0,,0,0,0,2026,2026,2025,,,2023,2025,,2025,2025,2025,2025,2025,2025,2026,2026,2026,2026,2026,2026,,,,2025,2025,,2025,2025,2025,,,2025,2025,2025,2026,2026
CMCSA,Comcast,Communication Services,Cable & Satellite,0,0,0,,0,0,0,2025,2026,2025,,,2023,,,2025,2025,2025,2025,2025,,2026,2026,2026,2026,2026,2026,2025,2025,,,,,2025,2025,2025,2025,2025,2025,2025,2025,2026,2026
CME,CME Group,Financials,Financial Exchanges & Data,0,0,,,0,0,0,2025,2026,2025,,,2023,,,2025,2025,2025,2025,2025,,2026,,,,,,2025,2025,,,,,2025,2025,2025,,,2025,,2025,2026,2026
CMG,Chipotle Mexican Grill,Consumer Discretionary,Restaurants,0,0,0,,0,0,0,2025,2026,2025,,,2023,,,2025,2025,2025,2025,2025,,2026,2026,2026,2026,2026,2026,2025,2025,,,,2025,2025,2025,2025,,,2025,2025,,2026,2026
CMI,Cummins,Industrials,Construction Machinery & Heavy Transportation Equipment,0,0,0,,0,0,0,2025,2026,2025,,,2023,2025,,2025,2025,2025,2025,2025,2025,2026,2026,2026,2026,2026,2026,2025,2025,,,,,2025,2025,2025,2025,2025,2025,2024,2025,2026,2026
CMS,CMS Energy,Utilities,Multi-Utilities,0,0,0,,0,0,0,2025,2026,2025,2023,2023,2023,,2025,2025,2025,2025,2022,2022,,2026,,,,,,2025,2025,,,,,2025,2025,2025,,,2025,,,2026,2026
CNC,Centene Corporation,Health Care,Managed Health Care,0,0,0,,0,0,0,2025,2026,2025,,,2023,2025,,2025,2025,2025,2025,2025,,2026,,,,,,2025,2025,,,,,2025,2025,2025,,,2025,2025,,2026,2026
CNP,CenterPoint Energy,Utilities,Multi-Utilities,0,0,0,,0,0,0,2025,2026,2025,2023,2023,2023,2025,,2025,2025,2025,2025,2025,,2026,,,,,,2025,2025,,,,,2025,2025,2025,,,2025,,2025,2026,2026
COF,Capital One,Financials,Consumer Finance,0,0,,,0,0,0,2025,2026,2025,,,2023,,,2025,2025,2025,2025,2025,,2026,,,,,,2025,2025,,,,,2025,2025,2025,2025,2025,2025,2025,2025,2026,2026
COHR,Coherent Corp.,Information Technology,Electronic Components,0,0,0,,0,0,0,2026,2026,2025,,,2023,2025,,2025,2025,2025,2025,2025,2025,2026,,,,,,2026,2026,,,,,2025,2025,2025,,,2025,2022,,2026,2026
COIN,Coinbase,Financials,Financial Exchanges & Data,0,0,0,,0,0,0,2025,2026,2025,,,2023,,,2025,2025,2025,2022,2022,2025,2026,,,,,,2025,2025,,,,,2025,2025,,2025,2025,2025,2025,,2026,2026
COO,Cooper Companies (The),Health Care,Health Care Supplies,0,0,0,,0,0,0,2025,2026,2025,,,2023,2025,,2025,2025,2025,2025,2025,2025,2026,,,,,,2025,2025,,,,,2025,2025,2025,,,2025,2025,2025,2026,2026
COP,ConocoPhillips,Energy,Oil & Gas Exploration & Production,0,0,,,0,0,0,2025,2026,2025,2023,2023,2023,2025,,2025,2025,2025,2022,2022,2025,2026,,,,,,2025,2025,,,,,2025,2025,2025,2025,2025,2025,2025,2025,2026,2026
COR,Cencora,Health Care,Health Care Distributors,0,0,0,,0,0,0,2025,2026,2025,,,2023,2025,,2025,2025,2025,2025,2025,,2026,2026,2026,2026,2026,2026,2025,2025,,,,,2025,2025,2025,,,2025,2025,2025,2026,2026
COST,Costco,Consumer Staples,Consumer Staples Merchandise Retail,0,0,,,0,0,0,2025,2026,2025,,,2023,2025,,2025,2025,2025,2025,2025,,2026,,,,,,2025,2025,,,,,2025,2025,,,,2025,2025,2025,2026,2026
CPAY,Corpay,Financials,Transaction & Payment Processing Services,0,0,0,,0,0,0,2025,2026,2025,,,2023,,,2025,2025,2025,2025,2025,,2026,,,,,,2025,2025,,,,,2025,2025,2025,,,2025,2025,,2026,2026
CPRT,Copart,Industrials,Diversified Support Services,0,0,0,,0,0,0,2025,2026,2025,,,2023,,,2025,2025,2025,2025,2025,,2026,,,,,,2025,2025,,,,,2025,2025,,,,2025,2021,,2026,2026
CPT,Camden Property Trust,Real Estate,Multi-Family Residential REITs,0,0,0,,0,0,0,2025,2026,2025,,,2023,2025,,2025,,,,,,2026,,,,,,2025,2025,,,,,2025,2025,2025,,,2025,2025,2025,2026,2026
CRH,CRH plc,Materials,Construction Materials,0,0,,,0,0,0,2025,2026,2025,,,,2025,,2025,2025,2025,2025,2025,,2026,2026,2026,,,,2025,2025,,,,,2025,2025,2025,,,2025,2025,,2026,2026
CRL,Charles River Laboratories,Health Care,Life Sciences Tools & Services,0,0,0,,0,0,0,2025,2026,2025,,,2023,,,2025,2025,2025,2025,2025,,2026,2026,2026,2026,2026,2026,2025,2025,,,,,2025,2025,2025,,,2025,2025,,2026,2026
CRM,Salesforce,Information Technology,Application Software,0,0,0,,0,0,0,2026,2026,2025,,,2023,2025,,2025,2025,2025,2025,2025,2025,2026,,,,,,2026,2026,,2025,2025,,2025,2025,2025,,,2025,2025,2025,2026,2026
CRWD,CrowdStrike,Information Technology,Systems Software,0,0,,,0,0,0,2026,2026,2025,,,2023,2025,,2025,2025,2026,2025,2025,2025,2026,2026,2026,2026,2026,2026,2026,2026,,2025,2025,2025,2025,2025,2025,,,2025,,,2026,2026
CSCO,Cisco,Information Technology,Communications Equipment,0,0,,,0,0,0,2026,2026,2025,,,2023,2025,,2025,2025,2025,2025,2025,2025,2026,,,,,,2026,2026,,,,2025,2025,2025,2025,,,2025,2025,2025,2026,2026
CSGP,CoStar Group,Real Estate,Real Estate Services,0,0,0,,0,0,0,2025,2026,2025,,,2023,2025,,2025,2025,2025,2025,2025,,2026,2026,2026,2026,2026,2026,2025,2025,2025,,,,2025,2025,2025,,,2025,2025,,2026,2026
CSX,CSX Corporation,Industrials,Rail Transportation,0,0,0,,0,0,0,2025,2026,2025,,,2023,,2025,2025,2025,2025,2025,2025,,2026,2026,2026,,,,2025,2025,,,,,2025,2025,2025,,,2025,2025,2025,2026,2026
CTAS,Cintas,Industrials,Diversified Support Services,0,0,,,0,0,0,2026,2026,2025,,,2023,2025,,2025,2025,2025,2025,2025,,2026,,,,,,2026,2026,,,,,2025,2025,,,,2025,2025,2025,2026,2026
CTSH,Cognizant,Information Technology,IT Consulting & Other Services,0,0,0,,0,0,0,2025,2026,2025,,,2023,,,2025,2025,2025,2025,2025,,2026,,,,,,2025,2025,,,,,2025,2025,2025,,,2025,2025,2025,2026,2026
CTVA,Corteva,Materials,Fertilizers & Agricultural Chemicals,0,0,0,,0,0,0,2025,2026,2025,2023,2023,2023,2025,,2025,2025,2025,2025,2025,2025,2026,,,,,,2025,2025,,,,,2025,2025,2025,2025,2025,2025,2025,2025,2026,2026
CVNA,Carvana,Consumer Discretionary,Automotive Retail,0,0,,,0,0,0,2025,2026,2025,,,2023,2025,,2025,2025,2025,2025,2025,,2026,,,,,,2025,2025,,,,,2025,2025,,,,2025,,,2026,2026
CVS,CVS Health,Health Care,Health Care Services,0,0,0,,0,0,0,2025,2026,2025,,,2023,2025,,2025,2025,2025,2025,2025,,2026,2026,2026,2026,2026,2026,2025,2025,,,,,2025,2025,2025,,,2025,2025,2025,2026,2026
CVX,Chevron Corporation,Energy,Integrated Oil & Gas,0,0,,,0,0,0,2025,2026,2025,2023,2023,2023,2025,,2025,,,2025,2025,2025,2026,,,,,,2025,2025,,,,,2025,2025,2025,,,2025,2025,2025,2026,2026
D,Dominion Energy,Utilities,Multi-Utilities,0,0,,,0,0,0,2025,2026,2025,2023,2023,2023,,,2025,2025,2025,,,,2026,,,,,,2025,2025,,,,2025,2025,2025,2025,2025,2025,2025,,2025,2026,2026
DAL,Delta Air Lines,Industrials,Passenger Airlines,0,0,0,,0,0,0,2025,2026,2025,2023,2023,2023,,2025,2025,2025,2025,2025,2025,,2026,2026,2026,,,,2025,2025,,,,,2025,2025,2025,2025,2025,2025,2022,2025,2026,2026
DASH,DoorDash,Consumer Discretionary,Specialized Consumer Services,0,0,0,,0,0,0,2025,2026,2025,,,2023,,,2025,2025,2025,2025,2025,2025,2026,,,,,,2025,2025,,,,,2025,2025,,,,2025,2025,,2026,2026
DD,DuPont,Industrials,Industrial Conglomerates,0,0,,,0,0,0,2025,2026,2025,,,2023,2025,,2025,2025,2025,2025,2025,2025,2026,,,,,,2025,2025,,,,,2025,2025,2025,,,2025,2021,2025,2026,2026
DDOG,Datadog,Information Technology,Application Software,0,0,0,,0,0,0,2025,2026,2025,,,2023,2025,,2025,2025,2025,2025,2025,2025,2026,,,,,,2025,2025,,,,,2025,2025,2025,,,2025,,,2026,2026
DE,Deere & Company,Industrials,Agricultural & Farm Machinery,0,0,0,,0,0,0,2025,2026,2025,2023,2023,2023,,,2025,2025,2025,2025,2025,2025,2026,2026,2026,2026,2026,2026,2025,2025,2025,,,2025,2025,2025,2025,,,2025,2025,2025,2026,2026
DECK,Deckers Brands,Consumer Discretionary,Footwear,0,0,,,0,0,0,2026,2026,2025,,,2023,2025,,2025,2025,2025,2025,2025,2025,2026,2026,2026,2026,2026,2026,2026,2026,2025,2025,2025,,2025,2025,2025,,,2025,2025,,2026,2026
DELL,Dell Technologies,Information Technology,"Technology Hardware, Storage & Peripherals",0,0,0,,0,0,0,2026,2026,2025,,,2023,2025,,2025,2025,2025,2025,2025,2025,2026,2026,2026,2026,2026,2026,2026,2026,,,,,2025,2025,2025,2025,2025,2025,2025,2025,2026,2026
DG,Dollar General,Consumer Staples,Consumer Staples Merchandise Retail,0,0,0,,0,0,0,2026,2026,2025,,,2023,2025,,2025,2025,2025,2025,2025,,2026,,,,,,2026,2026,,,,,2025,2025,2025,,,2025,2022,2025,2026,2026
DGX,Quest Diagnostics,Health Care,Health Care Services,0,0,0,,0,0,0,2025,2026,2025,,,2023,2025,,2025,2025,2025,2025,2025,,2026,,,,,,2025,2025,,,,,2025,2025,2025,2025,2025,2025,2025,2025,2026,2026
DHI,D. R. Horton,Consumer Discretionary,Homebuilding,0,0,,,0,0,0,2025,2026,2025,,,2023,2025,,2025,2025,2025,2025,2025,,2026,,,,,,2025,2025,,2025,2025,,2025,2025,2025,2025,2025,2025,2025,2025,2026,2026
DHR,Danaher Corporation,Health Care,Life Sciences Tools & Services,0,0,,,0,0,0,2025,2026,2025,,,2023,2025,,2025,2025,2025,2025,2025,2025,2026,2026,2026,2026,2026,2026,2025,2025,,,,,2025,2025,2025,,,2025,2025,2025,2026,2026
DIS,Walt Disney Company (The),Communication Services,Movies & Entertainment,0,0,0,,0,0,0,2025,2026,2025,2023,2023,2023,,,2025,2025,2025,2025,2025,,2026,2026,2026,2026,2026,2026,2025,2025,,,,,2025,2025,2025,,,2025,2025,2025,2026,2026
DLR,Digital Realty,Real Estate,Data Center REITs,0,0,,,0,0,0,2025,2026,2025,,,2023,,,2025,2025,2025,,,,2026,2026,2026,2026,2026,2026,2025,2025,,,,,2025,2025,2025,2025,2025,2025,,2025,2026,2026
DLTR,Dollar Tree,Consumer Staples,Consumer Staples Merchandise Retail,0,0,0,,0,0,0,2026,2026,2025,,,2023,2025,,2025,2025,2025,2025,2025,,2026,,,,,,2026,2026,,,,,2025,2025,2025,,,2025,2025,,2026,2026
DOC,Healthpeak Properties,Real Estate,Health Care REITs,0,0,0,,0,0,0,2025,2026,2025,,,2023,2024,,2025,,,2025,2025,,2026,2026,2026,2026,2026,2026,2025,2025,,,,,2025,2025,2025,,,2025,2025,2025,2026,2026
DOV,Dover Corporation,Industrials,Industrial Machinery & Supplies & Components,0,0,0,,0,0,0,2025,2026,2025,,,2023,2025,,2025,2025,2025,2025,2025,2025,2026,2026,2026,,2026,2026,2025,2025,,,,2025,2025,2025,2025,2025,2025,2025,2025,2025,2026,2026
DOW,Dow Inc.,Materials,Commodity Chemicals,0,0,0,,0,0,0,2025,2026,2025,2023,2023,2023,2025,,2025,2025,2025,2025,2025,,2026,,,,,,2025,2025,,2025,2025,2025,2025,2025,2025,2025,2025,2025,2025,2025,2026,2026
DPZ,Domino's,Consumer Discretionary,Restaurants,0,0,,,0,0,0,2025,2026,2025,,,2023,2025,,2025,2025,2025,2025,2025,,2026,,,,,,2025,2025,,,,,2025,2025,2025,,,2025,2025,2025,2026,2026
DRI,Darden Restaurants,Consumer Discretionary,Restaurants,0,0,0,,0,0,0,2026,2026,2025,,,2023,,,2025,2025,2025,2025,2025,,2026,,,,,,2026,2026,,,,,2025,2025,2025,2025,2025,2025,2025,2025,2026,2026
DTE,DTE Energy,Utilities,Multi-Utilities,0,0,0,,0,0,0,2025,2026,2025,2023,2023,2023,,,2025,2025,2025,,,,2026,,,,,,2025,2025,,,,,2025,2025,2025,2025,2025,2025,2024,2025,2026,2026
DUK,Duke Energy,Utilities,Electric Utilities,0,0,0,,0,0,0,2025,2026,2025,2023,2023,2023,,,2025,2025,2025,2025,2025,,2026,,,,,,2025,2025,,,,,2025,2025,2025,,,2025,,2022,2026,2026
DVA,DaVita,Health Care,Health Care Services,0,0,0,,0,0,0,2025,2026,2025,,,2023,,,2025,2025,2025,2025,2025,,2026,2026,2026,2026,2026,2026,2025,2025,,,,,2025,2025,2025,,,2025,2025,2025,2026,2026
DVN,Devon Energy,Energy,Oil & Gas Exploration & Production,0,0,0,,0,0,0,2025,2026,2025,2023,2023,2023,,,2025,2025,2025,2025,2025,,2026,,,,,,2025,2025,,2025,2025,,2025,2025,2025,,,2025,2025,2024,2026,2026
DXCM,Dexcom,Health Care,Health Care Equipment,0,0,0,,0,0,0,2025,2026,2025,,,2023,2025,,2025,2025,2025,2025,2025,2025,2026,2026,,,,,2025,2025,,,,,2025,2025,2025,,,2025,2025,,2026,2026
EBAY,eBay Inc.,Consumer Discretionary,Broadline Retail,0,0,0,,0,0,0,2025,2026,2025,,,2023,2025,,2025,2025,2025,2025,2025,2025,2026,2026,2026,2026,2026,2026,2025,2025,,,,,2025,2025,2025,2025,2025,2025,2025,2025,2026,2026
ECHO,EchoStar,Communication Services,Wireless Telecommunication Services,0,0,0,,0,0,0,2025,2026,2025,,,2023,,,2025,2025,2025,2025,2025,2025,2026,,,,,,2025,2025,,,,,2025,2025,,,,2025,2025,,2026,2026
ECL,Ecolab,Materials,Specialty Chemicals,0,0,0,,0,0,0,2025,2026,2025,,,2023,2025,,2025,2025,2025,2025,2025,2025,2026,2026,2026,2026,2026,2026,2025,2025,2025,,,,2025,2025,2025,2025,2025,2025,2025,2025,2026,2026
ED,Consolidated Edison,Utilities,Multi-Utilities,0,0,0,,0,0,0,,2026,2025,2023,2023,2023,,,2025,2025,2025,2022,2022,2022,2026,,,,,,,,,,,,2025,2025,2025,,,2025,2025,2025,2026,2026
EFX,Equifax,Industrials,Research & Consulting Services,0,0,0,,0,0,0,2025,2026,2025,,,2023,,,2025,2025,2025,2025,2025,,2026,2026,2026,2026,2026,2026,2025,2025,,,,,2025,2025,2025,2025,2025,2025,2025,2025,2026,2026
EG,Everest Group,Financials,Reinsurance,0,0,0,,0,0,0,2025,2026,2025,,,,,,2025,2025,,,,,2026,,,,,,2025,2025,,,,,2025,2025,2025,,,2025,2025,2025,2026,2026
EIX,Edison International,Utilities,Electric Utilities,0,0,0,,0,0,0,2025,2026,2025,2023,2023,2023,,,2025,2025,2025,2025,2025,,2026,,,,,,,,,,,,2025,2025,2025,,,2025,2025,2025,2026,2026
EL,Estée Lauder Companies (The),Consumer Staples,Personal Care Products,0,0,,,0,0,0,2026,2026,2025,,,2023,2025,,2025,2025,2025,2025,2025,,2026,2026,2026,2026,2026,2026,2026,2026,,,,,2025,2025,2025,,,2025,2025,2025,2026,2026
ELV,Elevance Health,Health Care,Managed Health Care,0,0,0,,0,0,0,2025,2026,2025,,,2023,2025,,2025,2025,2025,2025,2025,,2026,2026,2026,2026,2026,2026,2025,2025,,,,,2025,2025,2025,2025,2025,2025,2025,2025,2026,2026
EME,Emcor,Industrials,Construction & Engineering,0,0,0,,0,0,0,2025,2026,2025,,,2023,2025,,2025,2025,2025,2025,2025,,2026,2026,,,,,2025,2025,2025,,,,2025,2025,,2025,2025,2025,2025,2025,2026,2026
EMR,Emerson Electric,Industrials,Electrical Components & Equipment,0,0,0,,0,0,0,2025,2026,2025,,,2023,2025,,2025,2025,2025,2025,2025,2025,2026,2026,2026,2026,2026,2026,,,,,,,2025,2025,2025,,,2025,2025,2025,2026,2026
EOG,EOG Resources,Energy,Oil & Gas Exploration & Production,0,0,0,,0,0,0,2025,2026,2025,2023,2023,2023,,,2025,2025,2025,,,,2026,,,,,,2025,2025,,,,,2025,2025,2025,,,2025,2025,,2026,2026
EQIX,Equinix,Real Estate,Data Center REITs,0,0,,,0,0,0,2025,2026,2025,,,2023,2025,,2025,2025,2025,2025,2025,,2026,2026,2026,2026,2026,2026,2025,2025,,,,,2025,2025,2025,,,2025,,2025,2026,2026
EQT,EQT Corporation,Energy,Oil & Gas Exploration & Production,0,0,0,,0,0,0,2025,2026,2025,2017,2017,2023,2025,,2025,2025,2025,2025,2025,,2026,,,,,,2025,2025,,,,2025,2025,2025,2025,,,2025,2025,2025,2026,2026
ERIE,Erie Indemnity,Financials,Insurance Brokers,0,0,0,,0,0,0,,2026,2026,,,2023,,,2025,2025,2025,2025,2025,,2026,,,,,,2025,2025,,,,,,,,,,,,2025,2026,2026
ES,Eversource Energy,Utilities,Electric Utilities,0,0,0,,0,0,0,2025,2026,2025,2023,2023,2023,,,2025,2025,2025,2025,2025,,2026,2026,,,,,2025,2025,2025,,,2025,2025,2025,2025,,,2025,,2025,2026,2026
ESS,Essex Property Trust,Real Estate,Multi-Family Residential REITs,0,0,0,,0,0,0,2025,2026,2025,,,2023,,,2025,2025,2025,,,,2026,2026,2026,,,,2025,2025,,2025,2025,,2025,2025,2025,2025,2025,2025,2025,,2026,2026
ETN,Eaton Corporation,Industrials,Electrical Components & Equipment,0,0,,,0,0,0,2025,2026,2025,,,,2025,,2025,2025,2025,2025,2025,2025,2026,2026,2026,,,,2025,2025,,,,,2025,2025,2025,,,2025,2025,2025,2026,2026
ETR,Entergy,Utilities,Electric Utilities,0,0,0,,0,0,0,2025,2026,2025,2023,2023,2023,,,2025,2025,2025,2025,2025,,2026,,,,,,2025,2025,,,,,2025,2025,2025,,,2025,,2025,2026,2026
EVRG,Evergy,Utilities,Electric Utilities,0,0,0,,0,0,0,2025,2026,2025,2023,2023,2023,,,2025,2025,2025,2025,2025,,2026,,,,,,2025,2025,,,,,2025,2025,2025,,,2025,2021,2025,2026,2026
EW,Edwards Lifesciences,Health Care,Health Care Equipment,0,0,,,0,0,0,2025,2026,2025,,,2023,2025,,2025,2025,2025,2025,2025,2025,2026,2026,2026,2026,2026,2026,2025,2025,,,,,2025,2025,2025,,,2025,2025,,2026,2026
EXC,Exelon,Utilities,Electric Utilities,0,0,0,,0,0,0,2025,2026,2025,2023,2023,2023,,,2025,2025,2025,2025,2025,,2026,,,,,,2025,2025,,,,,2025,2025,2025,,,2025,,2025,2026,2026
EXE,Expand Energy,Energy,Oil & Gas Exploration & Production,0,0,0,,0,0,0,2025,2026,2025,,,2023,,,2025,2025,2025,2025,2025,,2026,,,,,,2025,2025,,2025,2025,,2025,2025,,,,2025,2025,2025,2026,2026
EXPD,Expeditors International,Industrials,Air Freight & Logistics,0,0,,,0,0,0,2025,2026,2025,,,2023,,,2025,2025,2025,2025,2025,,2026,,,,,,2025,2025,,,,2025,2025,2025,2025,,,2025,2025,2025,2026,2026
EXPE,Expedia Group,Consumer Discretionary,"Hotels, Resorts & Cruise Lines",0,0,0,,0,0,0,2025,2026,2025,,,2023,,,2025,2025,2025,2025,2025,,2026,2026,2026,2026,2026,2026,2025,2025,,,,,2025,2025,2025,,,2025,2025,2025,2026,2026
EXR,Extra Space Storage,Real Estate,Self-Storage REITs,0,0,,,0,0,0,2025,2026,2025,,,2023,2025,,2025,2025,2025,2025,2025,,2026,,,,,,2025,2025,,,,,2025,2025,2025,2025,2025,2025,2025,2025,2026,2026
F,Ford Motor Company,Consumer Discretionary,Automobile Manufacturers,0,0,0,,0,0,0,2025,2026,2025,2023,2023,2023,2025,,2025,2025,2025,2025,2025,2025,2026,2026,2026,,,,2025,2025,,,,,2025,2025,2025,,,2025,2025,2025,2026,2026
FANG,Diamondback Energy,Energy,Oil & Gas Exploration & Production,0,0,0,,0,0,0,2025,2026,2025,,,2023,,,2025,2025,2025,,,,2026,,,,,,2025,2025,,2025,2025,2025,2025,2025,2025,,,2025,2024,2025,2026,2026
FAST,Fastenal,Industrials,Trading Companies & Distributors,0,0,0,,0,0,0,2025,2026,2025,,,2023,2025,,2025,2025,2025,2025,2025,,2026,,,,,,2025,2025,,,,,2025,2025,,2025,2025,2025,2024,2025,2026,2026
FCX,Freeport-McMoRan,Materials,Copper,0,0,0,,0,0,0,2025,2026,2025,2023,2023,2023,2025,,2025,2025,2025,2025,2025,,2026,2026,,,,,2025,2025,,,,,2025,2025,2025,2025,2025,2025,2025,2025,2026,2026
FDS,FactSet,Financials,Financial Exchanges & Data,0,0,,,0,0,0,2025,2026,2025,,,2023,2025,,2025,2025,2025,2025,2025,2025,2026,,,,,,2025,2025,,,,,2025,2025,2025,,,2025,2025,2025,2026,2026
FDX,FedEx,Industrials,Air Freight & Logistics,0,0,0,,0,0,0,2026,2026,2025,,,2023,,2025,2025,2025,2025,2025,2025,,2026,2026,2026,2026,2026,2026,2026,2026,,2025,2025,2025,2025,2025,,,,2025,2025,2025,2026,2026
FDXF,FedEx Freight,Industrials,Cargo Ground Transportation,0,0,0,,0,0,0,2026,2026,2025,,,2023,,2025,2025,2025,2025,2025,2025,,2026,,,,,,2026,2026,,,,,,,,,,,,2025,2026,2026
FE,FirstEnergy,Utilities,Electric Utilities,0,0,0,,0,0,0,2025,2026,2025,2023,2023,2023,,2025,2025,2025,2025,2025,2025,,2026,,,,,,2025,2025,,,,,2025,2025,2025,,,2025,,2025,2026,2026
FERG,Ferguson Enterprises,Industrials,Trading Companies & Distributors,0,0,,,0,0,0,2025,2026,2025,,,2023,2025,,2025,2025,2025,2025,2025,,2026,,,,,,2025,2025,,,,,2025,2025,2025,,,2025,2025,2025,2026,2026
FFIV,"F5, Inc.",Information Technology,Communications Equipment,0,0,,,0,0,0,2025,2026,2025,,,2023,2025,,2025,2025,2025,2025,2025,2025,2026,2026,2026,2026,2026,2026,2025,2025,,2025,,,2025,2025,2025,,,2025,2025,,2026,2026
FICO,Fair Isaac,Information Technology,Application Software,0,0,0,,0,0,0,2025,2026,2025,,,2023,2025,,2025,2025,2025,2025,2025,2025,2026,,,,,,2025,2025,,,,,2025,2025,2025,,,2025,2025,,2026,2026
FIS,Fidelity National Information Services,Financials,Transaction & Payment Processing Services,0,0,0,,0,0,0,2025,2026,2025,,,2023,2025,,2025,2025,2025,2025,2025,,2026,,,,,,2025,2025,,2025,2025,,2025,2025,2025,,,2025,2025,2025,2026,2026
FISV,Fiserv,Financials,Transaction & Payment Processing Services,0,0,0,,0,0,0,2025,2026,2025,,,2023,,,2025,2025,2025,2025,2025,,2026,,,,,,2025,2025,,,,,2025,2025,2025,,,2025,,,2026,2026
FITB,Fifth Third Bancorp,Financials,Regional Banks,0,0,0,,0,0,0,2025,2026,2025,,,2023,,,2025,2025,2025,2025,2025,,2026,,,,,,2025,2025,,,,,2025,2025,2025,,,2025,2025,2025,2026,2026
FIX,Comfort Systems USA,Industrials,Construction & Engineering,0,0,0,,0,0,0,2025,2026,2025,,,2023,2025,,2025,2025,2025,2025,2025,,2026,,,,,,2025,2025,,,,,2025,2025,2025,,,2025,2025,2025,2026,2026
FLEX,Flex Ltd.,Information Technology,Electronic Manufacturing Services,0,0,0,,0,0,0,2026,2026,2025,,,2023,2025,,2025,2025,2026,2025,2025,,2026,2026,2026,,,,2026,2026,2025,,,,2025,2025,2025,2025,2025,2025,2025,,2026,2026
FOX,Fox Corporation (Class B),Communication Services,Broadcasting,0,0,,,0,0,0,2026,2026,2025,,,2023,,,2025,2025,2025,2025,2025,,2026,,,,,,2026,2026,,,,,2025,2025,2025,,,2025,2025,2025,2026,2026
FRT,Federal Realty Investment Trust,Real Estate,Retail REITs,0,0,0,,0,0,0,2025,2026,2025,,,2023,,2025,2025,2025,2025,,,,2026,2026,2026,,,,2025,2025,,,,,2025,2025,2025,,,2025,,,2026,2026
FSLR,First Solar,Information Technology,Semiconductors,0,0,0,,0,0,0,2025,2026,2025,,,2023,2025,,2025,2025,2025,2025,2025,2025,2026,2026,2026,2026,2026,2026,2025,2025,,,,,2025,2025,2025,,,2025,,,2026,2026
FTNT,Fortinet,Information Technology,Systems Software,0,0,0,,0,0,0,2025,2026,2025,,,2023,2025,,2025,2025,2025,2025,2025,2025,2026,2026,2026,2026,2026,2026,2025,2025,,,,,2025,2025,2025,,,2025,2025,,2026,2026
FTV,Fortive,Industrials,Industrial Machinery & Supplies & Components,0,0,0,,0,0,0,2025,2026,2025,,,2023,2025,,2025,2025,2025,2025,2025,2025,2026,,,,,,2025,2025,,,,,2025,2025,2025,,,2025,2025,2025,2026,2026
GD,General Dynamics,Industrials,Aerospace & Defense,0,0,0,,0,0,0,2025,2026,2025,,,2023,,,2025,2025,2025,2025,2025,,2026,,,,,,2025,2025,,,,,2025,2025,2025,2025,2025,2025,2025,2025,2026,2026
GDDY,GoDaddy,Information Technology,Internet Services & Infrastructure,0,0,0,,0,0,0,2025,2026,2025,,,2023,,,2025,2025,2025,2025,2025,,2026,,,,,,2025,2025,,,,,2025,2025,2025,,,2025,2025,,2026,2026
GE,GE Aerospace,Industrials,Aerospace & Defense,0,0,0,,0,0,0,2025,2026,2025,,,2023,,,2025,2025,2025,2025,2025,2025,2026,,,,,,2025,2025,,2025,2025,,2025,2025,2025,,,2025,2025,,2026,2026
GEHC,GE HealthCare,Health Care,Health Care Equipment,0,0,,,0,0,0,2025,2026,2025,,,2023,,,2025,2025,,2025,2025,2025,2026,2026,2026,2026,2026,2026,2025,2025,2025,,,,2025,2025,2025,,,2025,2025,2025,2026,2026
GEN,Gen Digital,Information Technology,Systems Software,0,0,0,,0,0,0,2026,2026,2025,,,2023,2025,,2025,2025,2025,2025,2025,2025,2026,,,,,,2026,2026,,,,,2025,2025,2025,,,2025,2025,2025,2026,2026
GEV,GE Vernova,Industrials,Heavy Electrical Equipment,0,0,,,0,0,0,2025,2026,2025,,,2023,2025,,2025,2025,2025,2025,2025,2025,2026,,,,,,2025,2025,,,,2025,2025,2025,2025,,,2025,2025,2025,2026,2026
GILD,Gilead Sciences,Health Care,Biotechnology,0,0,0,,0,0,0,2025,2026,2025,,,2023,2025,,2025,2025,2025,2025,2025,,2026,2026,2026,2026,2026,2026,2025,2025,,,,,2025,2025,2025,2025,2025,2025,2025,2025,2026,2026
GIS,General Mills,Consumer Staples,Packaged Foods & Meats,0,0,0,,0,0,0,2026,2026,2025,2023,2023,2023,2025,,2025,2025,2025,2025,2025,2025,2026,2026,2026,2026,2026,2026,2026,2026,,,,,2025,2025,2025,,,2025,2025,2025,2026,2026
GL,Globe Life,Financials,Life & Health Insurance,0,0,0,,0,0,0,2025,2026,2025,,,2023,,,2025,2025,2025,2025,2025,,2026,,,,,,2025,2025,,,,,2025,2025,2025,,,2025,2025,2025,2026,2026
GLW,Corning Inc.,Information Technology,Electronic Components,0,0,,,0,0,0,2025,2026,2025,2023,2023,2023,2025,,2025,2025,2025,,,2025,2026,2026,2026,2026,2026,2026,2025,2025,2025,,,,2025,2025,2025,,,2025,2025,,2026,2026
GM,General Motors,Consumer Discretionary,Automobile Manufacturers,0,0,,,0,0,0,2025,2026,2025,2023,2023,2023,2021,,2025,2025,2025,2025,2025,,2026,2026,2026,2026,2026,2026,2025,2025,,,,,2025,2025,2025,,,2025,2025,2025,2026,2026
GNRC,Generac,Industrials,Heavy Electrical Equipment,0,0,0,,0,0,0,2025,2026,2025,,,2023,2025,,2025,2025,2025,2025,2025,2025,2026,,,,,,2025,2025,,,,,2025,2025,2025,,,2025,2025,2025,2026,2026
GOOGL,Alphabet Inc. (Class A),Communication Services,Interactive Media & Services,0,0,,,0,0,0,2025,2026,2025,2023,2023,2023,2025,,2025,2025,2025,2025,2025,2025,2026,2026,2026,,,,2025,2025,,,,,2025,2025,2025,,,2025,2025,2025,2026,2026
GPC,Genuine Parts Company,Consumer Discretionary,Distributors,0,0,0,,0,0,0,2025,2026,2025,,,2023,2025,,2025,2025,2025,2025,2025,,2026,,,,,,2025,2025,,,,,2025,2025,2025,2025,2025,2025,2025,2025,2026,2026
GPN,Global Payments,Financials,Transaction & Payment Processing Services,0,0,0,,0,0,0,2025,2026,2025,,,2023,2025,,2025,2025,2025,2025,2025,,2026,,,,,,2025,2025,,,,,2025,2025,2025,,,2025,2025,2025,2026,2026
GRMN,Garmin,Consumer Discretionary,Consumer Electronics,0,0,0,,0,0,0,2025,2026,2025,,,,2025,,2025,2025,,2025,2025,2025,2026,,,,,,2025,2025,,,,2025,2025,2025,,,,2025,,2025,2026,2026
GS,Goldman Sachs,Financials,Investment Banking & Brokerage,0,0,0,,0,0,0,2025,2026,2025,2023,2023,2023,,,2025,2025,2025,2025,2025,,2026,,,,,,2025,2025,,,,,2025,2025,2025,2025,2025,2025,2025,2025,2026,2026
GWW,W. W. Grainger,Industrials,Industrial Machinery & Supplies & Components,0,0,,,0,0,0,2025,2026,2025,,,2023,2025,,2025,2025,2025,2025,2025,,2026,,,,,,,,,,,,2025,2025,2025,2025,2025,2025,2025,2025,2026,2026
HAL,Halliburton,Energy,Oil & Gas Equipment & Services,0,0,0,,0,0,0,2025,2026,2025,2023,2023,2023,,,2025,2025,2025,2025,2025,2025,2026,,,,,,,,2025,,,,2025,2025,2025,,,2025,2025,2025,2026,2026
HAS,Hasbro,Consumer Discretionary,Leisure Products,0,0,0,,0,0,0,2025,2026,2025,,,2023,2025,,2025,2025,2025,2025,2025,2025,2026,2026,2026,2026,2026,2026,2025,2025,,,,,2025,2025,2025,,,2025,2024,2025,2026,2026
HBAN,Huntington Bancshares,Financials,Regional Banks,0,0,0,,0,0,0,2025,2026,2025,,,2023,,,2025,2025,2025,2025,2025,,2026,,,,,,2025,2025,,,,,2025,2025,2025,,,2025,2023,2025,2026,2026
HCA,HCA Healthcare,Health Care,Health Care Facilities,0,0,0,,0,0,0,2025,2026,2025,,,2023,,,2025,2025,2025,2025,2025,,2026,,,,,,2025,2025,,,,,2025,2025,,,,2025,2025,2025,2026,2026
HD,Home Depot (The),Consumer Discretionary,Home Improvement Retail,0,0,0,,0,0,0,2026,2026,2025,,,2023,2025,,2025,2025,2025,2025,2025,,2026,2026,2026,2026,2026,2026,2026,2026,,,,,2025,2025,2025,,,2025,2025,2025,2026,2026
HIG,Hartford (The),Financials,Property & Casualty Insurance,0,0,,,0,0,0,2025,2026,2025,,,2023,,,2025,2025,2025,2025,2025,,2026,,,,,,2025,2025,,,,,2025,2025,2025,,,2025,2025,2025,2026,2026
HII,Huntington Ingalls Industries,Industrials,Aerospace & Defense,0,0,0,,0,0,0,2025,2026,2025,2023,2023,2023,,,2025,2025,2025,2025,2025,2025,2026,,,,,,2025,2025,,2025,2025,,2025,2025,2025,,,2025,2024,2025,2026,2026
HLT,Hilton Worldwide,Consumer Discretionary,"Hotels, Resorts & Cruise Lines",0,0,0,,0,0,0,2025,2026,2025,,,2023,,,2025,2025,2025,2025,2025,,2026,2026,2026,,,,2025,2025,,,,,2025,2025,,,,2025,2025,2025,2026,2026
HON,Honeywell Technologies,Industrials,Industrial Conglomerates,0,0,,,0,0,0,2025,2026,2025,,,2023,2025,,2025,2025,2025,2025,2025,2025,2026,,,,,,2025,2025,,,,2025,2025,2025,2025,,,2025,2025,2025,2026,2026
HONA,Honeywell Aerospace,Industrials,Aerospace & Defense,0,0,0,,0,0,0,,2026,2026,,,2023,,,,,,,,,2026,,,,,,,,,,,,,,,,,,,,2026,2026
HOOD,Robinhood Markets,Financials,Investment Banking & Brokerage,0,0,0,,0,0,0,2025,2026,2025,,,2023,,,2025,2025,2025,2022,2022,2025,2026,,,,,,2025,2025,,,,,2025,2025,,,,2025,2025,,2026,2026
HPE,Hewlett Packard Enterprise,Information Technology,"Technology Hardware, Storage & Peripherals",0,0,0,,0,0,0,2025,2026,2025,,,2023,,,2025,2025,2025,2025,2025,2025,2026,2026,2026,2026,2026,2026,2025,2025,2025,,,,2025,2025,2025,2025,2025,2025,2025,2025,2026,2026
HPQ,HP Inc.,Information Technology,"Technology Hardware, Storage & Peripherals",0,0,0,,0,0,0,2025,2026,2025,,,2023,2025,,2025,2025,2025,2025,2025,2025,2026,2026,2026,2026,2026,2026,2025,2025,,,,,2025,2025,2025,2025,2025,2025,2025,2025,2026,2026
HRL,Hormel Foods,Consumer Staples,Packaged Foods & Meats,0,0,0,,0,0,0,2025,2026,2025,2023,2023,2023,2025,,2025,2025,2025,2025,2025,2025,2026,2026,2026,2026,2026,2026,2025,2025,,,,,2025,2025,2025,,,2025,2025,2025,2026,2026
HSIC,Henry Schein,Health Care,Health Care Distributors,0,0,0,,0,0,0,2025,2026,2025,,,2023,2025,,2025,2025,2025,2025,2025,,2026,2026,2026,2026,2026,2026,2025,2025,,,,,2025,2025,2025,,,2025,2025,,2026,2026
HST,Host Hotels & Resorts,Real Estate,Hotel & Resort REITs,0,0,0,,0,0,0,2025,2026,2025,,,2023,,,2025,2025,2025,,,,2026,2026,2026,2026,2026,2026,2025,2025,,,,,2025,2025,2025,,,2025,2025,2025,2026,2026
HSY,Hershey Company (The),Consumer Staples,Packaged Foods & Meats,0,0,0,,0,0,0,2025,2026,2025,,,2023,2025,,2025,2025,2025,2025,2025,2025,2026,2026,2026,2026,2026,2026,2025,2025,,,,,2025,2025,2025,,,2025,2025,2025,2026,2026
HUBB,Hubbell Incorporated,Industrials,Industrial Machinery & Supplies & Components,0,0,0,,0,0,0,2025,2026,2025,,,2023,2025,,2025,2025,2025,2025,2025,,2026,,,,,,2025,2025,,,,,2025,2025,2025,2025,2025,2025,2025,,2026,2026
HUM,Humana,Health Care,Managed Health Care,0,0,0,,0,0,0,2025,2026,2025,,,2023,,,2025,2025,2025,2025,2025,,2026,2026,2026,,,,2025,2025,,,,,2025,2025,2025,,,2025,2025,2025,2026,2026
HWM,Howmet Aerospace,Industrials,Aerospace & Defense,0,0,0,,0,0,0,2025,2026,2025,2023,2023,2023,,,2025,2025,2025,2025,2025,2025,2026,,,,,,2025,2025,,,,,2025,2025,2025,2025,2025,2025,2025,,2026,2026
IBKR,Interactive Brokers,Financials,Investment Banking & Brokerage,0,0,,,0,0,0,2025,2026,2025,,,2023,,,2025,2025,2025,,,,2026,,,,,,2025,2025,,,,,2025,2025,,,,2025,,2025,2026,2026
IBM,IBM,Information Technology,IT Consulting & Other Services,0,0,,,0,0,0,2025,2026,2025,2014,2014,2023,2025,,2025,2025,,2025,2025,2025,2026,,,,,,2025,2025,,,,,2025,2025,2025,2025,2025,2025,,2025,,
ICE,Intercontinental Exchange,Financials,Financial Exchanges & Data,0,0,,,0,0,0,2025,2026,2025,,,2023,,,2025,2025,2025,2025,2025,,2026,,,,,,,,,,,,2025,2025,2025,2025,2025,2025,2025,2025,2026,2026
IDXX,Idexx Laboratories,Health Care,Health Care Equipment,0,0,0,,0,0,0,2025,2026,2025,,,2023,2025,,2025,2025,2025,2025,2025,2025,2026,,,,,,2025,2025,,,,,2025,2025,2025,,,2025,2025,,2026,2026
IEX,IDEX Corporation,Industrials,Industrial Machinery & Supplies & Components,0,0,0,,0,0,0,2025,2026,2025,,,2023,2025,,2025,2025,2025,2025,2025,2025,2026,,,,,,2025,2025,,,,,2025,2025,2025,,,2025,2025,2025,2026,2026
IFF,International Flavors & Fragrances,Materials,Specialty Chemicals,0,0,0,,0,0,0,2025,2026,2025,2023,2023,2023,2025,,2025,2025,2025,2025,2025,2025,2026,2026,2026,2026,2026,2026,2025,2025,,,,,2025,2025,2025,,,2025,2025,2025,2026,2026
INCY,Incyte,Health Care,Biotechnology,0,0,0,,0,0,0,2025,2026,2025,,,2023,2025,,2025,2025,2025,2022,2022,2025,2026,,,,,,2025,2025,,,,,2025,2025,2025,,,2025,2025,,2026,2026
INTC,Intel,Information Technology,Semiconductors,0,0,0,,0,0,0,2025,2026,2025,2023,2023,2023,2025,,2025,2025,2025,2025,2025,2025,2026,,,,,,2025,2025,,,,,2025,2025,2025,2025,2025,2025,2023,2025,2026,2026
INTU,Intuit,Information Technology,Application Software,0,0,0,,0,0,0,2026,2026,2025,,,2023,,,2025,2025,2026,2025,2025,2025,2026,2026,2026,2026,2026,2026,,,,,,,2025,2025,2025,,,2025,2025,2025,2026,2026
INVH,Invitation Homes,Real Estate,Single-Family Residential REITs,0,0,0,,0,0,0,2025,2026,2025,,,2023,,,2025,2025,2025,,,,2026,,,,,,2025,2025,,,,,2025,2025,2025,,,2025,2025,2025,2026,2026
IP,International Paper,Materials,Paper & Plastic Packaging Products & Materials,0,0,0,,0,0,0,2025,2026,2025,2023,2023,2023,2025,,2025,2025,2025,2025,2025,,2026,2026,2026,2026,2026,2026,2025,2025,,,,,2025,2025,2025,,,2025,2025,2025,2026,2026
IQV,IQVIA,Health Care,Life Sciences Tools & Services,0,0,,,0,0,0,2025,2026,2025,,,2023,,,2025,2025,2025,2025,2025,,2026,2026,2026,2026,2026,2026,2025,2025,,,,,2025,2025,2025,,,2025,2025,,2026,2026
IR,Ingersoll Rand,Industrials,Industrial Machinery & Supplies & Components,0,0,,,0,0,0,2025,2026,2025,,,2023,2025,,2025,2025,2025,2025,2025,2025,2026,2026,2026,2026,2026,2026,2025,2025,,,,,2025,2025,2025,,,2025,2025,2025,2026,2026
IRM,Iron Mountain,Real Estate,Other Specialized REITs,0,0,0,,0,0,0,2025,2026,2025,,,2023,,,2025,2025,2025,2025,2025,,2026,2026,2026,2026,2026,2026,2025,2025,,,,,2025,2025,2025,2025,2025,2025,,2025,2026,2026
ISRG,Intuitive Surgical,Health Care,Health Care Equipment,0,0,0,,0,0,0,2025,2026,2025,,,2023,2025,,2025,2025,2025,2025,2025,2025,2026,,,,,,2025,2025,,,,,2025,2025,2025,,,2025,2025,,2026,2026
IT,Gartner,Information Technology,IT Consulting & Other Services,0,0,0,,0,0,0,2025,2026,2025,,,2023,2025,,2025,2025,2025,,,,2026,2026,2026,2026,2026,2026,2025,2025,,,,,2025,2025,2025,,,2025,2025,,2026,2026
ITW,Illinois Tool Works,Industrials,Industrial Machinery & Supplies & Components,0,0,0,,0,0,0,2025,2026,2025,2023,2023,2023,2025,,2025,2025,2025,2025,2025,2025,2026,,,,,,2025,2025,,,,,2025,2025,2025,,,2025,2025,2025,2026,2026
IVZ,Invesco,Financials,Asset Management & Custody Banks,0,0,,,0,0,0,2025,2026,2025,,,2023,,,2025,2025,2025,2025,2025,,2026,,,,,,2025,2025,,2025,2025,,2025,2025,2025,,,2025,2025,2025,2026,2026
J,Jacobs Solutions,Industrials,Construction & Engineering,0,0,0,,0,0,0,2025,2026,2025,,,2023,2025,,2025,2025,2025,2025,2025,,2026,,,,,,2025,2025,,,,,2025,2025,2025,,,2025,2025,2025,2026,2026
JBHT,J.B. Hunt,Industrials,Cargo Ground Transportation,0,0,0,,0,0,0,2025,2026,2025,,,2023,,2025,2025,2025,2025,2025,2025,,2026,,,,,,2025,2025,,,,,2025,2025,2025,,,2025,2025,2025,2026,2026
JBL,Jabil,Information Technology,Electronic Manufacturing Services,0,0,0,,0,0,0,2025,2026,2025,,,2023,2025,,2025,2025,2025,2025,2025,2025,2026,2026,,,,,2025,2025,,,,,2025,2025,2025,2025,2025,2025,2025,2025,2026,2026
JCI,Johnson Controls,Industrials,Building Products,0,0,,,0,0,0,2025,2026,2025,2018,2018,,2025,,2025,2025,2025,2025,2025,2025,2026,2026,2026,,,,2025,2025,,2025,2025,,2025,2025,2025,2025,2025,2025,2025,2025,2026,2026
JKHY,Jack Henry & Associates,Financials,Transaction & Payment Processing Services,0,0,0,,0,0,0,2026,2026,2025,,,2023,2025,,2025,2025,2026,2025,2025,2025,2026,,,,,,2026,2026,,,,,2025,2025,2025,2025,2025,2025,2025,2025,2026,2026
JNJ,Johnson & Johnson,Health Care,Pharmaceuticals,0,0,,,0,0,0,2025,2026,2025,,,2023,2025,,2025,2025,2025,2025,2025,2025,2026,2026,2026,2026,2026,2026,2025,2025,,2025,2025,,2025,2025,2025,,,2025,2025,,2026,2026
JPM,JPMorgan Chase,Financials,Diversified Banks,0,0,,,0,0,0,2025,2026,2025,,,2023,,,2025,2025,2025,,,,2026,,,,,,2025,2025,,,,,2025,2025,2025,,,2025,2025,2025,2026,2026
KDP,Keurig Dr Pepper,Consumer Staples,Soft Drinks & Non-alcoholic Beverages,0,0,0,,0,0,0,2025,2026,2025,,,2023,2025,,2025,2025,2025,2025,2025,2025,2026,2026,2026,2026,2026,2026,2025,2025,,,,,2025,2025,2025,2025,2025,2025,2025,2025,2026,2026
KEY,KeyCorp,Financials,Regional Banks,0,0,0,,0,0,0,2025,2026,2025,,,2023,,,2025,2025,2025,2025,2025,,2026,,,,,,2025,2025,,,,,2025,2025,2025,,,2025,2023,2025,2026,2026
KEYS,Keysight Technologies,Information Technology,Electronic Equipment & Instruments,0,0,0,,0,0,0,2025,2026,2025,,,2023,2025,,2025,2025,2025,2025,2025,2025,2026,2026,2026,2026,2026,2026,2025,2025,,,,,2025,2025,2025,2025,2025,2025,2025,,2026,2026
KHC,Kraft Heinz,Consumer Staples,Packaged Foods & Meats,0,0,0,,0,0,0,2025,2026,2025,2021,2021,2023,2025,,2025,2025,2025,2025,2025,2025,2026,2026,2026,2026,2026,2026,2025,2025,,,,2025,2025,2025,2025,2025,2025,2025,2025,2025,2026,2026
KIM,Kimco Realty,Real Estate,Retail REITs,0,0,0,,0,0,0,2025,2026,2025,,,2023,,,2025,2025,2025,2025,2025,,2026,2026,2026,,,,2025,2025,,,,,2025,2025,2025,2025,2025,2025,2025,2025,2026,2026
KKR,KKR & Co.,Financials,Asset Management & Custody Banks,0,0,,,0,0,0,2025,2026,2025,2022,2022,2023,,,2025,2025,2025,,,,2026,,,,,,2025,2025,,,,,2025,2025,,,,2025,2025,2025,2026,2026
KLAC,KLA Corporation,Information Technology,Semiconductor Materials & Equipment,0,0,0,,0,0,0,2026,2026,2025,,,2023,2025,,2025,2025,2025,2025,2025,2025,2026,2026,2026,2026,2026,2026,2026,2026,,2025,,,2025,2025,2025,,,2025,2025,2025,2026,2026
KMB,Kimberly-Clark,Consumer Staples,Household Products,0,0,,,0,0,0,2025,2026,2025,2023,2023,2023,2025,,2025,2025,2025,2025,2025,2025,2026,2026,2026,2026,2026,2026,2025,2025,,,,,2025,2025,2025,,,2025,2025,2025,2026,2026
KMI,Kinder Morgan,Energy,Oil & Gas Storage & Transportation,0,0,0,,0,0,0,2025,2026,2025,2023,2023,2023,2022,,2025,2025,2025,2025,2025,,2026,,,,,,2025,2025,,,,,2025,2025,2025,2025,2025,2025,2025,2025,2026,2026
KO,Coca-Cola Company (The),Consumer Staples,Soft Drinks & Non-alcoholic Beverages,0,0,0,,0,0,0,2025,2026,2025,,,2023,2025,,2025,2025,2025,2025,2025,,2026,,,,,,2025,2025,,2025,2025,,2025,2025,,2025,2025,2025,2025,2025,2026,2026
KR,Kroger,Consumer Staples,Food Retail,0,0,0,,0,0,0,2026,2026,2025,,,2023,,,2025,2025,2025,2025,2025,,2026,2026,,,,,2026,2026,,2025,2025,,2025,2025,2025,,,2025,2025,2025,2026,2026
KVUE,Kenvue,Consumer Staples,Personal Care Products,0,0,0,,0,0,0,2025,2026,2025,,,2023,2025,,2025,2025,2025,2025,2025,2025,2026,2026,2026,2026,2026,2026,2025,2025,,,,,2025,2025,2025,,,2025,2025,2025,2026,2026
L,Loews Corporation,Financials,Multi-line Insurance,0,0,0,,0,0,0,2025,2026,2025,2023,2023,2023,,,2025,2025,2025,2025,2025,,2026,,,,,,2025,2025,,,,,2025,2025,,,,2025,2025,2025,2026,2026
LDOS,Leidos,Industrials,Diversified Support Services,0,0,,,0,0,0,2026,2026,2025,,,2023,2025,,2025,2025,2025,2025,2025,2025,2026,,,,,,2026,2026,,,,,2025,2025,2025,2025,2025,2025,2025,,2026,2026
LEN,Lennar,Consumer Discretionary,Homebuilding,0,0,0,,0,0,0,2025,2026,2024,,,2023,,,2025,2025,2025,2025,2025,,2026,,,,,,2025,2025,,,,,2025,2025,2025,,,2025,2025,2025,2026,2026
LH,Labcorp,Health Care,Health Care Services,0,0,,,0,0,0,2025,2026,2025,,,2023,2025,,2025,2025,2025,2025,2025,,2026,2026,2026,2026,2026,2026,2025,2025,,,,,2025,2025,2025,2025,2025,2025,2025,2025,2026,2026
LHX,L3Harris,Industrials,Aerospace & Defense,0,0,,,0,0,0,2026,2026,2025,,,2023,2024,,2024,2025,2025,2025,2025,,2026,,,,,,2026,2026,,,,,2025,2025,2025,,,2025,2025,2025,2026,2026
LII,Lennox International,Industrials,Building Products,0,0,0,,0,0,0,2025,2026,2025,,,2023,2025,,2025,2025,2025,2025,2025,2025,2026,2026,2026,2026,2026,2026,2025,2025,,,,,2025,2025,2025,,,2025,2025,2025,2026,2026
LIN,Linde plc,Materials,Industrial Gases,0,0,,,0,0,0,2025,2026,2025,2023,2023,,,,2025,2025,2025,2025,2025,2025,2026,2026,2026,,,,2025,2025,,,,,2025,2025,2025,,,2025,2025,2025,2026,2026
LITE,Lumentum,Information Technology,Communications Equipment,0,0,0,,0,0,0,2026,2026,2025,,,2023,,,2025,2025,2026,2025,2025,2025,2026,2026,2026,2026,2026,2026,2026,2026,,,,2025,2025,2025,2025,,,2025,2025,,2026,2026
LLY,Lilly (Eli),Health Care,Pharmaceuticals,0,0,,,0,0,0,2025,2026,2025,,,2023,2025,,2025,2025,2025,,,2022,2026,,,,,,2025,2025,2025,,,,2025,2025,2025,2025,2025,2025,2025,2025,2026,2026
LMT,Lockheed Martin,Industrials,Aerospace & Defense,0,0,0,,0,0,0,2025,2026,2025,2023,2023,2023,2025,,2025,2025,2025,2025,2025,2025,2026,,,,,,2025,2025,,,,,2025,2025,2025,,,2025,2025,2025,2026,2026
LNT,Alliant Energy,Utilities,Electric Utilities,0,0,0,,0,0,0,2025,2026,2025,2023,2023,2023,2025,,2025,2025,2025,2022,2022,,2026,,,,,,2025,2025,,,,,2025,2025,2025,,,2025,,2025,2026,2026
LOW,Lowe's,Consumer Discretionary,Home Improvement Retail,0,0,,,0,0,0,2026,2026,2025,,,2023,2025,,2025,2025,2025,2025,2025,,2026,,,,,,2026,2026,,,,,2025,2025,2025,2025,2025,2025,2025,2025,2026,2026
LRCX,Lam Research,Information Technology,Semiconductor Materials & Equipment,0,0,0,,0,0,0,2026,2026,2025,,,2023,2025,,2025,2025,2025,2025,2025,2025,2026,2026,2026,2026,2026,2026,2026,2026,,,,2025,2025,2025,2025,,,2025,2025,2025,2026,2026
LULU,Lululemon Athletica,Consumer Discretionary,"Apparel, Accessories & Luxury Goods",0,0,0,,0,0,0,2026,2026,2025,,,,2025,,2025,2025,2025,2025,2025,,2026,,,,,,2026,2026,,,,,2025,2025,2025,,,2025,2025,,2026,2026
LUV,Southwest Airlines,Industrials,Passenger Airlines,0,0,0,,0,0,0,2025,2026,2025,,,2023,,2025,2025,2025,2025,2025,2025,,2026,,,,,,2025,2025,,,,,2025,2025,2025,,,2025,2025,2025,2026,2026
LVS,Las Vegas Sands,Consumer Discretionary,Casinos & Gaming,0,0,,,0,0,0,2025,2026,2025,,,2023,,,2025,2025,2025,2025,2025,2025,2026,2026,2026,2026,2026,2026,,,,,,,2025,2025,,,,2025,2025,2025,2026,2026
LYB,LyondellBasell,Materials,Specialty Chemicals,0,0,,,0,0,0,2025,2026,2025,2014,2014,,2025,,2025,2025,2025,2025,2025,2025,2026,,,,,,2025,2025,2025,,,,2025,2025,2025,,,2025,2025,2025,2026,2026
LYV,Live Nation Entertainment,Communication Services,Movies & Entertainment,0,0,0,,0,0,0,2025,2026,2025,,,2023,,,2025,2025,2025,2025,2025,,2026,,,,,,2025,2025,,,,,2025,2025,,,,2025,2025,,2026,2026
MA,Mastercard,Financials,Transaction & Payment Processing Services,0,0,0,,0,0,0,2025,2026,2025,,,2023,,,2025,2025,2025,2025,2025,,2026,2026,2026,2026,2026,2026,2025,2025,,,,,2025,2025,2025,2025,2025,2025,2025,2025,2026,2026
MAA,Mid-America Apartment Communities,Real Estate,Multi-Family Residential REITs,0,0,0,,0,0,0,2025,2026,2025,,,2023,,,2025,2025,2025,,,,2026,,,,,,,,,,,,2025,2025,,,,2025,2025,2025,2026,2026
MAR,Marriott International,Consumer Discretionary,"Hotels, Resorts & Cruise Lines",0,0,0,,0,0,0,2025,2026,2025,,,2023,,,2025,2025,2025,2025,2025,,2026,2026,2026,2026,2026,2026,2025,2025,,,,,2025,2025,2025,,,2025,2025,2025,2026,2026
MAS,Masco,Industrials,Building Products,0,0,0,,0,0,0,2025,2026,2025,,,2023,2025,,2025,2025,2025,2025,2025,,2026,,,,,,2025,2025,,,,,2025,2025,2025,2025,2025,2025,2025,2025,2026,2026
MCD,McDonald's,Consumer Discretionary,Restaurants,0,0,0,,0,0,0,2025,2026,2025,,,2023,,,2025,2025,2025,2025,2025,,2026,2026,2026,2026,2026,2026,2025,2025,,,,,2025,2025,2025,2025,2025,2025,2025,2025,2026,2026
MCHP,Microchip Technology,Information Technology,Semiconductors,0,0,0,,0,0,0,2026,2026,2025,2023,2023,2023,2025,,2025,2025,2025,2025,2025,2025,2026,,,,,,2026,2026,,2025,2025,2025,2025,2025,,,,2025,2025,2025,2026,2026
MCK,McKesson Corporation,Health Care,Health Care Distributors,0,0,0,,0,0,0,2026,2026,2025,,,2023,2025,,2025,2025,2025,2025,2025,,2026,2026,2026,2026,2026,2026,2026,2026,,,,,2025,2025,2025,2025,2025,2025,2025,2025,2026,2026
MCO,Moody's Corporation,Financials,Financial Exchanges & Data,0,0,0,,0,0,0,2025,2026,2025,,,2023,2025,,2025,2025,2025,2025,2025,,2026,2026,2026,2026,2026,2026,2025,2025,,,,,2025,2025,2025,,,2025,2025,2025,2026,2026
MDLZ,Mondelez International,Consumer Staples,Packaged Foods & Meats,0,0,,,0,0,0,2025,2026,2025,2018,2018,2023,2025,,2025,2025,2025,2025,2025,2025,2026,2026,2026,2026,2026,2026,2025,2025,,,,,2025,2025,2025,,,2025,2025,2025,2026,2026
MDT,Medtronic,Health Care,Health Care Equipment,0,0,0,,0,0,0,2026,2026,2025,,,,2025,,2025,2025,2025,2025,2025,,2026,2026,,,,,2026,2026,,,,,2025,2025,2025,,,2025,2025,2025,2026,2026
MET,MetLife,Financials,Life & Health Insurance,0,0,0,,0,0,0,2025,2026,2025,,,2023,,,2025,2025,2025,,,,2026,2026,,,,,2025,2025,,,,,2025,2025,2025,,,2025,2025,2025,2026,2026
META,Meta Platforms,Communication Services,Interactive Media & Services,0,0,0,,0,0,0,2025,2026,2025,,,2023,2025,,2025,2025,2025,2025,2025,2025,2026,2026,2026,2026,2026,2026,2025,2025,,2025,2025,2025,2025,2025,,,,2025,2025,2025,2026,2026
MGM,MGM Resorts,Consumer Discretionary,Casinos & Gaming,0,0,,,0,0,0,2025,2026,2025,2023,2023,2023,,,2025,2025,2025,2025,2025,,2026,2026,2026,,,,2025,2025,,,,,2025,2025,2025,,,2025,2025,2024,2026,2026
MKC,McCormick & Company,Consumer Staples,Packaged Foods & Meats,0,0,0,,0,0,0,2025,2026,2025,,,2023,2025,,2025,2025,2025,2025,2025,2025,2026,2026,2026,2026,2026,2026,2025,2025,,,,,2025,2025,2025,,,2025,2025,2025,2026,2026
MLM,Martin Marietta Materials,Materials,Construction Materials,0,0,0,,0,0,0,2025,2026,2025,2023,2023,2023,2025,,2025,2025,2025,2025,2025,,2026,2026,2026,2026,2026,2026,2025,2025,,,,,2025,2025,2025,2025,2025,2025,2025,2025,2026,2026
MMM,3M,Industrials,Industrial Conglomerates,0,0,0,,0,0,0,2025,2026,2025,2023,2023,2023,2025,,2025,2025,2025,2025,2025,2024,2026,2026,2026,2026,2026,2026,2025,2025,,,,,2025,2025,2025,,,2025,2025,2025,,
MNST,Monster Beverage,Consumer Staples,Soft Drinks & Non-alcoholic Beverages,0,0,0,,0,0,0,2025,2026,2025,,,2023,2025,,2025,2025,2025,2025,2025,,2026,2026,,,,,2025,2025,,,,,2025,2025,2025,,,2025,2025,,2026,2026
MO,Altria,Consumer Staples,Tobacco,0,0,0,,0,0,0,2025,2026,2025,2023,2023,2023,2025,,2025,2025,2025,2025,2025,2025,2026,2026,2026,2026,2026,2026,2025,2025,,,,,2025,2025,2025,2025,2025,2025,2025,2025,2026,2026
MOS,Mosaic Company (The),Materials,Fertilizers & Agricultural Chemicals,0,0,0,,0,0,0,2025,2026,2025,2023,2023,2023,2025,,2025,2025,2025,2025,2025,,2026,,,,,,2025,2025,,2025,,,2025,2025,2025,,,2025,2025,2025,2026,2026
MPC,Marathon Petroleum,Energy,Oil & Gas Refining & Marketing,0,0,,,0,0,0,2025,2026,2025,2023,2023,2023,2025,,2025,2025,2025,2025,2025,,2026,,,,,,2025,2025,,,,,2025,2025,,2025,2025,2025,2025,2025,2026,2026
MPWR,Monolithic Power Systems,Information Technology,Semiconductors,0,0,0,,0,0,0,2025,2026,2025,,,2023,2025,,2025,2025,2025,2025,2025,,2026,,,,,,2025,2025,,,,2025,2025,2025,2025,,,2025,2025,2025,2026,2026
MRK,Merck & Co.,Health Care,Pharmaceuticals,0,0,0,,0,0,0,2025,2026,2025,2023,2023,2023,2025,,2025,2025,,2025,2025,2025,2026,,,,,,2025,2025,,,,,2025,2025,2025,2025,2025,2025,2025,2025,2026,2026
MRNA,Moderna,Health Care,Biotechnology,0,0,0,,0,0,0,2025,2026,2025,,,2023,2025,,2025,2025,2025,2025,2025,2025,2026,2026,2026,2026,2026,2026,2025,2025,,,,,2025,2025,2025,,,2025,2025,,2026,2026
MRSH,Marsh McLennan,Financials,Insurance Brokers,0,0,,,0,0,0,2025,2026,2025,,,2023,,,2025,2025,2025,2025,2025,,2026,2026,2026,2026,2026,2026,2025,2025,,,,,2025,2025,2025,,,2025,2025,2025,2026,2026
MRVL,Marvell Technology,Information Technology,Semiconductors,0,0,,,0,0,0,2026,2026,2025,,,2023,2025,,2025,2025,2022,2025,2025,2025,2026,2026,2026,2026,2026,2026,2026,2026,,,,2025,2025,2025,2025,,,2025,2025,2025,2026,2026
MS,Morgan Stanley,Financials,Investment Banking & Brokerage,0,0,,,0,0,0,2025,2026,2025,2015,2015,2023,,,2025,2025,2025,,,,2026,,,,,,,,2025,,,,2025,2025,2025,,,2025,,2025,2026,2026
MSCI,MSCI,Financials,Financial Exchanges & Data,0,0,0,,0,0,0,2025,2026,2025,,,2023,,,2025,2025,2025,2025,2025,2025,2026,2026,2026,2026,2026,2026,2025,2025,,,,,2025,2025,2025,,,2025,2025,2025,2026,2026
MSFT,Microsoft,Information Technology,Systems Software,0,0,0,,0,0,0,2026,2026,2025,,,2023,2025,,2025,2025,2026,2025,2025,2025,2026,2026,2026,,,,2026,2026,,,,,2025,2025,2025,2025,2025,2025,2025,2025,2026,2026
MSI,Motorola Solutions,Information Technology,Communications Equipment,0,0,0,,0,0,0,2025,2026,2025,,,2023,2025,,2025,2025,2025,2025,2025,2025,2026,,,,,,2025,2025,,,,2025,2025,2025,2025,2025,2025,2025,2025,2025,2026,2026
MTB,M&T Bank,Financials,Regional Banks,0,0,0,,0,0,0,2025,2026,2025,,,2023,,,2025,2025,2025,2023,2023,,2026,,,,,,2025,2025,2025,,,,2025,2025,2025,,,2025,2025,2025,2026,2026
MTD,Mettler Toledo,Health Care,Life Sciences Tools & Services,0,0,,,0,0,0,2025,2026,2025,,,2023,,,2025,2025,,2025,2025,2025,2026,2026,2026,,,,2025,2025,2025,,,,2025,2025,2025,,,2025,2025,,2026,2026
MU,Micron Technology,Information Technology,Semiconductors,0,0,0,,0,0,0,2025,2026,2025,2023,2023,2023,2025,,2025,2025,2025,2025,2025,2025,2026,,,,,,2025,2025,,,,,2025,2025,2025,2025,2025,2025,2025,2025,2026,2026
NCLH,Norwegian Cruise Line Holdings,Consumer Discretionary,"Hotels, Resorts & Cruise Lines",0,0,,,0,0,0,2025,2026,2025,,,2023,2025,2025,2025,2025,2025,2025,2025,,2026,,,,,,2025,2025,,,,,2025,2025,,,,2025,,,2026,2026
NDAQ,"Nasdaq, Inc.",Financials,Financial Exchanges & Data,0,0,0,,0,0,0,2025,2026,2025,,,2023,2025,,2025,2025,2025,2025,2025,,2026,2026,2026,2026,2026,2026,2025,2025,,,,,2025,2025,2025,2025,2025,2025,2025,2025,2026,2026
NDSN,Nordson Corporation,Industrials,Industrial Machinery & Supplies & Components,0,0,0,,0,0,0,2025,2026,2025,,,2023,2025,,2025,2025,2025,2025,2025,2025,2026,,,,,,2025,2025,,,,,2025,2025,2025,,,2025,2025,2025,2026,2026
NEE,NextEra Energy,Utilities,Multi-Utilities,0,0,0,,0,0,0,2025,2026,2025,2023,2023,2023,,,2025,2025,2025,,,,2026,,,,,,2025,2025,,,,2025,2025,2025,2025,2025,2025,2025,,2025,2026,2026
NEM,Newmont,Materials,Gold,0,0,0,,0,0,0,2025,2026,2025,2023,2023,2023,,,2025,2025,2025,2025,2025,2025,2026,2026,2026,2026,2026,2026,2025,2025,,2025,2025,2025,2025,2025,2025,,,2025,2025,2025,2026,2026
NFLX,Netflix,Communication Services,Movies & Entertainment,0,0,0,,0,0,0,2025,2026,2025,,,2023,2025,,2025,2025,2025,2025,2025,2025,2026,2026,2026,2026,2026,2026,2025,2025,,,,,2025,2025,2025,,,2025,2025,,2026,2026
NI,NiSource,Utilities,Multi-Utilities,0,0,0,,0,0,0,2025,2026,2025,2023,2023,2023,,,2025,2025,2025,2025,2025,,2026,,,,,,2025,2025,2025,,,2025,2025,2025,2025,,,2025,,2025,2026,2026
NKE,"Nike, Inc.",Consumer Discretionary,"Apparel, Accessories & Luxury Goods",0,0,,,0,0,0,2026,2026,2025,,,2023,2025,,2025,2025,2025,2025,2025,,2026,2026,2026,2026,2026,2026,2026,2026,,,,,2025,2025,2025,,,2025,2025,2025,2026,2026
NOC,Northrop Grumman,Industrials,Aerospace & Defense,0,0,0,,0,0,0,2025,2026,2025,2023,2023,2023,,,2025,2025,2025,2025,2025,2025,2026,,,,,,2025,2025,,2025,2025,,2025,2025,2025,,,2025,2025,2025,2026,2026
NOW,ServiceNow,Information Technology,Systems Software,0,0,0,,0,0,0,2025,2026,2025,,,2023,2025,,2025,2025,2025,2025,2025,2025,2026,2026,2026,2026,2026,2026,2025,2025,,,,,2025,2025,2025,,,2025,2025,,2026,2026
NRG,NRG Energy,Utilities,Independent Power Producers & Energy Traders,0,0,0,,0,0,0,2025,2026,2025,2023,2023,2023,,,2025,2025,2025,2025,2025,,2026,2026,2026,,,,,,,,,2025,2025,2025,2025,,,2025,2025,2025,2026,2026
NSC,Norfolk Southern,Industrials,Rail Transportation,0,0,0,,0,0,0,2025,2026,2025,,,2023,,2025,2025,2025,2025,2025,2025,,2026,2026,2026,2026,2026,2026,2025,2025,,,,,2025,2025,2025,2025,2025,2025,2025,2025,2026,2026
NTAP,NetApp,Information Technology,"Technology Hardware, Storage & Peripherals",0,0,0,,0,0,0,2026,2026,2025,,,2023,2025,,2025,2025,2025,2025,2025,2025,2026,2026,2026,2026,2026,2026,2026,2026,,,,,2025,2025,2025,,,2025,2025,2025,2026,2026
NTRS,Northern Trust,Financials,Asset Management & Custody Banks,0,0,,,0,0,0,2025,2026,2025,,,2023,,,2025,2025,2025,2025,2025,,2026,2026,,,,,2025,2025,,,,,2025,2025,2025,,,2025,2025,2025,2026,2026
NUE,Nucor,Materials,Steel,0,0,0,,0,0,0,2025,2026,2025,2023,2023,2023,2025,,2025,2025,,2025,2025,,2026,,,,,,2025,2025,,,,,2025,2025,2025,,,2025,2025,2025,2026,2026
NVDA,Nvidia,Information Technology,Semiconductors,0,0,0,,0,0,0,2026,2026,2025,,,2023,2025,,2025,2025,2025,2025,2025,2025,2026,2026,2026,2026,2026,2026,2026,2026,,,,,2025,2025,2025,,,2025,2025,2025,2026,2026
NVR,"NVR, Inc.",Consumer Discretionary,Homebuilding,0,0,0,,0,0,0,2025,2026,2025,,,2023,,,2025,,,2025,2025,,2026,,,,,,2025,2025,,,,,2025,2025,2025,,,2025,2025,,2026,2026
NWS,News Corp (Class B),Communication Services,Publishing,0,0,,,0,0,0,2026,2026,2025,,,2023,,,2025,2025,2025,2025,2025,,2026,2026,,,,,2026,2026,,,,,2025,2025,2025,,,2025,2025,2025,2026,2026
NXPI,NXP Semiconductors,Information Technology,Semiconductors,0,0,,,0,0,0,2025,2026,2025,,,,2025,,2025,2025,2025,2025,2025,2025,2026,2026,2026,,,,2025,2025,,2025,2025,2025,2025,2025,2025,,,2025,2025,2025,2026,2026
O,Realty Income,Real Estate,Retail REITs,0,0,0,,0,0,0,2025,2026,2025,,,2023,,,2025,2025,2025,,,,2026,,,,,,2025,2025,,2025,2025,,2025,2025,2025,,,2025,,2025,2026,2026
ODFL,Old Dominion,Industrials,Cargo Ground Transportation,0,0,,,0,0,0,,2026,2025,,,2023,,,2025,2025,2025,2025,2025,,2026,,,,,,2025,2025,,,,,2025,2025,2025,2025,2025,2025,2025,2025,2026,2026
OKE,Oneok,Energy,Oil & Gas Storage & Transportation,0,0,0,,0,0,0,2025,2026,2025,2023,2023,2023,2025,,2025,2025,2025,2025,2025,,2026,,,,,,2025,2025,,,,2025,2025,2025,2025,2025,2025,2025,2025,2025,2026,2026
OMC,Omnicom Group,Communication Services,Advertising,0,0,0,,0,0,0,2025,2026,2025,,,2023,2025,,2025,2025,2025,2025,2025,,2026,2026,2026,2026,2026,2026,2025,2025,2025,,,,2025,2025,,,,2025,2025,2025,2026,2026
ON,ON Semiconductor,Information Technology,Semiconductors,0,0,0,,0,0,0,2025,2026,2025,,,2023,2025,,2025,2025,2025,2025,2025,,2026,,,,,,2025,2025,,,,,2025,2025,2025,,,2025,2025,,2026,2026
ORCL,Oracle Corporation,Information Technology,Application Software,0,0,0,,0,0,0,2026,2026,2025,,,2023,,,2025,2025,2026,2025,2025,2025,2026,,,,,,2026,2026,,,,,2025,2025,2025,,,2025,2025,2025,2026,2026
ORLY,O'Reilly Automotive,Consumer Discretionary,Automotive Retail,0,0,0,,0,0,0,2025,2026,2025,,,2023,2025,,2025,2025,2025,2025,2025,,2026,,,,,,2025,2025,,,,,2025,2025,,,,2025,2025,,2026,2026
OTIS,Otis Worldwide,Industrials,Industrial Machinery & Supplies & Components,0,0,0,,0,0,0,2025,2026,2025,,,2023,,,2025,2025,2025,2025,2025,2025,2026,2026,2026,2026,2026,2026,2025,2025,,,,,2025,2025,2025,2025,2025,2025,2025,2025,2026,2026
OXY,Occidental Petroleum,Energy,Oil & Gas Exploration & Production,0,0,0,,0,0,0,2025,2026,2025,2023,2023,2023,2024,,2025,2025,2025,2025,2025,,2026,,,,,,2025,2025,2025,,,,2025,2025,2025,,,2025,2025,2022,2026,2026
PANW,Palo Alto Networks,Information Technology,Systems Software,0,0,0,,0,0,0,2026,2026,2025,,,2023,2025,,2025,2025,2025,2025,2025,2025,2026,2026,2026,2026,2026,2026,2026,2026,,,,,2025,2025,2025,,,2025,2025,,2026,2026
PAYX,Paychex,Industrials,Human Resource & Employment Services,0,0,0,,0,0,0,2026,2026,2025,,,2023,2025,,2025,2025,2025,2025,2025,,2026,,,,,,2026,2026,,,,,2025,2025,2025,,,2025,2025,2025,2026,2026
PCAR,Paccar,Industrials,Construction Machinery & Heavy Transportation Equipment,0,0,0,,0,0,0,2025,2026,2025,,,2023,2025,,2025,2025,2025,2025,2025,2025,2026,2026,2026,2026,2026,2026,2025,2025,,,,,2025,2025,2025,,,2025,2025,2025,2026,2026
PCG,PG&E Corporation,Utilities,Multi-Utilities,0,0,0,,0,0,0,2025,2026,2025,2023,2023,2023,,,2025,2025,2025,2025,2025,,2026,2026,,,,,2025,2025,,,,,2025,2025,2025,,,2025,,2024,2026,2026
PEG,Public Service Enterprise Group,Utilities,Electric Utilities,0,0,0,,0,0,0,2025,2026,2025,2023,2023,2023,,,2025,2025,2025,2025,2025,,2026,,,,,,2025,2025,2025,,,,2025,2025,2025,,,2025,2024,2025,2026,2026
PEP,PepsiCo,Consumer Staples,Soft Drinks & Non-alcoholic Beverages,0,0,0,,0,0,0,2025,2026,2025,2023,2023,2023,2025,,2025,2025,2025,2025,2025,2025,2026,2026,2026,2026,2026,2026,2025,2025,,,,,2025,2025,2025,2025,2025,2025,2025,2025,2026,2026
PFE,Pfizer,Health Care,Pharmaceuticals,0,0,0,,0,0,0,2025,2026,2025,2023,2023,2023,2025,,2025,2025,2025,2025,2025,,2026,2026,2026,2026,2026,2026,2025,2025,,,,,2025,2025,2025,,,2025,2024,,2026,2026
PFG,Principal Financial Group,Financials,Life & Health Insurance,0,0,0,,0,0,0,2025,2026,2025,,,2023,,,2025,,,,,,2026,2026,,,,,2025,2025,,,,,2025,2025,2025,,,2025,2025,2025,2026,2026
PG,Procter & Gamble,Consumer Staples,Personal Care Products,0,0,0,,0,0,0,2026,2026,2025,2023,2023,2023,2025,,2025,2025,2025,2025,2025,2025,2026,2026,2026,2026,2026,2026,2026,2026,,,,,2025,2025,2025,,,2025,2025,2025,2026,2026
PGR,Progressive Corporation,Financials,Property & Casualty Insurance,0,0,0,,0,0,0,2025,2026,2025,,,2023,,,2025,2025,,2025,2025,,2026,,,,,,2025,2025,2025,2025,2025,2025,2025,2025,2025,,,2025,,2025,2026,2026
PH,Parker Hannifin,Industrials,Industrial Machinery & Supplies & Components,0,0,0,,0,0,0,2026,2026,2025,,,2023,2025,,2025,2025,2026,2025,2025,2025,2026,2026,2026,2026,2026,2026,2026,2026,,,,,2025,2025,2025,,,2025,2025,2025,2026,2026
PHM,PulteGroup,Consumer Discretionary,Homebuilding,0,0,,,0,0,0,2025,2026,2025,,,2023,,,2025,,,2025,2025,,2026,,,,,,2025,2025,,,,,2025,2025,2025,,,2025,2025,2025,2026,2026
PKG,Packaging Corporation of America,Materials,Paper & Plastic Packaging Products & Materials,0,0,0,,0,0,0,2025,2026,2025,2023,2023,2023,2025,,2025,2025,2025,2025,2025,2021,2026,,,,,,2025,2025,,,,,2025,2025,2025,,,2025,2025,2025,2026,2026
PLD,Prologis,Real Estate,Industrial REITs,0,0,0,,0,0,0,2025,2026,2025,,,2023,,,2025,2025,2025,,,,2026,2026,2026,2026,2026,2026,2025,2025,,,,,2025,2025,2025,,,2025,,2025,2026,2026
PLTR,Palantir Technologies,Information Technology,Application Software,0,0,0,,0,0,0,2025,2026,2025,,,2023,2025,,2025,2025,2025,2025,2025,2025,2026,2026,,,,,2025,2025,,,,,2025,2025,,,,2025,2025,,2026,2026
PM,Philip Morris International,Consumer Staples,Tobacco,0,0,0,,0,0,0,2025,2026,2025,,,2023,2025,,2025,2025,2025,2025,2025,2025,2026,2026,2026,2026,2026,2026,2025,2025,,2025,2025,,2025,2025,2025,,,2025,2024,2025,2026,2026
PNC,PNC Financial Services,Financials,Diversified Banks,0,0,0,,0,0,0,2025,2026,2025,,,2023,,,2025,2025,2025,,,,2026,,,,,,2025,2025,,,,,2025,2025,2025,,,2025,2025,2025,2026,2026
PNR,Pentair,Industrials,Industrial Machinery & Supplies & Components,0,0,0,,0,0,0,2025,2026,2025,,,,2025,,2025,2025,,2025,2025,2025,2026,,,,,,2025,2025,,,,,2025,2025,2025,,,2025,2025,2025,2026,2026
PNW,Pinnacle West Capital,Utilities,Multi-Utilities,0,0,0,,0,0,0,,2026,2025,2023,2023,2023,,,2025,2025,2025,2025,2025,,2026,,,,,,2025,2025,,,,,2025,2025,2025,2025,2025,2025,2023,2025,2026,2026
PODD,Insulet Corporation,Health Care,Health Care Equipment,0,0,0,,0,0,0,2025,2026,2025,,,2023,2025,,2025,2025,2025,2025,2025,2025,2026,,,,,,2025,2025,,,,,2025,2025,2025,,,2025,2025,,2026,2026
PPG,PPG Industries,Materials,Specialty Chemicals,0,0,0,,0,0,0,2025,2026,2025,2023,2023,2023,2025,,2025,2025,2025,2025,2025,2025,2026,2026,2026,2026,2026,2026,2025,2025,,,,,2025,2025,2025,2025,2025,2025,2025,2025,2026,2026
PPL,PPL Corporation,Utilities,Electric Utilities,0,0,0,,0,0,0,2025,2026,2025,2023,2023,2023,,2025,2025,2025,2025,2025,2025,,2026,,,,,,2025,2025,2025,,,,2025,2025,2025,,,2025,2023,2025,2026,2026
PRU,Prudential Financial,Financials,Life & Health Insurance,0,0,0,,0,0,0,2025,2026,2025,,,2023,,,2025,,,,,,2026,,,,,,2025,2025,2025,,,,2025,2025,2025,,,2025,2025,2025,2026,2026
PSA,Public Storage,Real Estate,Self-Storage REITs,0,0,0,,0,0,0,2025,2026,2025,,,2023,,,2025,2025,2025,,,,2026,,,,,,2025,2025,,,,2025,2025,2025,2025,,,2025,2025,,2026,2026
PSKY,Paramount Skydance Corporation,Communication Services,Movies & Entertainment,0,0,0,,0,0,0,2025,2026,2024,,,2023,,,2025,2025,2025,2024,2024,,2026,,,,,,2025,2025,,,,,,,,,,,,2024,2026,2026
PSX,Phillips 66,Energy,Oil & Gas Refining & Marketing,0,0,,,0,0,0,2025,2026,2025,2023,2023,2023,2025,,2025,,,,,2025,2026,,,,,,2025,2025,,,,,2025,2025,2025,,,2025,2025,2025,2026,2026
PTC,PTC Inc.,Information Technology,Application Software,0,0,0,,0,0,0,2025,2026,2025,,,2023,2025,,2025,2025,2025,2025,2025,2025,2026,2026,2026,2026,2026,2026,2025,2025,,,,,2025,2025,2025,,,2025,2025,,2026,2026
PWR,Quanta Services,Industrials,Construction & Engineering,0,0,0,,0,0,0,2025,2026,2025,,,2023,2025,,2025,2025,2025,2025,2025,,2026,,,,,,2025,2025,,2025,2025,,2025,2025,2025,,,2025,2025,2025,2026,2026
PYPL,PayPal,Financials,Transaction & Payment Processing Services,0,0,,,0,0,0,2025,2026,2025,,,2023,,,2025,2025,2025,2025,2025,,2026,2026,2026,2026,2026,2026,2025,2025,,,,,2025,2025,2025,2025,2025,2025,2025,2025,2026,2026
Q,Qnity Electronics,Information Technology,Semiconductor Materials & Equipment,0,0,0,,0,0,0,2025,2026,2025,,,2023,2025,,2025,2025,2025,2025,2025,2025,2026,,,,,,2025,2025,,,,,2025,2025,,2025,2025,2025,,2025,2026,2026
QCOM,Qualcomm,Information Technology,Semiconductors,0,0,0,,0,0,0,2025,2026,2025,2023,2023,2023,2025,,2025,2025,2025,2025,2025,2025,2026,2026,2026,2026,2026,2026,2025,2025,,,,,2025,2025,2025,,,2025,2025,,2026,2026
RCL,Royal Caribbean Group,Consumer Discretionary,"Hotels, Resorts & Cruise Lines",0,0,,,0,0,0,2025,2026,2025,,,2023,2025,2021,2025,2025,2025,2025,2025,,2026,,,,,,2025,2025,,,,,2025,2025,2025,,,2025,2025,2025,2026,2026
RDDT,Reddit,Communication Services,Interactive Media & Services,0,0,0,,0,0,0,2025,2026,2025,,,2023,2025,,2025,2025,2025,2025,2025,2025,2026,,,,,,2025,2025,,,,,2025,2025,,2025,2025,2025,,,2026,2026
REG,Regency Centers,Real Estate,Retail REITs,0,0,0,,0,0,0,2025,2026,2025,,,2023,,,2025,2025,2025,,,,2026,2026,2026,,,,2025,2025,,,,,2025,2025,,,,2025,2024,2025,2026,2026
REGN,Regeneron Pharmaceuticals,Health Care,Biotechnology,0,0,0,,0,0,0,2025,2026,2025,,,2023,,,2025,2025,2025,2025,2025,2025,2026,,,,,,2025,2025,,,,,2025,2025,2025,,,2025,2025,2025,2026,2026
RF,Regions Financial Corporation,Financials,Regional Banks,0,0,0,,0,0,0,2025,2026,2025,,,2023,,,2025,2025,2025,,,,2026,,,,,,2025,2025,,,,,2025,2025,2025,,,2025,2025,2025,2026,2026
RJF,Raymond James Financial,Financials,Investment Banking & Brokerage,0,0,0,,0,0,0,2025,2026,2025,,,2023,,,2025,2023,2023,2025,2025,,2026,,,,,,2025,2025,,,,,2025,2025,,,,2025,2021,2021,2026,2026
RL,Ralph Lauren Corporation,Consumer Discretionary,"Apparel, Accessories & Luxury Goods",0,0,0,,0,0,0,2026,2026,2025,,,2023,2025,,2025,2025,2025,2024,2024,,2026,2026,,,2026,2026,2026,2026,,,,,2025,2025,2025,,,2025,2025,2025,2026,2026
RMD,ResMed|,Health Care,Health Care Equipment,0,0,,,0,0,0,2026,2026,2025,,,2023,2025,,2025,2025,2025,2025,2025,2025,2026,2026,,,,,2026,2026,,,,,2025,2025,2025,2025,2025,2025,2025,2025,2026,2026
ROK,Rockwell Automation,Industrials,Electrical Components & Equipment,0,0,0,,0,0,0,2025,2026,2025,,,2023,2025,,2025,2025,2025,2025,2025,2025,2026,2026,2026,2026,2026,2026,2025,2025,,,,,2025,2025,,,,2025,2025,2025,2026,2026
ROL,"Rollins, Inc.",Industrials,Environmental & Facilities Services,0,0,0,,0,0,0,2025,2026,2025,,,2023,,,2025,2025,2025,2025,2025,,2026,,,,,,,,,,,,2025,2025,2025,,,2025,2025,2025,2026,2026
ROP,Roper Technologies,Information Technology,Electronic Equipment & Instruments,0,0,0,,0,0,0,2025,2026,2025,,,2023,2025,,2025,2025,2025,,,2025,2026,2026,,,,,2025,2025,,,,,2025,2025,2025,,,2025,2025,2025,2026,2026
ROST,Ross Stores,Consumer Discretionary,Apparel Retail,0,0,0,,0,0,0,2026,2026,2025,,,2023,2025,,2025,2025,2025,2025,2025,,2026,,,,,,2026,2026,2025,,,,2025,2025,,,,2025,2025,2025,2026,2026
RSG,Republic Services,Industrials,Environmental & Facilities Services,0,0,0,,0,0,0,2025,2026,2025,2023,2023,2023,2025,,2025,2025,2025,2025,2025,,2026,2026,2026,,,,2025,2025,,,,,2025,2025,2025,,,2025,2025,2025,2026,2026
RTX,RTX Corporation,Industrials,Aerospace & Defense,0,0,0,,0,0,0,2025,2026,2025,2023,2023,2023,,,2025,2025,2025,2025,2025,2025,2026,,,,,,2025,2025,,,,,2025,2025,2025,,,2025,2025,2025,2026,2026
RVTY,Revvity,Health Care,Health Care Equipment,0,0,0,,0,0,0,2025,2026,2025,,,2023,,,2025,2025,2025,2025,2025,2025,2026,2026,,,,,2025,2025,,,,,2025,2025,2025,2025,2025,2025,2025,2025,2026,2026
SBAC,SBA Communications,Real Estate,Telecom Tower REITs,0,0,0,,0,0,0,2025,2026,2025,,,2023,2025,,2025,2025,2025,2025,2025,,2026,2026,2026,2026,2026,2026,2025,2025,,,,,2025,2025,2025,,,2025,2025,2025,2026,2026
SBUX,Starbucks,Consumer Discretionary,Restaurants,0,0,0,,0,0,0,2025,2026,2025,,,2023,,,2025,2025,2025,2025,2025,,2026,2026,,,,,2025,2025,,2025,2025,,2025,2025,,,,2025,2025,2025,2026,2026
SCHW,Charles Schwab Corporation,Financials,Investment Banking & Brokerage,0,0,0,,0,0,0,2025,2026,2025,,,2023,,,2025,2025,2023,2025,2025,,2026,,,,,,2025,2025,,,,,2025,2025,2025,,,2025,2025,2025,2026,2026
SHW,Sherwin-Williams,Materials,Specialty Chemicals,0,0,0,,0,0,0,2025,2026,2025,,,2023,2025,,2025,2025,2025,2025,2025,,2026,,,,,,2025,2025,,,,,2025,2025,2025,,,2025,,2025,2026,2026
SJM,J.M. Smucker Company (The),Consumer Staples,Packaged Foods & Meats,0,0,,,0,0,0,2026,2026,2025,2022,2022,2023,2025,,2025,2025,2026,2025,2025,,2026,2026,2026,2026,2026,2026,2026,2026,,,,,2025,2025,2025,,,2025,2025,2025,2026,2026
SLB,Schlumberger,Energy,Oil & Gas Equipment & Services,0,0,0,,0,0,0,2025,2026,2025,,,2023,,,2025,2025,2025,2025,2025,2025,2026,,,,,,2025,2025,,,,,2025,2025,2025,,,2025,,2025,2026,2026
SMCI,Supermicro,Information Technology,"Technology Hardware, Storage & Peripherals",0,0,,,0,0,0,2026,2026,2025,,,2023,2025,,2025,2025,2025,2025,2025,2025,2026,,,,,,2026,2026,,,,,2025,2025,,,,2025,,,2026,2026
SNA,Snap-on,Industrials,Industrial Machinery & Supplies & Components,0,0,0,,0,0,0,2026,2026,2025,,,2023,,,2025,2025,2025,,,2025,2026,,,,,,2026,2026,,,,2025,2025,2025,2025,,,2025,2025,2025,2026,2026
SNDK,Sandisk,Information Technology,"Technology Hardware, Storage & Peripherals",0,0,,,0,0,0,2026,2026,2025,,,2023,2025,,2025,2025,2025,2025,2025,2025,2026,2026,,,,,2026,2026,,,,,2025,2025,2025,2025,2025,2025,2025,,2026,2026
SNPS,Synopsys,Information Technology,Application Software,0,0,0,,0,0,0,2025,2026,2025,,,2023,2025,,2025,2025,2025,2025,2025,2025,2026,2026,2026,2026,2026,2026,2025,2025,,,,,2025,2025,2025,,,2025,2025,,2026,2026
SO,Southern Company,Utilities,Electric Utilities,0,0,0,,0,0,0,2025,2026,2025,2023,2023,2023,,,2025,2025,2025,2025,2025,,2026,,,,,,2025,2025,,,,,2025,2025,2025,2025,2025,2025,,2025,2026,2026
SOLV,Solventum,Health Care,Health Care Technology,0,0,0,,0,0,0,2025,2026,2025,,,2023,,,2025,2025,2025,2025,2025,2025,2026,2026,,,,,2025,2025,,,,,2025,2025,2025,,,2025,,,2026,2026
SPG,Simon Property Group,Real Estate,Retail REITs,0,0,0,,0,0,0,2025,2026,2025,,,2023,,,2025,2025,2025,2025,2025,,2026,2026,2026,2026,2026,2026,2025,2025,,,,,2025,2025,2025,,,2025,2025,,2026,2026
SPGI,S&P Global,Financials,Financial Exchanges & Data,0,0,0,,0,0,0,2025,2026,2025,,,2023,2025,,2025,2025,2025,2025,2025,,2026,2026,2026,2026,2026,2026,2025,2025,,,,,2025,2025,2025,,,2025,2025,2025,2026,2026
SRE,Sempra,Utilities,Multi-Utilities,0,0,0,,0,0,0,2025,2026,2025,,,2023,,,2025,2025,2025,2025,2025,,2026,,,,,,2025,2025,,,,,2025,2025,2025,2025,2025,2025,2025,2025,2026,2026
STE,Steris,Health Care,Health Care Equipment,0,0,,,0,0,0,2026,2026,2025,,,,2025,,2025,2025,2025,2025,2025,2025,2026,2026,,,,,2026,2026,,,,,2025,2025,,,,2025,2025,2025,2026,2026
STLD,Steel Dynamics,Materials,Steel,0,0,0,,0,0,0,2025,2026,2025,2023,2023,2023,2025,,2025,2025,2025,2025,2025,,2026,,,,,,2025,2025,2025,2025,2025,,2025,2025,2025,,,2025,2025,2025,2026,2026
STT,State Street Corporation,Financials,Asset Management & Custody Banks,0,0,0,,0,0,0,2025,2026,2025,,,2023,,,2025,2025,,2025,2025,,2026,,,,,,2025,2025,,,,,2025,2025,2025,2025,2025,2025,2025,2025,2026,2026
STX,Seagate Technology,Information Technology,"Technology Hardware, Storage & Peripherals",0,0,0,,0,0,0,2026,2026,2025,,,,2025,,2025,2025,2025,2025,2025,2025,2026,2026,,,,,2026,2026,,2025,2025,2025,2025,2025,2025,,,2025,2025,2025,2026,2026
STZ,Constellation Brands,Consumer Staples,Distillers & Vintners,0,0,0,,0,0,0,2026,2026,2026,,,2023,2025,,2025,2025,2025,2025,2025,,2026,,,,,,2026,2026,,,,,2025,2025,2025,,,2025,2025,2025,2026,2026
SW,Smurfit Westrock,Materials,Paper & Plastic Packaging Products & Materials,0,0,,,0,0,0,2025,2026,2025,,,,2025,,2025,2025,2025,2025,2025,,2026,,,,,,2025,2025,2025,,,,2025,2025,2025,2025,2025,2025,2025,2025,2026,2026
SWK,Stanley Black & Decker,Industrials,Industrial Machinery & Supplies & Components,0,0,0,,0,0,0,2026,2026,2025,,,2023,2025,,2025,2025,2025,2025,2025,2025,2026,2026,2026,2026,2026,2026,2026,2026,,,,,2025,2025,2025,,,2025,2025,2025,2026,2026
SWKS,Skyworks Solutions,Information Technology,Semiconductors,0,0,0,,0,0,0,2025,2026,2025,2023,2023,2023,2025,,2025,2025,2025,2025,2025,2025,2026,,,,,,2025,2025,,,,2025,2025,2025,2025,,,2025,2025,2025,2026,2026
SYF,Synchrony Financial,Financials,Consumer Finance,0,0,0,,0,0,0,2025,2026,2025,,,2023,,,,2025,2025,,,,2026,,,,,,2025,2025,,,,,2025,2025,2025,,,2025,2025,2025,2026,2026
SYK,Stryker Corporation,Health Care,Health Care Equipment,0,0,0,,0,0,0,2025,2026,2025,,,2023,2025,,2025,2025,2025,2025,2025,2025,2026,2026,,,,,2025,2025,,,,,2025,2025,2025,,,2025,2021,2025,2026,2026
SYY,Sysco,Consumer Staples,Food Distributors,0,0,,,0,0,0,2026,2026,2025,,,2023,2025,,2025,2025,2025,2025,2025,,2026,2026,2026,2026,2026,2026,2026,2026,,2025,2025,,2025,2025,2025,,,2025,2025,2025,2026,2026
T,AT&T,Communication Services,Integrated Telecommunication Services,0,0,,,0,0,0,2025,2026,2025,2015,2015,2023,,,2025,2025,2025,2025,2025,,2026,2026,2026,,,,2025,2025,,,,,2025,2025,2025,,,2025,2025,2025,2026,2026
TAP,Molson Coors Beverage Company,Consumer Staples,Brewers,0,0,0,,0,0,0,2025,2026,2025,2023,2023,2023,2025,,2025,2025,2025,2025,2025,,2026,,,,,,2025,2025,,,,,2025,2025,2025,,,2025,2025,2025,2026,2026
TDG,TransDigm Group,Industrials,Aerospace & Defense,0,0,,,0,0,0,2025,2026,2025,,,2023,2025,,2025,2025,2025,2025,2025,2025,2026,,,,,,2025,2025,,,,,2025,2025,,2025,2025,2025,2025,2025,2026,2026
TDY,Teledyne Technologies,Information Technology,Electronic Equipment & Instruments,0,0,0,,0,0,0,2025,2026,2025,,,2023,2025,,2025,2025,2025,2025,2025,2025,2026,,,,,,2025,2025,,,,2025,2025,2025,2025,,,2025,2025,,2026,2026
TECH,Bio-Techne,Health Care,Life Sciences Tools & Services,0,0,0,,0,0,0,2026,2026,2025,,,2023,2025,,2025,2025,2025,2025,2025,,2026,2026,2026,2026,2026,2026,2026,2026,,2025,2025,,2025,2025,2025,,,2025,2025,2025,2026,2026
TEL,TE Connectivity,Information Technology,Electronic Manufacturing Services,0,0,0,,0,0,0,2025,2026,2025,,,,2025,,2025,2025,2025,2025,2025,2025,2026,2026,2026,,,,2025,2025,,2025,2025,,2025,2025,2025,,,2025,2025,2025,2026,2026
TER,Teradyne,Information Technology,Semiconductor Materials & Equipment,0,0,0,,0,0,0,2025,2026,2025,,,2023,2025,,2025,2025,2025,2025,2025,,2026,2026,2026,2026,2026,2026,2025,2025,,,,,2025,2025,2025,,,2025,2025,2025,2026,2026
TFC,Truist Financial,Financials,Diversified Banks,0,0,0,,0,0,0,2025,2026,2025,,,2023,,,2025,2025,,2022,2022,,2026,,,,,,2025,2025,2025,,,,2025,2025,2025,,,2025,2025,2025,2026,2026
TGT,Target Corporation,Consumer Staples,Consumer Staples Merchandise Retail,0,0,0,,0,0,0,2026,2026,2025,,,2023,2025,,2025,2025,2025,2025,2025,,2026,2026,2026,,,,2026,2026,,,,,2025,2025,2025,,,2025,2025,2025,2026,2026
TJX,TJX Companies,Consumer Discretionary,Apparel Retail,0,0,0,,0,0,0,2026,2026,2025,,,2023,2025,,2025,2025,2025,2025,2025,,2026,,,,,,2026,2026,,,,,2025,2025,2025,,,2025,2025,2025,2026,2026
TKO,TKO Group Holdings,Communication Services,Movies & Entertainment,0,0,,,0,0,0,2025,2026,2025,,,2023,,,2025,2025,2025,,,,2026,,,,,,2025,2025,,,,,2025,2025,,,,2025,2025,2025,2026,2026
TMO,Thermo Fisher Scientific,Health Care,Life Sciences Tools & Services,0,0,0,,0,0,0,2025,2026,2025,2023,2023,2023,,,2025,2025,2025,2025,2025,2025,2026,2026,2026,2026,2026,2026,2025,2025,,,,,2025,2025,2025,,,2025,2025,2025,2026,2026
TMUS,T-Mobile US,Communication Services,Wireless Telecommunication Services,0,0,0,,0,0,0,2025,2026,2025,,,2023,,,2025,2025,2025,2025,2025,,2026,2026,2026,,,,2025,2025,,,,,2025,2025,2025,,,2025,2025,2025,2026,2026
TPL,Texas Pacific Land Corporation,Energy,Oil & Gas Exploration & Production,0,0,0,,0,0,0,2025,2026,2025,,,2023,,,2025,2025,2025,2022,2022,,2026,,,,,,2025,2025,,,,,2025,2025,2025,,,2025,2025,2025,2026,2026
TPR,"Tapestry, Inc.",Consumer Discretionary,"Apparel, Accessories & Luxury Goods",0,0,0,,0,0,0,2026,2026,2025,,,2023,2025,,2025,2025,2025,2025,2025,,2026,2026,2026,2026,2026,2026,2026,2026,,,,,2025,2025,2025,2025,2025,2025,2025,2025,2026,2026
TRGP,Targa Resources,Energy,Oil & Gas Storage & Transportation,0,0,0,,0,0,0,2025,2026,2025,2023,2023,2023,2025,,2025,2025,2025,2025,2025,,2026,,,,,,2025,2025,,,,,2025,2025,2025,,,2025,,,2026,2026
TRMB,Trimble Inc.,Information Technology,Application Software,0,0,0,,0,0,0,2026,2026,2025,,,2023,2025,,2025,2025,2025,2025,2025,2025,2026,2026,2026,2026,2026,2026,2026,2026,,,,,2025,2025,,,,2025,2025,,2026,2026
TROW,T. Rowe Price,Financials,Asset Management & Custody Banks,0,0,0,,0,0,0,2025,2026,2025,,,2023,,,2025,2025,2025,2025,2025,,2026,,,,,,2025,2025,,2025,2025,2025,2025,2025,2025,,,2025,2025,2025,2026,2026
TRV,Travelers Companies (The),Financials,Property & Casualty Insurance,0,0,0,,0,0,0,2025,2026,2025,,,2023,,,2025,2025,2025,,,,2026,,,,,,2025,2025,,,,,2025,2025,2025,,,2025,2025,2025,2026,2026
TSCO,Tractor Supply,Consumer Discretionary,Other Specialty Retail,0,0,0,,0,0,0,2025,2026,2025,,,2023,2025,,2025,2025,2025,2025,2025,,2026,2026,,,,,2025,2025,,,,,2025,2025,2025,2025,2025,2025,2025,2025,2026,2026
TSLA,"Tesla, Inc.",Consumer Discretionary,Automobile Manufacturers,0,0,0,,0,0,0,2025,2026,2025,2023,2023,2023,2025,,2025,2025,2025,2025,2025,2025,2026,2026,,,,,2025,2025,,,,,2025,2025,,,,2025,,,2026,2026
TSN,Tyson Foods,Consumer Staples,Packaged Foods & Meats,0,0,0,,0,0,0,2025,2026,2025,2023,2023,2023,2025,,2025,2025,2025,2025,2025,2025,2026,2026,2026,,2026,2026,2025,2025,,,,,2025,2025,,2025,2025,2025,,2025,2026,2026
TT,Trane Technologies,Industrials,Building Products,0,0,0,,0,0,0,2025,2026,2025,,,,,,2025,2025,2025,2025,2025,2025,2026,2026,2026,,,,2025,2025,,2025,2025,,2025,2025,2025,,,2025,2025,2025,2026,2026
TTD,Trade Desk (The),Communication Services,Advertising,0,0,0,,0,0,0,2025,2026,2025,,,2023,2025,,2025,2025,2025,2025,2025,2025,2026,,,,,,2025,2025,,,,,2025,2025,,,,2025,2025,,2026,2026
TTWO,Take-Two Interactive,Communication Services,Interactive Home Entertainment,0,0,,,0,0,0,2026,2026,2025,,,2023,2025,,2025,2025,2025,2025,2025,,2026,,,,,,2026,2026,2025,,,,2025,2025,2025,,,2025,2023,,2026,2026
TXN,Texas Instruments,Information Technology,Semiconductors,0,0,0,,0,0,0,2025,2026,2025,2023,2023,2023,2025,,2025,2025,2025,2025,2025,2025,2026,2026,2026,2026,2026,2026,2025,2025,,,,,2025,2025,,,,2025,2025,2025,2026,2026
TXT,Textron,Industrials,Aerospace & Defense,0,0,0,,0,0,0,2026,2026,2025,2023,2023,2023,,,2025,2025,2025,2025,2025,2025,2026,,,,,,2026,2026,,,,,2025,2025,2025,2025,2025,2025,2025,2025,2026,2026
TYL,Tyler Technologies,Information Technology,Application Software,0,0,0,,0,0,0,2025,2026,2025,,,2023,2025,,2025,2025,2025,2025,2025,,2026,,,,,,2025,2025,,,,,2025,2025,2025,,,2025,2025,,2026,2026
UAL,United Airlines Holdings,Industrials,Passenger Airlines,0,0,0,,0,0,0,2025,2026,2025,,,2023,,2025,2025,2025,2025,2025,2025,,2026,2026,2026,,,,2025,2025,,2025,2025,2025,2025,2025,2025,,,2025,2025,,2026,2026
UBER,Uber,Industrials,Passenger Ground Transportation,0,0,,,0,0,0,2025,2026,2025,,,2023,,,2025,2025,2025,2025,2025,2025,2026,,,,,,2025,2025,,,,,2025,2025,2025,,,2025,2025,,2026,2026
UDR,"UDR, Inc.",Real Estate,Multi-Family Residential REITs,0,0,0,,0,0,0,2025,2026,2025,,,2023,,,2025,2025,2025,,,,2026,2026,,,,,2025,2025,2025,2025,,,2025,2025,2025,2025,2025,2025,2025,2025,2026,2026
UHS,Universal Health Services,Health Care,Health Care Facilities,0,0,0,,0,0,0,2025,2026,2025,,,2023,,,2025,2025,2025,2025,2025,,2026,,,,,,2025,2025,,,,,2025,2025,,,,2025,2025,2025,2026,2026
ULTA,Ulta Beauty,Consumer Discretionary,Other Specialty Retail,0,0,0,,0,0,0,2026,2026,2025,,,2023,2025,,2025,2025,2025,2025,2025,,2026,2026,2026,2026,2026,2026,2026,2026,,,,,2025,2025,,,,2025,2025,,2026,2026
UNH,UnitedHealth Group,Health Care,Managed Health Care,0,0,0,,0,0,0,2025,2026,2025,,,2023,2025,,2025,2025,2025,2025,2025,,2026,2026,2026,2026,2026,2026,2025,2025,,,,,2025,2025,2025,,,2025,2025,2025,2026,2026
UNP,Union Pacific Corporation,Industrials,Rail Transportation,0,0,0,,0,0,0,2025,2026,2025,,,2023,,2025,2025,2025,2025,2025,2025,,2026,2026,2026,2026,2026,2026,2025,2025,,,,,2025,2025,2025,,,2025,2025,2025,2026,2026
UPS,United Parcel Service,Industrials,Air Freight & Logistics,0,0,,,0,0,0,2025,2026,2025,,,2023,,2025,2025,2025,2025,2025,2025,,2026,,,,,,2025,2025,,2025,,,2025,2025,2025,,,2025,2025,2025,2026,2026
URI,United Rentals,Industrials,Trading Companies & Distributors,0,0,0,,0,0,0,2025,2026,2025,,,2023,2025,,2025,2025,2025,2024,2024,,2026,,,,,,2025,2025,,,,,2025,2025,2025,2025,2025,2025,2025,2025,2026,2026
USB,U.S. Bancorp,Financials,Diversified Banks,0,0,0,,0,0,0,2025,2026,2025,,,2023,,,2025,2025,,,,,2026,,,,,,,,,,,,2025,2025,2025,,,2025,2025,2025,2026,2026
V,Visa Inc.,Financials,Transaction & Payment Processing Services,0,0,0,,0,0,0,2025,2026,2026,,,2023,,,2025,2025,2025,2025,2025,,2026,2026,2026,2026,2026,2026,2025,2025,,,,,2025,2025,2025,,,2025,2025,2025,2026,2026
VEEV,Veeva Systems,Health Care,Health Care Technology,0,0,0,,0,0,0,2026,2026,2025,,,2023,2025,,2025,2025,2026,,,2025,2026,2026,2026,2026,2026,2026,2026,2026,,2025,,,2025,2025,,,,2025,2025,,2026,2026
VICI,Vici Properties,Real Estate,Hotel & Resort REITs,0,0,0,,0,0,0,2025,2026,2025,,,2023,2025,,2025,2025,2025,,,,2026,,,,,,2025,2025,,,,2025,2025,2025,2025,,,2025,,2025,2026,2026
VLO,Valero Energy,Energy,Oil & Gas Refining & Marketing,0,0,0,,0,0,0,2025,2026,2025,2023,2023,2023,2025,,2025,2025,2025,2024,2024,,2026,,,,,,2025,2025,2025,2025,2025,,2025,2025,2025,,,2025,2025,2025,2026,2026
VLTO,Veralto,Industrials,Environmental & Facilities Services,0,0,0,,0,0,0,2025,2026,2025,,,2023,2025,,2025,2025,2025,2025,2025,2025,2026,2026,,,,,2025,2025,2025,,,,2025,2025,2025,,,2025,,2025,2026,2026
VMC,Vulcan Materials Company,Materials,Construction Materials,0,0,0,,0,0,0,2025,2026,2025,2013,2013,2023,2025,,2025,2025,2025,2025,2025,,2026,,,,,,2025,2025,,,,,2025,2025,2025,2025,2025,2025,2025,2025,2026,2026
VMRK,Vivmark Residential,Real Estate,Multi-Family Residential REITs,0,0,0,,0,0,0,2025,2026,2025,,,2023,,,2019,2023,2019,,,,2026,,,,,,2025,2025,,,,,2025,2025,2025,,,2025,2025,2025,2026,2026
VRSK,Verisk Analytics,Industrials,Research & Consulting Services,0,0,0,,0,0,0,,2026,2025,,,2023,2025,,2025,2025,2025,2025,2025,2025,2026,2026,2026,2026,2026,2026,2025,2025,,,,,2025,2025,2025,,,2025,2025,2025,2026,2026
VRSN,Verisign,Information Technology,Internet Services & Infrastructure,0,0,0,,0,0,0,,2026,2025,,,2023,2025,,2025,2025,2025,2025,2025,2025,2026,,,,,,2025,2025,,2025,2025,,2025,2025,2025,,,2025,2025,2025,2026,2026
VRT,Vertiv,Industrials,Electrical Components & Equipment,0,0,,,0,0,0,2025,2026,2025,,,2023,2025,,2025,2025,2025,2025,2025,2025,2026,,,,,,2025,2025,,,,,2025,2025,2025,,,2025,2025,2025,2026,2026
VRTX,Vertex Pharmaceuticals,Health Care,Biotechnology,0,0,0,,0,0,0,2025,2026,2025,,,2023,2025,,2025,2025,2025,2025,2025,2021,2026,,,,,,2025,2025,,,,2025,2025,2025,2025,2025,2025,2025,2025,,2026,2026
VST,Vistra Corp.,Utilities,Electric Utilities,0,0,0,,0,0,0,2025,2026,2025,2023,2023,2023,,,2025,2025,2025,2025,2025,,2026,2026,2026,2026,2026,2026,2025,2025,,,,2025,2025,2025,2025,,,2025,2025,2025,2026,2026
VTR,Ventas,Real Estate,Health Care REITs,0,0,0,,0,0,0,2025,2026,2025,,,2023,,,2025,2025,2025,2025,2025,,2026,2026,2026,,,,2025,2025,,,,,2025,2025,2025,,,2025,,2025,2026,2026
VTRS,Viatris,Health Care,Pharmaceuticals,0,0,0,,0,0,0,2025,2026,2023,2023,2023,2023,2025,,2025,2025,2025,2025,2025,2021,2026,2026,2026,2026,2026,2026,2025,2025,,,,,2025,2025,2025,,,2025,2025,,2026,2026
VZ,Verizon,Communication Services,Integrated Telecommunication Services,0,0,,,0,0,0,2025,2026,2025,,,2023,,,2025,2025,2025,,,,2026,2026,2026,2026,2026,2026,2025,2025,2025,,,,2025,2025,2025,2025,2025,2025,,2025,2026,2026
WAB,Wabtec,Industrials,Construction Machinery & Heavy Transportation Equipment,0,0,,,0,0,0,2025,2026,2025,,,2023,2025,,2025,2025,2025,2025,2025,2025,2026,,,,,,2025,2025,2025,,,,2025,2025,2025,,,2025,2025,2025,2026,2026
WAT,Waters Corporation,Health Care,Life Sciences Tools & Services,0,0,0,,0,0,0,2025,2026,2025,,,2023,2025,,2025,2025,2025,2025,2025,2025,2026,2026,2026,2026,2026,2026,,,,,,,2025,2025,2025,,,2025,2025,,2026,2026
WBD,Warner Bros. Discovery,Communication Services,Broadcasting,0,0,0,,0,0,0,2025,2026,2025,,,2023,,,2025,2025,2025,2025,2025,,2026,,,,,,2025,2025,,2025,2025,,2025,2025,2025,2025,2025,2025,,,2026,2026
WDAY,"Workday, Inc.",Information Technology,Application Software,0,0,0,,0,0,0,2026,2026,2025,,,2023,,,2025,2025,2026,2025,2025,2025,2026,2026,,,,,2026,2026,,,,,2025,2025,2025,,,2025,2025,,2026,2026
WDC,Western Digital,Information Technology,"Technology Hardware, Storage & Peripherals",0,0,0,,0,0,0,,2026,2025,,,2023,2025,,2025,2025,2025,2025,2025,,2026,2026,2026,2026,2026,2026,2026,2026,,,,2025,2025,2025,2025,2025,2025,2025,2025,2025,2026,2026
WEC,WEC Energy Group,Utilities,Electric Utilities,0,0,,,0,0,0,2025,2026,2025,2023,2023,2023,2025,,2025,2025,2025,2022,2022,,2026,,,,,,2025,2025,,2025,2025,,2025,2025,2025,2025,2025,2025,2025,2025,2026,2026
WELL,Welltower,Real Estate,Health Care REITs,0,0,0,,0,0,0,2025,2026,2025,,,2023,2025,2025,2025,,,,,,2026,2026,2026,,,,2025,2025,,,,,2025,2025,2025,,,2025,2022,2025,2026,2026
WFC,Wells Fargo,Financials,Diversified Banks,0,0,,,0,0,0,2025,2026,2025,,,2023,,,2025,2025,2025,,,,2026,,,,,,2025,2025,,,,,2025,2025,2025,,,2025,2025,2025,2026,2026
WM,Waste Management,Industrials,Environmental & Facilities Services,0,0,0,,0,0,0,2025,2026,2025,2023,2023,2023,2025,,2025,2025,2025,2025,2025,,2026,,,,,,2025,2025,,,,,2025,2025,2025,,,2025,2024,2025,2026,2026
WMB,Williams Companies,Energy,Oil & Gas Storage & Transportation,0,0,0,,0,0,0,2025,2026,2025,2012,2012,2023,,,2025,2025,2025,2025,2025,,2026,,,,,,2025,2025,2025,,,,2025,2025,2025,2025,2025,2025,2025,2025,2026,2026
WMT,Walmart,Consumer Staples,Consumer Staples Merchandise Retail,0,0,0,,0,0,0,2026,2026,2025,,,2023,2025,,2025,2025,2025,2025,2025,,2026,2026,,,,,2026,2026,2025,,,,2025,2025,2025,,,2025,2025,2025,2026,2026
WRB,W. R. Berkley Corporation,Financials,Property & Casualty Insurance,0,0,0,,0,0,0,2025,2026,2025,,,2023,,,2025,2025,2025,,,,2026,,,,,,2025,2025,,,,,2025,2025,2025,,,2025,2025,2025,2026,2026
WSM,"Williams-Sonoma, Inc.",Consumer Discretionary,Homefurnishing Retail,0,0,0,,0,0,0,2026,2026,2025,,,2023,2025,,2025,2025,2025,2025,2025,,2026,2026,2026,2026,2026,2026,2026,2026,,2025,2025,,2025,2025,,2025,2025,2025,2025,2025,2026,2026
WST,West Pharmaceutical Services,Health Care,Health Care Supplies,0,0,0,,0,0,0,2025,2026,2025,,,2023,2025,,2025,2025,2025,2025,2025,2025,2026,2026,2026,2026,2026,2026,2025,2025,,,,,2025,2025,2025,2025,2025,2025,2025,2025,2026,2026
WTW,Willis Towers Watson,Financials,Insurance Brokers,0,0,0,,0,0,0,2025,2026,2025,,,,,,2025,2025,2025,2025,2025,,2026,,,,,,2025,2025,,,,,2025,2025,,,,2025,2025,2025,2026,2026
WY,Weyerhaeuser,Real Estate,Timber REITs,0,0,0,,0,0,0,2025,2026,2025,2023,2023,2023,2025,,2025,2025,2025,,,2025,2026,2026,2026,2026,2026,2026,2025,2025,,,,,2025,2025,2025,2025,2025,2025,2025,2025,2026,2026
WYNN,Wynn Resorts,Consumer Discretionary,Casinos & Gaming,0,0,,,0,0,0,2025,2026,2025,,,2023,,,2025,2025,2025,2025,2025,,2026,,,,,,2025,2025,,,,,2025,2025,2025,2025,2025,2025,2025,2025,2026,2026
XEL,Xcel Energy,Utilities,Multi-Utilities,0,0,0,,0,0,0,2025,2026,2025,2023,2023,2023,,,2025,2025,2025,2025,2025,,2026,,,,,,,,,2025,,,2025,2025,2025,,,2025,,2025,2026,2026
XOM,ExxonMobil,Energy,Integrated Oil & Gas,0,0,,,0,0,0,2025,2026,2025,2023,2023,2023,,,2025,2025,2025,2025,2025,2025,2026,,,,,,2025,2025,,,,,2025,2025,,2025,2025,2025,2025,2025,2026,2026
XYL,Xylem Inc.,Industrials,Industrial Machinery & Supplies & Components,0,0,0,,0,0,0,2025,2026,2025,,,2023,2025,,2025,2025,2025,2025,2025,2025,2026,2026,2026,2026,2026,2026,2025,2025,,,,,2025,2025,2025,,,2025,2025,2025,2026,2026
XYZ,"Block, Inc.",Financials,Transaction & Payment Processing Services,0,0,,,0,0,0,2025,2026,2025,,,,2025,,2025,2025,2025,2025,2025,2025,2026,2026,2026,2026,2026,2026,2025,2025,,,,,2025,2025,,,,2025,2025,,2026,2026
YUM,Yum! Brands,Consumer Discretionary,Restaurants,0,0,0,,0,0,0,2025,2026,2025,,,2023,2025,,2025,2025,2025,2025,2025,,2026,2026,2026,2026,2026,2026,2025,2025,,,,,2025,2025,2025,,,2025,2025,2025,2026,2026
ZBH,Zimmer Biomet,Health Care,Health Care Equipment,0,0,0,,0,0,0,2025,2026,2025,,,2023,2025,,2025,2025,2025,2025,2025,,2026,2026,2026,2026,2026,2026,2025,2025,,,,,2025,2025,2025,,,2025,2025,2025,2026,2026
ZBRA,Zebra Technologies,Information Technology,Electronic Equipment & Instruments,0,0,0,,0,0,0,2025,2026,2025,,,2023,2025,,2025,2025,2025,2025,2025,2025,2026,2026,2026,,,,2025,2025,,2025,2025,,2025,2025,2025,2025,2025,2025,2025,,2026,2026
ZTS,Zoetis,Health Care,Pharmaceuticals,0,0,0,,0,0,0,2025,2026,2025,,,2023,2025,,2025,2025,2025,2025,2025,,2026,,,,,,2025,2025,,,,,2025,2025,2025,,,2025,2025,,2026,2026
