ticker,company,sector,sub_industry,cik,legal_name,gics_sector,gics_sub_industry,hq_state,market_cap_usd,shares_outstanding,scope1_tco2e,scope1_tco2e_fy,ghg_facility_count,ghg_facility_count_fy,cogs_usd,cogs_usd_fy,energy_cost_usd,energy_cost_usd_fy,revenue_usd,revenue_usd_fy,ebit_usd,ebit_usd_fy,ebitda_usd,ebitda_usd_fy,free_cash_flow_usd,free_cash_flow_usd_fy,capex_usd,capex_usd_fy,rnd_expense_usd,rnd_expense_usd_fy,sbti_target_validated,sbti_target_type,target_year,target_baseline_year,target_reduction_pct,target_scope_coverage,has_climate_oversight_committee,has_third_party_assurance,assurance_level,emissions_boundary_stated,has_clawback_policy,has_psu_plan,performance_period_years,independent_director_count,board_size,lead_independent_director,buybacks_usd,buybacks_usd_fy,dividends_paid_usd,dividends_paid_usd_fy
A,Agilent Technologies,Health Care,Life Sciences Tools & Services,0001090872,Agilent Technologies,Health Care,Life Sciences Tools & Services,California,41429237760.0,292123241.0,,,,,3368000000.0,2023,,,6833000000.0,2023,1350000000.0,2023,1621000000.0,2023,1474000000.0,2023,298000000.0,2023,481000000.0,2023,1.0,net-zero,2030.0,2019.0,50.0,1 and 2,,,,,1.0,1.0,3.0,10.0,11.0,1.0,575000000.0,2023,265000000.0,2023
AAPL,Apple Inc.,Information Technology,"Technology Hardware, Storage & Peripherals",0000320193,Apple Inc.,Information Technology,"Technology Hardware, Storage & Peripherals",California,4849207869440.0,15550061000.0,,,,,214137000000.0,2023,,,383285000000.0,2023,114301000000.0,2023,125820000000.0,2023,99584000000.0,2023,10959000000.0,2023,29915000000.0,2023,0.0,near-term,,,,,,,,,1.0,0.0,3.0,,,0.0,77550000000.0,2023,15025000000.0,2023
ABBV,AbbVie,Health Care,Biotechnology,0001551152,AbbVie,Health Care,Biotechnology,Illinois,454361186304.0,1773000000.0,99777.8,2023,2.0,2023,20415000000.0,2023,,,54318000000.0,2023,12757000000.0,2023,,,22062000000.0,2023,777000000.0,2023,,,0.0,near-term,2030.0,2021.0,42.0,1 and 2,,,,,1.0,1.0,3.0,,,1.0,1972000000.0,2023,10539000000.0,2023
ABNB,Airbnb,Consumer Discretionary,"Hotels, Resorts & Cruise Lines",0001559720,Airbnb,Consumer Discretionary,"Hotels, Resorts & Cruise Lines",California,101907333120.0,662000000.0,,,,,1703000000.0,2023,,,9917000000.0,2023,1518000000.0,2023,,,,,,,1722000000.0,2023,0.0,near-term,2030.0,2019.0,78.4,1 and 2,,,,,1.0,0.0,,,,1.0,2252000000.0,2023,,
ABT,Abbott Laboratories,Health Care,Health Care Equipment,0000001800,Abbott Laboratories,Health Care,Health Care Equipment,Illinois,176412573696.0,1749000000.0,134386.9,2023,4.0,2023,17975000000.0,2023,,,40109000000.0,2023,6478000000.0,2023,,,5059000000.0,2023,2202000000.0,2023,2741000000.0,2023,0.0,,,,,,,,,,1.0,1.0,,11.0,12.0,1.0,1227000000.0,2023,3556000000.0,2023
ACGL,Arch Capital Group,Financials,Property & Casualty Insurance,0000947484,Arch Capital Group,Financials,Property & Casualty Insurance,Bermuda,32788705280.0,373400000.0,,,,,,,,,13634000000.0,2023,3570000000.0,2023,,,5697000000.0,2023,52000000.0,2023,,,0.0,,,,,,,,,,1.0,1.0,3.0,,,0.0,0.0,2023,,
ACN,Accenture,Information Technology,IT Consulting & Other Services,0001467373,Accenture,Information Technology,IT Consulting & Other Services,Ireland,112536141824.0,638591616.0,,,,,43380138000.0,2023,,,64111745000.0,2023,8809889000.0,2023,10221962000.0,2023,8996096000.0,2023,528172000.0,2023,1298657000.0,2023,0.0,near-term,,,,,,,,,1.0,0.0,3.0,,,1.0,4330403000.0,2023,,
ADBE,Adobe Inc.,Information Technology,Application Software,0000796343,Adobe Inc.,Information Technology,Application Software,California,100261421056.0,455000000.0,,,,,2354000000.0,2023,,,19409000000.0,2023,6650000000.0,2023,7522000000.0,2023,6942000000.0,2023,360000000.0,2023,,,1.0,net-zero,2030.0,2022.0,42.0,1 and 2,,,,,1.0,1.0,3.0,10.0,11.0,1.0,4400000000.0,2023,,
ADI,Analog Devices,Information Technology,Semiconductors,0000006281,Analog Devices,Information Technology,Semiconductors,Massachusetts,183543709696.0,496261678.0,117771.6,2023,3.0,2023,4428321000.0,2023,,,12305539000.0,2023,3823112000.0,2023,,,3556171000.0,2023,1261463000.0,2023,1660194000.0,2023,0.0,near-term,2030.0,2019.0,50.0,1 and 2,,,,,1.0,1.0,3.0,,,1.0,2963955000.0,2023,1679106000.0,2023
ADM,Archer Daniels Midland,Consumer Staples,Agricultural Products & Services,0000007084,Archer Daniels Midland,Consumer Staples,Agricultural Products & Services,Illinois,41795534848.0,542000000.0,10585367.6,2023,18.0,2023,86422000000.0,2023,,,93935000000.0,2023,4294000000.0,2023,5353000000.0,2023,2966000000.0,2023,1494000000.0,2023,256000000.0,2023,0.0,commitment,,,,,,,,,1.0,1.0,3.0,12.0,13.0,1.0,2673000000.0,2023,977000000.0,2023
ADP,Automatic Data Processing,Industrials,Human Resource & Employment Services,0000008670,Automatic Data Processing,Industrials,Human Resource & Employment Services,New Jersey,106569711616.0,412100000.0,,,,,9953400000.0,2023,,,18012200000.0,2023,4437600000.0,2023,4986900000.0,2023,,,,,844800000.0,2023,0.0,,,,,,,,,,1.0,1.0,3.0,10.0,12.0,0.0,1121400000.0,2023,1903600000.0,2023
ADSK,Autodesk,Information Technology,Application Software,0000769397,Autodesk,Information Technology,Application Software,California,44391600128.0,214000000.0,,,,,511000000.0,2023,,,5497000000.0,2023,1128000000.0,2023,1267000000.0,2023,1282000000.0,2023,31000000.0,2023,1373000000.0,2023,0.0,near-term,2031.0,2020.0,50.0,1 and 2,,,,1.0,1.0,1.0,3.0,,,1.0,795000000.0,2023,0.0,2023
AEE,Ameren,Utilities,Multi-Utilities,0001002910,Ameren,Utilities,Multi-Utilities,Missouri,29040859136.0,266300000.0,19790344.7,2023,15.0,2023,,,,,7500000000.0,2023,1558000000.0,2023,2990000000.0,2023,-1033000000.0,2023,3597000000.0,2023,,,0.0,,,,,,,,,,1.0,1.0,3.0,,,1.0,,,662000000.0,2023
AEP,American Electric Power,Utilities,Electric Utilities,0000004904,American Electric Power,Utilities,Electric Utilities,Ohio,67140530176.0,520206258.0,48971842.6,2023,26.0,2023,,,,,19456000000.0,2023,3556000000.0,2023,6483000000.0,2023,4857000000.0,2023,155000000.0,2023,,,0.0,,,,,,,,,,1.0,0.0,3.0,,,1.0,,,1752000000.0,2023
AES,AES Corporation,Utilities,Independent Power Producers & Energy Traders,0000874761,AES Corporation,Utilities,Independent Power Producers & Energy Traders,Virginia,10551757824.0,669693234.0,15564932.7,2023,11.0,2023,10164000000.0,2023,,,12668000000.0,2023,,,,,-4690000000.0,2023,7724000000.0,2023,,,0.0,,,,,,,,,,1.0,1.0,3.0,,,1.0,,,444000000.0,2023
AFL,Aflac,Financials,Life & Health Insurance,0000004977,Aflac,Financials,Life & Health Insurance,Georgia,57794854912.0,578479000.0,,,,,,,,,18701000000.0,2023,5262000000.0,2023,5301000000.0,2023,,,,,,,0.0,,,,,,,,,,1.0,1.0,3.0,,,1.0,2801000000.0,2023,966000000.0,2023
AIG,American International Group,Financials,Multi-line Insurance,0000005272,American International Group,Financials,Multi-line Insurance,New York,39389544448.0,688800000.0,,,,,,,,,27938000000.0,2023,2867000000.0,2023,6708000000.0,2023,6003000000.0,2023,240000000.0,2023,,,0.0,,,,,,,,,,1.0,1.0,3.0,,,1.0,2961000000.0,2023,997000000.0,2023
AIZ,Assurant,Financials,Multi-line Insurance,0001267238,Assurant,Financials,Multi-line Insurance,Georgia,13931991040.0,51955994.0,,,,,,,,,11131600000.0,2023,806800000.0,2023,1003200000.0,2023,935600000.0,2023,202500000.0,2023,,,0.0,,,,,,,1.0,,,1.0,1.0,3.0,,,1.0,193100000.0,2023,152300000.0,2023
AJG,Arthur J. Gallagher & Co.,Financials,Insurance Brokers,0000354190,Arthur J. Gallagher & Co.,Financials,Insurance Brokers,Illinois,61603868672.0,216700000.0,,,,,,,,,10072000000.0,2023,1185000000.0,2023,1882000000.0,2023,,,,,,,0.0,,,,,,,,,,1.0,1.0,3.0,,,1.0,,,474000000.0,2023
AKAM,Akamai Technologies,Information Technology,Internet Services & Infrastructure,0001086222,Akamai Technologies,Information Technology,Internet Services & Infrastructure,Massachusetts,15347496960.0,151232908.0,,,,,1511063000.0,2023,,,3811920000.0,2023,637338000.0,2023,1208114000.0,2023,890530000.0,2023,457909000.0,2023,406048000.0,2023,0.0,commitment,,,,,,,,1.0,1.0,0.0,1.0,,,0.0,654046000.0,2023,,
ALB,Albemarle Corporation,Materials,Specialty Chemicals,0000915913,Albemarle Corporation,Materials,Specialty Chemicals,North Carolina,13867954176.0,117356000.0,229671.7,2023,3.0,2023,8431294000.0,2023,,,9617203000.0,2023,251881000.0,2023,681825000.0,2023,-827959000.0,2023,2154542000.0,2023,85725000.0,2023,0.0,,,,,,,,,,1.0,1.0,3.0,,,1.0,,,187188000.0,2023
ALGN,Align Technology,Health Care,Health Care Supplies,0001097149,Align Technology,Health Care,Health Care Supplies,Arizona,10714231808.0,75075000.0,,,,,1155397000.0,2023,,,3862260000.0,2023,643338000.0,2023,785739000.0,2023,608060000.0,2023,177716000.0,2023,346830000.0,2023,0.0,,,,,,,1.0,limited,,1.0,0.0,3.0,,,0.0,592360000.0,2023,,
ALL,Allstate,Financials,Property & Casualty Insurance,0000899051,Allstate,Financials,Property & Casualty Insurance,Illinois,64152592384.0,262000000.0,,,,,,,,,57094000000.0,2023,-348000000.0,2023,356000000.0,2023,3961000000.0,2023,267000000.0,2023,,,0.0,,,,,,,,,,1.0,1.0,3.0,,,1.0,335000000.0,2023,925000000.0,2023
ALLE,Allegion,Industrials,Building Products,0001579241,Allegion,Industrials,Building Products,Ireland,13040391168.0,87504673.0,,,,,2069300000.0,2023,,,3650800000.0,2023,708400000.0,2023,817400000.0,2023,516400000.0,2023,84200000.0,2023,101900000.0,2023,0.0,,,,,,,,,,1.0,1.0,1.0,7.0,8.0,0.0,59900000.0,2023,158700000.0,2023
AMAT,Applied Materials,Information Technology,Semiconductor Materials & Equipment,0000006951,Applied Materials,Information Technology,Semiconductor Materials & Equipment,California,362269278208.0,833000000.0,,,,,14133000000.0,2023,,,26517000000.0,2023,7654000000.0,2023,8169000000.0,2023,7594000000.0,2023,1106000000.0,2023,3102000000.0,2023,0.0,near-term,2030.0,2019.0,50.0,1 and 2,,,,,1.0,1.0,3.0,,,1.0,2189000000.0,2023,975000000.0,2023
AMCR,Amcor,Materials,Paper & Plastic Packaging Products & Materials,0001748790,Amcor,Materials,Paper & Plastic Packaging Products & Materials,United Kingdom,19566469120.0,1476000000.0,,,,,11969000000.0,2023,,,14694000000.0,2023,1508000000.0,2023,2094000000.0,2023,735000000.0,2023,526000000.0,2023,101000000.0,2023,0.0,near-term,,,,,,,,,1.0,1.0,3.0,,,0.0,432000000.0,2023,723000000.0,2023
AMD,Advanced Micro Devices,Information Technology,Semiconductors,0000002488,Advanced Micro Devices,Information Technology,Semiconductors,California,842569351168.0,1616000000.0,,,,,12220000000.0,2023,,,22680000000.0,2023,401000000.0,2023,,,1121000000.0,2023,546000000.0,2023,5872000000.0,2023,0.0,near-term,2020.0,2014.0,20.0,1 and 2,,,,1.0,1.0,1.0,3.0,,,1.0,985000000.0,2023,,
AME,Ametek,Industrials,Electrical Components & Equipment,0001037868,Ametek,Industrials,Electrical Components & Equipment,Pennsylvania,55451418624.0,230900000.0,,,,,4212485000.0,2023,,,6596950000.0,2023,1707459000.0,2023,2045095000.0,2023,1599047000.0,2023,136249000.0,2023,220800000.0,2023,0.0,,,,,,,,,,1.0,1.0,3.0,7.0,8.0,1.0,7772000.0,2023,230329000.0,2023
AMGN,Amgen,Health Care,Biotechnology,0000318154,Amgen,Health Care,Biotechnology,California,204007489536.0,535400000.0,61780.4,2023,1.0,2023,8451000000.0,2023,,,28190000000.0,2023,7897000000.0,2023,11968000000.0,2023,7359000000.0,2023,1112000000.0,2023,,,0.0,near-term,2030.0,2019.0,55.0,1 and 2,,,,,1.0,0.0,3.0,11.0,12.0,1.0,0.0,2023,4556000000.0,2023
AMP,Ameriprise Financial,Financials,Asset Management & Custody Banks,0000820027,Ameriprise Financial,Financials,Asset Management & Custody Banks,Minnesota,49255481344.0,107800000.0,,,,,,,,,16096000000.0,2023,3234000000.0,2023,3385000000.0,2023,4501000000.0,2023,184000000.0,2023,,,0.0,,,,,,,,,,1.0,1.0,3.0,7.0,8.0,0.0,2127000000.0,2023,550000000.0,2023
AMT,American Tower,Real Estate,Telecom Tower REITs,0001053507,American Tower,Real Estate,Telecom Tower REITs,Massachusetts,82871001088.0,466296000.0,,,,,,,,,10012200000.0,2023,3125500000.0,2023,6054000000.0,2023,2924300000.0,2023,1798100000.0,2023,,,0.0,near-term,2035.0,2019.0,40.0,"1, 2 and 3",,,,,1.0,1.0,1.0,10.0,11.0,0.0,0.0,2023,3006700000.0,2023
AMZN,Amazon,Consumer Discretionary,Broadline Retail,0001018724,Amazon,Consumer Discretionary,Broadline Retail,Washington,2769709432832.0,10383000000.0,,,,,304739000000.0,2023,,,574785000000.0,2023,36852000000.0,2023,85515000000.0,2023,32217000000.0,2023,52729000000.0,2023,,,0.0,commitment,,,,,,,,,1.0,0.0,,,,1.0,0.0,2023,,
ANET,Arista Networks,Information Technology,Communications Equipment,0001596532,Arista Networks,Information Technology,Communications Equipment,California,251727839232.0,1248982000.0,,,,,2229900000.0,2023,,,5860200000.0,2023,2257300000.0,2023,2327900000.0,2023,1999600000.0,2023,34400000.0,2023,854900000.0,2023,1.0,near-term,2030.0,2023.0,42.0,1 and 2,1.0,1.0,,,1.0,1.0,,,,1.0,112300000.0,2023,,
AON,Aon plc,Financials,Insurance Brokers,0000315293,Aon plc,Financials,Insurance Brokers,United Kingdom,64208248832.0,205000000.0,,,,,,,,,13376000000.0,2023,3785000000.0,2023,,,3183000000.0,2023,252000000.0,2023,,,0.0,near-term,2032.0,,,,,,,,1.0,1.0,3.0,12.0,13.0,0.0,,,489000000.0,2023
AOS,A. O. Smith,Industrials,Building Products,0000091142,A. O. Smith,Industrials,Building Products,Wisconsin,7799793152.0,151015574.0,,,,,2368000000.0,2023,,,3852800000.0,2023,745500000.0,2023,823800000.0,2023,597700000.0,2023,72600000.0,2023,97500000.0,2023,0.0,,,,,,,,,,1.0,1.0,3.0,8.0,10.0,0.0,306500000.0,2023,183500000.0,2023
APA,APA Corporation,Energy,Oil & Gas Exploration & Production,0001841666,APA Corporation,Energy,Oil & Gas Exploration & Production,Texas,15671223296.0,303575901.0,304822.8,2023,14.0,2023,,,,,,,3696000000.0,2023,5236000000.0,2023,,,,,,,0.0,,,,,,,,,,1.0,0.0,3.0,,,0.0,,,308000000.0,2023
APD,Air Products,Materials,Industrial Gases,0000002969,Air Products,Materials,Industrial Gases,Pennsylvania,64897245184.0,222199845.0,,,,,8833000000.0,2023,,,12600000000.0,2023,2494600000.0,2023,3852900000.0,2023,-1420700000.0,2023,4626400000.0,2023,105600000.0,2023,0.0,,,,,,,,,,1.0,0.0,1.0,,,0.0,,,1496600000.0,2023
APH,Amphenol,Information Technology,Electronic Components,0000820313,Amphenol,Information Technology,Electronic Components,Connecticut,206943928320.0,1197800000.0,,,,,8470600000.0,2023,,,12554700000.0,2023,2559600000.0,2023,2966000000.0,2023,2155900000.0,2023,372800000.0,2023,342200000.0,2023,0.0,,,,,,1.0,,,,1.0,0.0,,,,1.0,585100000.0,2023,500600000.0,2023
APO,Apollo Global Management,Financials,Asset Management & Custody Banks,0001858681,Apollo Global Management,Financials,Asset Management & Custody Banks,New York,76168257536.0,567762932.0,,,,,,,,,32644000000.0,2023,5586000000.0,2023,6389000000.0,2023,,,,,,,0.0,,,,,,,,,,1.0,0.0,5.0,,,1.0,561000000.0,2023,1012000000.0,2023
APP,AppLovin,Communication Services,Advertising,0001751008,AppLovin,Communication Services,Advertising,California,108830965760.0,339886712.0,,,,,356613000.0,2023,,,1841762000.0,2023,772411000.0,2023,1261419000.0,2023,1057264000.0,2023,4246000.0,2023,333781000.0,2023,0.0,,,,,,,,,,1.0,1.0,,6.0,9.0,1.0,1153593000.0,2023,,
APTV,Aptiv,Consumer Discretionary,Automotive Parts & Equipment,0001521332,Aptiv,Consumer Discretionary,Automotive Parts & Equipment,Switzerland,9455622144.0,279033365.0,,,,,16612000000.0,2023,,,20051000000.0,2023,1559000000.0,2023,2471000000.0,2023,990000000.0,2023,906000000.0,2023,1289000000.0,2023,0.0,near-term,2030.0,,,,,,,,1.0,1.0,3.0,10.0,11.0,1.0,398000000.0,2023,,
ARE,Alexandria Real Estate Equities,Real Estate,Office REITs,0001035443,Alexandria Real Estate Equities,Real Estate,Office REITs,California,8800952320.0,171910599.0,,,,,,,,,2885699000.0,2023,,,,,,,,,,,0.0,,,,,,,,,,1.0,1.0,3.0,7.0,8.0,1.0,0.0,2023,847483000.0,2023
ARES,Ares Management,Financials,Asset Management & Custody Banks,0001176948,Ares Management,Financials,Asset Management & Custody Banks,California,43674984448.0,307585576.0,1454174.1,2023,1.0,2023,,,,,3631884000.0,2023,1333063000.0,2023,,,,,,,,,0.0,,,,,,,,,,1.0,0.0,,,,0.0,,,,
ATO,Atmos Energy,Utilities,Gas Utilities,0000731802,Atmos Energy,Utilities,Gas Utilities,Texas,27577243648.0,148492783.0,737121.0,2023,12.0,2023,1452173000.0,2023,,,4275357000.0,2023,1067147000.0,2023,1671474000.0,2023,653770000.0,2023,2805973000.0,2023,,,0.0,,,,,,,,,,1.0,1.0,3.0,11.0,12.0,1.0,,,430345000.0,2023
AVGO,Broadcom,Information Technology,Semiconductors,0001730168,Broadcom,Information Technology,Semiconductors,California,1728006324224.0,4139000000.0,34457.1,2023,1.0,2023,11129000000.0,2023,,,35819000000.0,2023,16207000000.0,2023,,,17633000000.0,2023,452000000.0,2023,5253000000.0,2023,0.0,commitment,,,,,,,,,1.0,1.0,3.0,7.0,8.0,1.0,5824000000.0,2023,7645000000.0,2023
AVY,Avery Dennison,Materials,Paper & Plastic Packaging Products & Materials,0000008818,Avery Dennison,Materials,Paper & Plastic Packaging Products & Materials,Ohio,12836996096.0,80495585.0,,,,,6086800000.0,2023,,,8364300000.0,2023,694700000.0,2023,993100000.0,2023,560700000.0,2023,265300000.0,2023,135800000.0,2023,0.0,near-term,2030.0,2015.0,70.0,1 and 2,,,,,1.0,0.0,3.0,8.0,10.0,1.0,137500000.0,2023,256700000.0,2023
AWK,American Water Works,Utilities,Water Utilities,0001410636,American Water Works,Utilities,Water Utilities,New Jersey,27362996224.0,193000000.0,,,,,,,,,4217000000.0,2023,1504000000.0,2023,2208000000.0,2023,-701000000.0,2023,2575000000.0,2023,,,0.0,,,,,,,,,,1.0,1.0,3.0,,,1.0,,,532000000.0,2023
AXON,Axon Enterprise,Industrials,Aerospace & Defense,0001069183,Axon Enterprise,Industrials,Aerospace & Defense,Arizona,38940344320.0,75301424.0,,,,,605246000.0,2023,,,1560699000.0,2023,156850000.0,2023,176165000.0,2023,129628000.0,2023,59635000.0,2023,303719000.0,2023,0.0,,,,,,,,,,1.0,0.0,,,,1.0,,,,
AXP,American Express,Financials,Consumer Finance,0000004962,American Express,Financials,Consumer Finance,New York,219266351104.0,723000000.0,,,,,,,,,37218000000.0,2023,10513000000.0,2023,12164000000.0,2023,16996000000.0,2023,1563000000.0,2023,,,1.0,near-term,2033.0,2019.0,60.0,1 and 2,,,,,1.0,1.0,3.0,,,1.0,3650000000.0,2023,1780000000.0,2023
AZO,AutoZone,Consumer Discretionary,Automotive Retail,0000866787,AutoZone,Consumer Discretionary,Automotive Retail,Tennessee,,19103000.0,,,,,8386787000.0,2023,,,17457209000.0,2023,3473986000.0,2023,3971563000.0,2023,2144131000.0,2023,796657000.0,2023,,,0.0,,,,,,,,,,1.0,1.0,4.0,,,1.0,3699552000.0,2023,,
BA,Boeing,Industrials,Aerospace & Defense,0000012927,Boeing,Industrials,Aerospace & Defense,Virginia,166333366272.0,1012261159.0,151144.8,2023,4.0,2023,70070000000.0,2023,,,77794000000.0,2023,-773000000.0,2023,1088000000.0,2023,4433000000.0,2023,1527000000.0,2023,3377000000.0,2023,0.0,,,,,,,,,,1.0,1.0,3.0,,,0.0,,,,
BAC,Bank of America,Financials,Diversified Banks,0000070858,Bank of America,Financials,Diversified Banks,North Carolina,438375383040.0,7895457665.0,,,,,,,,,102769000000.0,2023,32530000000.0,2023,34587000000.0,2023,,,,,,,0.0,,,,,,,,,,1.0,0.0,3.0,,,1.0,4576000000.0,2023,,
BALL,Ball Corporation,Materials,"Metal, Glass & Plastic Containers",0000009389,Ball Corporation,Materials,"Metal, Glass & Plastic Containers",Colorado,15855731712.0,317022000.0,,,,,,,,,12062000000.0,2023,1273000000.0,2023,1878000000.0,2023,818000000.0,2023,1045000000.0,2023,55000000.0,2023,0.0,near-term,2030.0,,,,,,,,1.0,1.0,3.0,8.0,9.0,1.0,3000000.0,2023,252000000.0,2023
BAX,Baxter International,Health Care,Health Care Equipment,0000010456,Baxter International,Health Care,Health Care Equipment,Illinois,12304504832.0,508000000.0,43203.8,2023,1.0,2023,6210000000.0,2023,,,10360000000.0,2023,707000000.0,2023,1691000000.0,2023,1294000000.0,2023,432000000.0,2023,518000000.0,2023,0.0,,,,,,,,,,1.0,1.0,3.0,8.0,9.0,1.0,0.0,2023,586000000.0,2023
BBY,Best Buy,Consumer Discretionary,Computer & Electronics Retail,0000764478,Best Buy,Consumer Discretionary,Computer & Electronics Retail,Minnesota,19043274752.0,215400000.0,,,,,33849000000.0,2023,,,43452000000.0,2023,1574000000.0,2023,2497000000.0,2023,675000000.0,2023,795000000.0,2023,,,0.0,near-term,2030.0,,,,,,,,1.0,0.0,3.0,12.0,13.0,1.0,340000000.0,2023,801000000.0,2023
BDX,Becton Dickinson,Health Care,Health Care Equipment,0000010795,Becton Dickinson,Health Care,Health Care Equipment,New Jersey,48443998208.0,288392000.0,,,,,11202000000.0,2023,,,19372000000.0,2023,2111000000.0,2023,4399000000.0,2023,2116000000.0,2023,874000000.0,2023,1237000000.0,2023,0.0,,,,,,,,,,1.0,1.0,3.0,,,0.0,0.0,2023,1114000000.0,2023
BEN,Franklin Resources,Financials,Asset Management & Custody Banks,0000038777,Franklin Resources,Financials,Asset Management & Custody Banks,California,17096787968.0,495937891.0,,,,,,,,,7849400000.0,2023,1102300000.0,2023,1206600000.0,2023,940400000.0,2023,148800000.0,2023,,,0.0,,,,,,,,,,1.0,1.0,3.0,8.0,11.0,1.0,256300000.0,2023,607300000.0,2023
BF.B,Brown–Forman,Consumer Staples,Distillers & Vintners,0000014693,Brown–Forman,Consumer Staples,Distillers & Vintners,Kentucky,12031420416.0,472600000.0,90072.8,2023,2.0,2023,1652000000.0,2023,,,4178000000.0,2023,1414000000.0,2023,1501000000.0,2023,419000000.0,2023,228000000.0,2023,,,0.0,,,,,,,,,,1.0,1.0,3.0,6.0,11.0,1.0,400000000.0,2023,404000000.0,2023
BG,Bunge Global,Consumer Staples,Agricultural Products & Services,0001996862,Bunge Global,Consumer Staples,Agricultural Products & Services,Missouri,23517302784.0,150787917.0,,,,,54695000000.0,2023,,,59540000000.0,2023,3051000000.0,2023,3502000000.0,2023,2186000000.0,2023,1122000000.0,2023,35000000.0,2023,0.0,,,,,,1.0,1.0,reasonable,1.0,1.0,1.0,3.0,,,1.0,600000000.0,2023,383000000.0,2023
BIIB,Biogen,Health Care,Biotechnology,0000875045,Biogen,Health Care,Biotechnology,Massachusetts,32084781056.0,144900000.0,28268.2,2023,1.0,2023,2533400000.0,2023,,,9835600000.0,2023,1296800000.0,2023,1791600000.0,2023,1270200000.0,2023,277000000.0,2023,,,0.0,commitment,,,,,,,,,1.0,1.0,3.0,9.0,10.0,0.0,0.0,2023,,
BKNG,Booking Holdings,Consumer Discretionary,"Hotels, Resorts & Cruise Lines",0001075531,Booking Holdings,Consumer Discretionary,"Hotels, Resorts & Cruise Lines",Connecticut,130680094720.0,36530000.0,,,,,,,,,21365000000.0,2023,5835000000.0,2023,6339000000.0,2023,6999000000.0,2023,345000000.0,2023,,,1.0,near-term,2030.0,2019.0,95.0,1 and 2,,,,,1.0,1.0,3.0,10.0,11.0,1.0,10377000000.0,2023,0.0,2023
BKR,Baker Hughes,Energy,Oil & Gas Equipment & Services,0001701605,Baker Hughes,Energy,Oil & Gas Equipment & Services,Texas,58627330048.0,992674071.0,,,,,,,,,25506000000.0,2023,2317000000.0,2023,3404000000.0,2023,1838000000.0,2023,1224000000.0,2023,651000000.0,2023,0.0,,,,,,,,,,1.0,1.0,3.0,,,1.0,538000000.0,2023,786000000.0,2023
BLDR,Builders FirstSource,Industrials,Building Products,0001316835,Builders FirstSource,Industrials,Building Products,Texas,6495598080.0,121857000.0,,,,,11084996000.0,2023,,,17097330000.0,2023,2176319000.0,2023,2734594000.0,2023,1830537000.0,2023,476335000.0,2023,,,0.0,,,,,,,,,,1.0,1.0,3.0,11.0,13.0,0.0,1811517000.0,2023,,
BLK,BlackRock,Financials,Asset Management & Custody Banks,0002012383,BlackRock,Financials,Asset Management & Custody Banks,New York,175417425920.0,148500074.0,187749.9,2023,1.0,2023,,,,,17859000000.0,2023,6275000000.0,2023,6702000000.0,2023,3821000000.0,2023,344000000.0,2023,,,0.0,,,,,,,,,,1.0,0.0,3.0,,,1.0,1884000000.0,2023,3035000000.0,2023
BMY,Bristol Myers Squibb,Health Care,Pharmaceuticals,0000014272,Bristol Myers Squibb,Health Care,Pharmaceuticals,New York,129998356480.0,2078000000.0,95102.7,2023,2.0,2023,10693000000.0,2023,,,45006000000.0,2023,8440000000.0,2023,18200000000.0,2023,12651000000.0,2023,1209000000.0,2023,9299000000.0,2023,1.0,near-term,2033.0,2022.0,54.6,1 and 2,,1.0,reasonable,,1.0,1.0,3.0,,,1.0,5155000000.0,2023,4744000000.0,2023
BNY,BNY Mellon,Financials,Asset Management & Custody Banks,0001390777,BNY Mellon,Financials,Asset Management & Custody Banks,New York,110365483008.0,759344092.0,,,,,,,,,17697000000.0,2023,,,,,4692000000.0,2023,1220000000.0,2023,,,0.0,,,,,,,,,,1.0,1.0,3.0,,,1.0,2604000000.0,2023,1262000000.0,2023
BR,Broadridge Financial Solutions,Industrials,Data Processing & Outsourced Services,0001383312,Broadridge Financial Solutions,Industrials,Data Processing & Outsourced Services,New York,19126018048.0,118100000.0,,,,,4275500000.0,2023,,,6060900000.0,2023,936400000.0,2023,1020800000.0,2023,784900000.0,2023,38400000.0,2023,,,1.0,net-zero,2033.0,2023.0,54.6,1 and 2,,,,,1.0,1.0,2.0,,,1.0,24300000.0,2023,331000000.0,2023
BRK.B,Berkshire Hathaway,Financials,Multi-Sector Holdings,0001067983,Berkshire Hathaway,Financials,Multi-Sector Holdings,Nebraska,1092553998336.0,1408035161.0,52955850.8,2023,127.0,2023,,,,,364482000000.0,2023,120166000000.0,2023,132652000000.0,2023,29787000000.0,2023,19409000000.0,2023,,,0.0,,,,,,,,,,0.0,0.0,,,,1.0,9171000000.0,2023,,
BRO,Brown & Brown,Financials,Insurance Brokers,0000079282,Brown & Brown,Financials,Insurance Brokers,Florida,22147860480.0,285000000.0,,,,,,,,,4257000000.0,2023,1146000000.0,2023,,,941000000.0,2023,69000000.0,2023,,,0.0,,,,,,,,,,1.0,1.0,3.0,,,1.0,0.0,2023,135000000.0,2023
BSX,Boston Scientific,Health Care,Health Care Equipment,0000885725,Boston Scientific,Health Care,Health Care Equipment,Massachusetts,62287884288.0,1463500000.0,,,,,4345000000.0,2023,,,14240000000.0,2023,2343000000.0,2023,3539000000.0,2023,1792000000.0,2023,711000000.0,2023,,,1.0,near-term,2030.0,2019.0,46.2,1 and 2,,,,,1.0,1.0,3.0,,,1.0,,,28000000.0,2023
BX,Blackstone Inc.,Financials,Asset Management & Custody Banks,0001393818,Blackstone Inc.,Financials,Asset Management & Custody Banks,New York,153607716864.0,719358114.0,,,,,,,,,8022841000.0,2023,2957714000.0,2023,,,3832675000.0,2023,224231000.0,2023,,,0.0,,,,,,,,,,,,,,,,,,4268447000.0,2023
BXP,"BXP, Inc.",Real Estate,Office REITs,0001037540,"BXP, Inc.",Real Estate,Office REITs,Massachusetts,11702768640.0,156940866.0,,,,,,,,,3273569000.0,2023,,,,,,,,,,,0.0,near-term,2030.0,2018.0,73.57,1 and 2,,,,1.0,1.0,0.0,3.0,,,1.0,,,687809000.0,2023
C,Citigroup,Financials,Diversified Banks,0000831001,Citigroup,Financials,Diversified Banks,New York,232861794304.0,1955800000.0,,,,,,,,,78066000000.0,2023,12910000000.0,2023,17470000000.0,2023,-79999000000.0,2023,6583000000.0,2023,,,0.0,,,,,,1.0,,,,1.0,1.0,3.0,,,1.0,1977000000.0,2023,5212000000.0,2023
CAH,Cardinal Health,Health Care,Health Care Distributors,0000721371,Cardinal Health,Health Care,Health Care Distributors,Ohio,54555291648.0,262000000.0,,,,,198105000000.0,2023,,,204979000000.0,2023,752000000.0,2023,1444000000.0,2023,2363000000.0,2023,481000000.0,2023,,,0.0,near-term,2030.0,2019.0,50.0,1 and 2,,,,,1.0,1.0,3.0,,,1.0,2000000000.0,2023,525000000.0,2023
CARR,Carrier Global,Industrials,Building Products,0001783180,Carrier Global,Industrials,Building Products,Florida,47365718016.0,839910275.0,,,,,13789000000.0,2023,,,18951000000.0,2023,2160000000.0,2023,2651000000.0,2023,2168000000.0,2023,439000000.0,2023,493000000.0,2023,1.0,near-term,2030.0,2021.0,42.0,1 and 2,,,,,1.0,1.0,3.0,,,1.0,62000000.0,2023,620000000.0,2023
CASY,Casey's,Consumer Staples,Food Retail,0000726958,Casey's,Consumer Staples,Food Retail,Iowa,22747873280.0,37008488.0,,,,,,,,,14862913000.0,2023,,,,,370949000.0,2023,522004000.0,2023,,,0.0,,,,,,,,,,1.0,1.0,3.0,10.0,11.0,1.0,104898000.0,2023,62918000.0,2023
CAT,Caterpillar Inc.,Industrials,Construction Machinery & Heavy Transportation Equipment,0000018230,Caterpillar Inc.,Industrials,Construction Machinery & Heavy Transportation Equipment,Texas,376276058112.0,499400000.0,456901.7,2023,7.0,2023,160000000.0,2023,,,67060000000.0,2023,12966000000.0,2023,15110000000.0,2023,11288000000.0,2023,1597000000.0,2023,2108000000.0,2023,0.0,,,,,,,1.0,limited,,1.0,1.0,3.0,,,1.0,4975000000.0,2023,2563000000.0,2023
CB,Chubb Limited,Financials,Property & Casualty Insurance,0000896159,Chubb Limited,Financials,Property & Casualty Insurance,Switzerland,130496806912.0,405269637.0,,,,,,,,,49735000000.0,2023,9526000000.0,2023,,,,,,,,,0.0,,,,,,1.0,1.0,reasonable,,1.0,1.0,3.0,,,1.0,2411000000.0,2023,1394000000.0,2023
CBOE,Cboe Global Markets,Financials,Financial Exchanges & Data,0001374310,Cboe Global Markets,Financials,Financial Exchanges & Data,Illinois,29349294080.0,105527815.0,,,,,1855500000.0,2023,,,3773500000.0,2023,1057900000.0,2023,1215900000.0,2023,1030600000.0,2023,45000000.0,2023,,,0.0,,,,,,,,,,1.0,1.0,3.0,,,1.0,83900000.0,2023,223500000.0,2023
CBRE,CBRE Group,Real Estate,Real Estate Services,0001138118,CBRE Group,Real Estate,Real Estate Services,Texas,40688222208.0,304889140.0,,,,,25675000000.0,2023,,,31949000000.0,2023,1117000000.0,2023,1739000000.0,2023,175000000.0,2023,305000000.0,2023,,,1.0,net-zero,2030.0,2019.0,50.0,1 and 2,,,,,1.0,1.0,3.0,,,1.0,665000000.0,2023,,
CCI,Crown Castle,Real Estate,Telecom Tower REITs,0001051470,Crown Castle,Real Estate,Telecom Tower REITs,Texas,33045940224.0,434000000.0,,,,,304000000.0,2023,,,4734000000.0,2023,2097000000.0,2023,2884000000.0,2023,2883000000.0,2023,243000000.0,2023,,,0.0,,,,,,,1.0,limited,,1.0,1.0,3.0,,,1.0,-30000000.0,2023,-2723000000.0,2023
CCL,Carnival Corporation,Consumer Discretionary,"Hotels, Resorts & Cruise Lines",0000815097,Carnival Corporation,Consumer Discretionary,"Hotels, Resorts & Cruise Lines",Florida,31159517184.0,1262000000.0,,,,,14317000000.0,2023,,,21593000000.0,2023,1956000000.0,2023,4326000000.0,2023,997000000.0,2023,3284000000.0,2023,,,0.0,,,,,,,,,,1.0,1.0,3.0,9.0,11.0,0.0,,,,
CDNS,Cadence Design Systems,Information Technology,Application Software,0000813672,Cadence Design Systems,Information Technology,Application Software,California,79690465280.0,271706000.0,,,,,,,,,4089986000.0,2023,1251225000.0,2023,1396517000.0,2023,1246839000.0,2023,102337000.0,2023,,,1.0,near-term,2030.0,2019.0,89.78,1 and 2,,,,,1.0,1.0,5.0,,,1.0,700134000.0,2023,,
CDW,CDW Corporation,Information Technology,Technology Distributors,0001402057,CDW Corporation,Information Technology,Technology Distributors,Illinois,19226429440.0,134100000.0,,,,,16723600000.0,2023,,,21376000000.0,2023,1680900000.0,2023,1951600000.0,2023,1450500000.0,2023,148200000.0,2023,,,0.0,near-term,2030.0,2022.0,42.0,1 and 2,,,,,1.0,1.0,3.0,8.0,9.0,1.0,500000000.0,2023,321500000.0,2023
CEG,Constellation Energy,Utilities,Electric Utilities,0001868275,Constellation Energy,Utilities,Electric Utilities,Maryland,100889026560.0,317000000.0,8941320.5,2023,10.0,2023,,,,,24918000000.0,2023,1610000000.0,2023,4124000000.0,2023,-7723000000.0,2023,2422000000.0,2023,,,0.0,,,,,,1.0,,,1.0,1.0,1.0,3.0,,,1.0,992000000.0,2023,366000000.0,2023
CF,CF Industries,Materials,Fertilizers & Agricultural Chemicals,0001324404,CF Industries,Materials,Fertilizers & Agricultural Chemicals,Illinois,20138565632.0,188188401.0,20579424.2,2023,6.0,2023,4086000000.0,2023,,,6631000000.0,2023,2230000000.0,2023,3099000000.0,2023,2258000000.0,2023,499000000.0,2023,,,0.0,,,,,,,,,1.0,1.0,0.0,3.0,,,1.0,580000000.0,2023,311000000.0,2023
CFG,Citizens Financial Group,Financials,Regional Banks,0000759944,Citizens Financial Group,Financials,Regional Banks,Rhode Island,29684541440.0,466418055.0,,,,,,,,,8224000000.0,2023,2030000000.0,2023,2508000000.0,2023,,,,,,,0.0,,,,,,,,,1.0,1.0,1.0,3.0,,,1.0,906000000.0,2023,808000000.0,2023
CHD,Church & Dwight,Consumer Staples,Household Products,0000313927,Church & Dwight,Consumer Staples,Household Products,New Jersey,22332747776.0,247600000.0,,,,,3279400000.0,2023,,,5867900000.0,2023,1057400000.0,2023,1282600000.0,2023,807100000.0,2023,223500000.0,2023,122400000.0,2023,0.0,near-term,2031.0,2020.0,46.2,1 and 2,1.0,,,,1.0,1.0,3.0,10.0,11.0,1.0,300100000.0,2023,266500000.0,2023
CHRW,C.H. Robinson,Industrials,Air Freight & Logistics,0001043277,C.H. Robinson,Industrials,Air Freight & Logistics,Minnesota,17852534784.0,116768000.0,,,,,,,,,17596443000.0,2023,514607000.0,2023,613592000.0,2023,701957000.0,2023,29989000.0,2023,,,0.0,,,,,,,,,,1.0,1.0,,9.0,10.0,1.0,63884000.0,2023,291569000.0,2023
CHTR,Charter Communications,Communication Services,Cable & Satellite,0001091667,Charter Communications,Communication Services,Cable & Satellite,Connecticut,19646515200.0,151966313.0,,,,,,,,,54607000000.0,2023,12559000000.0,2023,21255000000.0,2023,3318000000.0,2023,11115000000.0,2023,,,0.0,,,,,,,,,,1.0,0.0,,12.0,13.0,1.0,3215000000.0,2023,,
CI,Cigna,Health Care,Health Care Services,0001739940,Cigna,Health Care,Health Care Services,Connecticut,74188161024.0,292504000.0,,,,,133801000000.0,2023,,,195265000000.0,2023,8536000000.0,2023,11571000000.0,2023,,,,,,,0.0,commitment,,,,,,1.0,limited,,1.0,0.0,3.0,,,1.0,2284000000.0,2023,362000000.0,2023
CIEN,Ciena,Information Technology,Communications Equipment,0000936395,Ciena,Information Technology,Communications Equipment,Maryland,49567752192.0,144829938.0,,,,,2507698000.0,2023,,,4386549000.0,2023,357545000.0,2023,,,62135000.0,2023,106197000.0,2023,750559000.0,2023,0.0,near-term,2030.0,2019.0,80.6,1 and 2,,1.0,reasonable,,1.0,1.0,1.0,8.0,9.0,1.0,242201000.0,2023,,
CINF,Cincinnati Financial,Financials,Property & Casualty Insurance,0000020286,Cincinnati Financial,Financials,Property & Casualty Insurance,Ohio,26060572672.0,158100000.0,,,,,,,,,10013000000.0,2023,2276000000.0,2023,,,2034000000.0,2023,18000000.0,2023,,,0.0,,,,,,,,,,1.0,1.0,3.0,,,1.0,67000000.0,2023,454000000.0,2023
CL,Colgate-Palmolive,Consumer Staples,Household Products,0000021665,Colgate-Palmolive,Consumer Staples,Household Products,New York,69194604544.0,821412769.0,,,,,8131000000.0,2023,,,19457000000.0,2023,3984000000.0,2023,4551000000.0,2023,3040000000.0,2023,705000000.0,2023,343000000.0,2023,1.0,near-term,2030.0,2020.0,90.0,"1, 2 and 3",,,,,1.0,1.0,3.0,,,1.0,1128000000.0,2023,,
CLX,Clorox,Consumer Staples,Household Products,0000021076,Clorox,Consumer Staples,Household Products,California,10612905984.0,123820022.0,,,,,4481000000.0,2023,,,7389000000.0,2023,238000000.0,2023,474000000.0,2023,930000000.0,2023,228000000.0,2023,138000000.0,2023,0.0,near-term,2030.0,2020.0,50.0,1 and 2,,1.0,reasonable,,1.0,1.0,3.0,,,1.0,0.0,2023,583000000.0,2023
CMCSA,Comcast,Communication Services,Cable & Satellite,0001166691,Comcast,Communication Services,Cable & Satellite,Pennsylvania,89425649664.0,4148000000.0,,,,,,,,,121572000000.0,2023,23314000000.0,2023,37650000000.0,2023,16259000000.0,2023,12242000000.0,2023,,,0.0,near-term,2030.0,2019.0,50.0,1 and 2,,,,,1.0,1.0,3.0,9.0,11.0,1.0,11291000000.0,2023,4766000000.0,2023
CME,CME Group,Financials,Financial Exchanges & Data,0001156375,CME Group,Financials,Financial Exchanges & Data,Illinois,99078471680.0,359500000.0,,,,,,,,,5578900000.0,2023,3435700000.0,2023,3561700000.0,2023,3377400000.0,2023,76400000.0,2023,,,0.0,,,,,,,,,,1.0,0.0,3.0,,,1.0,,,3235500000.0,2023
CMG,Chipotle Mexican Grill,Consumer Discretionary,Restaurants,0001058090,Chipotle Mexican Grill,Consumer Discretionary,Restaurants,California,45808132096.0,1385500000.0,,,,,,,,,9871649000.0,2023,1557813000.0,2023,1877207000.0,2023,1222746000.0,2023,560731000.0,2023,,,0.0,near-term,2030.0,2019.0,50.0,1 and 2,,,,1.0,1.0,1.0,3.0,,,1.0,592349000.0,2023,,
CMI,Cummins,Industrials,Construction Machinery & Heavy Transportation Equipment,0000026172,Cummins,Industrials,Construction Machinery & Heavy Transportation Equipment,Indiana,76644696064.0,142700000.0,,,,,25816000000.0,2023,,,34065000000.0,2023,1761000000.0,2023,2785000000.0,2023,2753000000.0,2023,1213000000.0,2023,1500000000.0,2023,0.0,near-term,2030.0,2018.0,50.0,1 and 2,,,,,1.0,1.0,1.0,10.0,11.0,1.0,0.0,2023,921000000.0,2023
CMS,CMS Energy,Utilities,Multi-Utilities,0000811156,CMS Energy,Utilities,Multi-Utilities,Michigan,21056706560.0,294400000.0,16989121.6,2023,14.0,2023,,,561000000.0,2023,7462000000.0,2023,1235000000.0,2023,2415000000.0,2023,,,,,,,0.0,,,,,,,,,,1.0,1.0,3.0,,,0.0,,,,
CNC,Centene Corporation,Health Care,Managed Health Care,0001071739,Centene Corporation,Health Care,Managed Health Care,Missouri,32811147264.0,534484000.0,,,,,3564000000.0,2023,,,153999000000.0,2023,2930000000.0,2023,4223000000.0,2023,7254000000.0,2023,799000000.0,2023,,,0.0,,,,,,,,,,1.0,1.0,3.0,,,1.0,1633000000.0,2023,,
CNP,CenterPoint Energy,Utilities,Multi-Utilities,0001130310,CenterPoint Energy,Utilities,Multi-Utilities,Texas,25762549760.0,631225829.0,4192299.9,2023,10.0,2023,99000000.0,2023,,,8696000000.0,2023,1760000000.0,2023,3161000000.0,2023,-524000000.0,2023,4401000000.0,2023,,,0.0,,,,,,,,,,1.0,1.0,3.0,,,1.0,,,485000000.0,2023
COF,Capital One,Financials,Consumer Finance,0000927628,Capital One,Financials,Consumer Finance,Virginia,127788900352.0,380389609.0,,,,,,,,,36787000000.0,2023,6045000000.0,2023,9271000000.0,2023,19614000000.0,2023,961000000.0,2023,,,0.0,,,,,,,,,,1.0,1.0,3.0,12.0,13.0,1.0,718000000.0,2023,931000000.0,2023
COHR,Coherent Corp.,Information Technology,Electronic Components,0000820318,Coherent Corp.,Information Technology,Electronic Components,Pennsylvania,59801288704.0,137578000.0,,,,,3541817000.0,2023,,,5160100000.0,2023,-37120000.0,2023,681649880000.0,2023,197965000.0,2023,436060000.0,2023,499603000.0,2023,0.0,,,,,,,,,,1.0,1.0,1.0,,,1.0,,,,
COIN,Coinbase,Financials,Financial Exchanges & Data,0001679788,Coinbase,Financials,Financial Exchanges & Data,New York,46240059392.0,254391000.0,,,,,,,,,3108383000.0,2023,-161662000.0,2023,-22020000.0,2023,,,,,1324541000.0,2023,0.0,,,,,,,,,,1.0,0.0,,7.0,9.0,1.0,0.0,2023,,
COO,Cooper Companies (The),Health Care,Health Care Supplies,0000711404,Cooper Companies (The),Health Care,Health Care Supplies,California,10251272192.0,198100000.0,,,,,1235300000.0,2023,,,3593200000.0,2023,533100000.0,2023,900800000.0,2023,215000000.0,2023,392500000.0,2023,137400000.0,2023,0.0,,,,,,,,,,1.0,1.0,3.0,,,1.0,0.0,2023,3000000.0,2023
COP,ConocoPhillips,Energy,Oil & Gas Exploration & Production,0001163165,ConocoPhillips,Energy,Oil & Gas Exploration & Production,Texas,165003706368.0,1205675000.0,1133099.9,2023,7.0,2023,21975000000.0,2023,,,56141000000.0,2023,16288000000.0,2023,24558000000.0,2023,,,,,81000000.0,2023,0.0,,,,,,,,,,1.0,1.0,3.0,11.0,13.0,1.0,5400000000.0,2023,5583000000.0,2023
COR,Cencora,Health Care,Health Care Distributors,0001140859,Cencora,Health Care,Health Care Distributors,Pennsylvania,61364293632.0,200814804.0,,,,,253213918000.0,2023,,,262173411000.0,2023,2340731000.0,2023,3304635000.0,2023,3452975000.0,2023,458359000.0,2023,,,0.0,near-term,2032.0,2019.0,54.6,1 and 2,,,,,1.0,0.0,3.0,,,1.0,1180728000.0,2023,398752000.0,2023
COST,Costco,Consumer Staples,Consumer Staples Merchandise Retail,0000909832,Costco,Consumer Staples,Consumer Staples Merchandise Retail,Washington,401246322688.0,442793000.0,,,,,212586000000.0,2023,,,242290000000.0,2023,8114000000.0,2023,10191000000.0,2023,6745000000.0,2023,4323000000.0,2023,,,0.0,,,,,,,,,,1.0,0.0,,,,1.0,676000000.0,2023,1251000000.0,2023
CPAY,Corpay,Financials,Transaction & Payment Processing Services,0001175454,Corpay,Financials,Transaction & Payment Processing Services,Georgia,26803562496.0,71715804.0,,,,,,,,,3757719000.0,2023,1656873000.0,2023,1993477000.0,2023,1947310000.0,2023,153822000.0,2023,,,0.0,,,,,,,,,,1.0,0.0,1.0,,,1.0,686859000.0,2023,,
CPRT,Copart,Industrials,Diversified Support Services,0000900075,Copart,Industrials,Diversified Support Services,Texas,27728054272.0,957344162.0,,,,,,,,,3869518000.0,2023,1486569000.0,2023,1646047000.0,2023,847574000.0,2023,516636000.0,2023,,,0.0,,,,,,,,,,0.0,0.0,,,,1.0,,,,
CPT,Camden Property Trust,Real Estate,Multi-Family Residential REITs,0000906345,Camden Property Trust,Real Estate,Multi-Family Residential REITs,Texas,11921612800.0,106800000.0,,,,,548920000.0,2023,,,3451000.0,2023,,,,,,,,,,,0.0,,,,,,,,,,1.0,1.0,3.0,,,0.0,0.0,2023,434875000.0,2023
CRH,CRH plc,Materials,Construction Materials,0000849395,CRH plc,Materials,Construction Materials,Ireland,58910941184.0,734519598.0,,,,,22986000000.0,2023,,,34949000000.0,2023,4186000000.0,2023,5819000000.0,2023,3200000000.0,2023,1817000000.0,2023,,,0.0,near-term,2030.0,,,,,,,,1.0,1.0,3.0,,,0.0,3067000000.0,2023,,
CRL,Charles River Laboratories,Health Care,Life Sciences Tools & Services,0001100682,Charles River Laboratories,Health Care,Life Sciences Tools & Services,Massachusetts,13403152384.0,51338000.0,,,,,,,,,4129409000.0,2023,617261000.0,2023,931385000.0,2023,365370000.0,2023,318528000.0,2023,,,0.0,near-term,2030.0,2018.0,50.0,1 and 2,,,,,1.0,1.0,3.0,,,1.0,24155000.0,2023,,
CRM,Salesforce,Information Technology,Application Software,0001108524,Salesforce,Information Technology,Application Software,California,203873566720.0,971000000.0,,,,,8541000000.0,2023,,,34857000000.0,2023,5011000000.0,2023,6111000000.0,2023,9498000000.0,2023,736000000.0,2023,4906000000.0,2023,0.0,,,,,,,1.0,limited,,1.0,1.0,3.0,,,1.0,7620000000.0,2023,0.0,2023
CRWD,CrowdStrike,Information Technology,Systems Software,0001535527,CrowdStrike,Information Technology,Systems Software,Texas,211688292352.0,243635000.0,,,,,758929000.0,2023,,,3055555000.0,2023,-19141000.0,2023,,,989678000.0,2023,176529000.0,2023,780319000.0,2023,0.0,near-term,2031.0,2025.0,35.39,1 and 2,,1.0,limited,1.0,1.0,1.0,1.0,,,0.0,,,,
CSCO,Cisco,Information Technology,Communications Equipment,0000858877,Cisco,Information Technology,Communications Equipment,California,442082263040.0,4066000000.0,,,,,21245000000.0,2023,,,56998000000.0,2023,15031000000.0,2023,15731000000.0,2023,19037000000.0,2023,849000000.0,2023,7551000000.0,2023,0.0,,,,,,,,,1.0,1.0,0.0,3.0,,,1.0,4293000000.0,2023,6302000000.0,2023
CSGP,CoStar Group,Real Estate,Real Estate Services,0001057352,CoStar Group,Real Estate,Real Estate Services,D.C.,12342318080.0,408100000.0,,,,,491000000.0,2023,,,2455000000.0,2023,282000000.0,2023,390000000.0,2023,372000000.0,2023,118000000.0,2023,,,1.0,near-term,2033.0,2023.0,54.6,1 and 2,1.0,,,,1.0,1.0,1.0,,,0.0,0.0,2023,,
CSX,CSX Corporation,Industrials,Rail Transportation,0000277948,CSX Corporation,Industrials,Rail Transportation,Florida,90678648832.0,1958000000.0,,,,,,,1377000000.0,2023,14657000000.0,2023,5499000000.0,2023,7106000000.0,2023,3257000000.0,2023,2257000000.0,2023,,,0.0,near-term,2029.0,,,,,,,,1.0,0.0,3.0,,,1.0,3482000000.0,2023,882000000.0,2023
CTAS,Cintas,Industrials,Diversified Support Services,0000723254,Cintas,Industrials,Diversified Support Services,Ohio,80634167296.0,405008000.0,,,,,4910199000.0,2023,,,9596615000.0,2023,2068633000.0,2023,2511017000.0,2023,1659031000.0,2023,409469000.0,2023,,,0.0,,,,,,,,,,1.0,0.0,,,,1.0,700033000.0,2023,530909000.0,2023
CTSH,Cognizant,Information Technology,IT Consulting & Other Services,0001058290,Cognizant,Information Technology,IT Consulting & Other Services,New Jersey,27026653184.0,498000000.0,,,,,,,,,19353000000.0,2023,2689000000.0,2023,3244000000.0,2023,2013000000.0,2023,317000000.0,2023,,,0.0,,,,,,,,,,1.0,1.0,3.0,,,0.0,1064000000.0,2023,591000000.0,2023
CTVA,Corteva,Materials,Fertilizers & Agricultural Chemicals,0001755672,Corteva,Materials,Fertilizers & Agricultural Chemicals,Indiana,55977746432.0,701260000.0,82753.7,2023,2.0,2023,9920000000.0,2023,,,17226000000.0,2023,1093000000.0,2023,2304000000.0,2023,1174000000.0,2023,595000000.0,2023,1337000000.0,2023,0.0,,,,,,,,,,1.0,1.0,3.0,11.0,12.0,1.0,756000000.0,2023,439000000.0,2023
CVNA,Carvana,Consumer Discretionary,Automotive Retail,0001690820,Carvana,Consumer Discretionary,Automotive Retail,Arizona,76661358592.0,200578000.0,,,,,9047000000.0,2023,,,10771000000.0,2023,-80000000.0,2023,,,716000000.0,2023,87000000.0,2023,,,0.0,,,,,,,,,,1.0,1.0,,,,1.0,,,,
CVS,CVS Health,Health Care,Health Care Services,0000064803,CVS Health,Health Care,Health Care Services,Rhode Island,121067339776.0,1288000000.0,,,,,217098000000.0,2023,,,357776000000.0,2023,13743000000.0,2023,18109000000.0,2023,10395000000.0,2023,3031000000.0,2023,,,1.0,near-term,2030.0,2019.0,47.0,1 and 2,,,,,1.0,1.0,3.0,,,1.0,2012000000.0,2023,3132000000.0,2023
CVX,Chevron Corporation,Energy,Integrated Oil & Gas,0000093410,Chevron Corporation,Energy,Integrated Oil & Gas,Texas,419900817408.0,1880000000.0,15866256.5,2023,31.0,2023,119196000000.0,2023,,,200949000000.0,2023,,,,,19780000000.0,2023,15829000000.0,2023,320000000.0,2023,0.0,,,,,,,,,,1.0,1.0,3.0,,,1.0,14939000000.0,2023,11336000000.0,2023
D,Dominion Energy,Utilities,Multi-Utilities,0000715957,Dominion Energy,Utilities,Multi-Utilities,Virginia,56606289920.0,838000000.0,29193868.7,2023,33.0,2023,,,,,14393000000.0,2023,3414000000.0,2023,5994000000.0,2023,,,,,,,0.0,,,,,,,,,1.0,1.0,1.0,3.0,10.0,11.0,1.0,,,2233000000.0,2023
DAL,Delta Air Lines,Industrials,Passenger Airlines,0000027904,Delta Air Lines,Industrials,Passenger Airlines,Georgia,52550660096.0,643000000.0,1256096.9,2023,2.0,2023,,,11069000000.0,2023,58048000000.0,2023,5521000000.0,2023,7862000000.0,2023,1141000000.0,2023,5323000000.0,2023,,,0.0,near-term,2035.0,,,,,,,,1.0,0.0,3.0,12.0,14.0,1.0,,,128000000.0,2023
DASH,DoorDash,Consumer Discretionary,Specialized Consumer Services,0001792789,DoorDash,Consumer Discretionary,Specialized Consumer Services,California,87504519168.0,392948000.0,,,,,,,,,8635000000.0,2023,-579000000.0,2023,-70000000.0,2023,1550000000.0,2023,123000000.0,2023,1003000000.0,2023,0.0,,,,,,,,,,1.0,0.0,,,,1.0,750000000.0,2023,,
DD,DuPont,Industrials,Industrial Conglomerates,0001666700,DuPont,Industrials,Industrial Conglomerates,Delaware,17149107200.0,449900000.0,,,,,4442000000.0,2023,,,6614000000.0,2023,-279000000.0,2023,301000000.0,2023,543000000.0,2023,302000000.0,2023,192000000.0,2023,0.0,,,,,,,,,,1.0,1.0,3.0,,,1.0,,,651000000.0,2023
DDOG,Datadog,Information Technology,Application Software,0001561550,Datadog,Information Technology,Application Software,New York,79430983680.0,350292000.0,,,,,409908000.0,2023,,,2128359000.0,2023,-33464000.0,2023,2136000.0,2023,632368000.0,2023,27586000.0,2023,962447000.0,2023,0.0,,,,,,,,,,1.0,1.0,1.0,,,1.0,,,,
DE,Deere & Company,Industrials,Agricultural & Farm Machinery,0000315189,Deere & Company,Industrials,Agricultural & Farm Machinery,Illinois,182196666368.0,281600000.0,45075.9,2023,1.0,2023,,,,,61251000000.0,2023,12958000000.0,2023,14962000000.0,2023,7091000000.0,2023,1498000000.0,2023,2177000000.0,2023,0.0,near-term,2030.0,2021.0,50.0,1 and 2,1.0,,,1.0,1.0,1.0,3.0,,,1.0,7216000000.0,2023,1427000000.0,2023
DECK,Deckers Brands,Consumer Discretionary,Footwear,0000910521,Deckers Brands,Consumer Discretionary,Footwear,California,11067498496.0,153554000.0,,,,,1902275000.0,2023,,,4287763000.0,2023,927514000.0,2023,985101000.0,2023,943819000.0,2023,89365000.0,2023,49171000.0,2023,0.0,near-term,2030.0,2019.0,46.0,1 and 2,1.0,1.0,limited,,1.0,1.0,3.0,,,0.0,414931000.0,2023,,
DELL,Dell Technologies,Information Technology,"Technology Hardware, Storage & Peripherals",0001571996,Dell Technologies,Information Technology,"Technology Hardware, Storage & Peripherals",Texas,360690188288.0,705000000.0,,,,,67356000000.0,2023,,,88425000000.0,2023,5411000000.0,2023,8714000000.0,2023,5920000000.0,2023,2756000000.0,2023,2801000000.0,2023,1.0,net-zero,2031.0,2020.0,50.0,1 and 2,,,,,1.0,1.0,3.0,6.0,8.0,1.0,2080000000.0,2023,1072000000.0,2023
DG,Dollar General,Consumer Staples,Consumer Staples Merchandise Retail,0000029534,Dollar General,Consumer Staples,Consumer Staples Merchandise Retail,Tennessee,27484438528.0,219663000.0,,,,,26972585000.0,2023,,,38691609000.0,2023,2446300000.0,2023,3295093000.0,2023,691576000.0,2023,1700222000.0,2023,,,0.0,,,,,,,,,,1.0,1.0,1.0,,,1.0,,,517979000.0,2023
DGX,Quest Diagnostics,Health Care,Health Care Services,0001022079,Quest Diagnostics,Health Care,Health Care Services,New Jersey,25939947520.0,113000000.0,,,,,6199000000.0,2023,,,9252000000.0,2023,1262000000.0,2023,1701000000.0,2023,864000000.0,2023,408000000.0,2023,,,0.0,,,,,,,,,,1.0,0.0,3.0,10.0,11.0,1.0,275000000.0,2023,314000000.0,2023
DHI,D. R. Horton,Consumer Discretionary,Homebuilding,0000882184,D. R. Horton,Consumer Discretionary,Homebuilding,Texas,38568009728.0,334848565.0,,,,,26110000000.0,2023,,,35460400000.0,2023,6314700000.0,2023,6406300000.0,2023,4155500000.0,2023,148600000.0,2023,,,0.0,,,,,,,1.0,limited,,1.0,1.0,3.0,6.0,8.0,0.0,1200000000.0,2023,341200000.0,2023
DHR,Danaher Corporation,Health Care,Life Sciences Tools & Services,0000313616,Danaher Corporation,Health Care,Life Sciences Tools & Services,D.C.,140695633920.0,739200000.0,,,,,9856000000.0,2023,,,23890000000.0,2023,5202000000.0,2023,7368000000.0,2023,5781000000.0,2023,1383000000.0,2023,1503000000.0,2023,1.0,near-term,2035.0,2021.0,54.6,1 and 2,,,,,1.0,1.0,3.0,,,1.0,0.0,2023,821000000.0,2023
DIS,Walt Disney Company (The),Communication Services,Movies & Entertainment,0001744489,Walt Disney Company (The),Communication Services,Movies & Entertainment,California,183978491904.0,1800000000.0,108269.9,2023,1.0,2023,,,,,88898000000.0,2023,12863000000.0,2023,18232000000.0,2023,4897000000.0,2023,4969000000.0,2023,,,0.0,near-term,2030.0,2019.0,46.2,1 and 2,,,,,1.0,1.0,3.0,,,0.0,0.0,2023,0.0,2023
DLR,Digital Realty,Real Estate,Data Center REITs,0001297996,Digital Realty,Real Estate,Data Center REITs,Texas,71219822592.0,311608000.0,,,,,,,,,5477061000.0,2023,524461000.0,2023,2219320000.0,2023,,,,,,,0.0,near-term,2030.0,2023.0,42.0,1 and 2,,,,,1.0,0.0,3.0,9.0,10.0,1.0,,,1520644000.0,2023
DLTR,Dollar Tree,Consumer Staples,Consumer Staples Merchandise Retail,0000935703,Dollar Tree,Consumer Staples,Consumer Staples Merchandise Retail,Virginia,22172272640.0,217907206.0,,,,,10761400000.0,2023,,,16781100000.0,2023,1774500000.0,2023,2175000000.0,2023,1490700000.0,2023,1193800000.0,2023,,,0.0,,,,,,,,,,1.0,1.0,3.0,,,1.0,500000000.0,2023,,
DOC,Healthpeak Properties,Real Estate,Health Care REITs,0000765880,Healthpeak Properties,Real Estate,Health Care REITs,Colorado,14391628800.0,547156311.0,,,,,902060000.0,2023,,,2181003000.0,2023,,,,,181681000.0,2023,774561000.0,2023,,,0.0,near-term,2033.0,2018.0,38.0,1 and 2,,,,,1.0,1.0,3.0,,,0.0,6524000.0,2023,657021000.0,2023
DOV,Dover Corporation,Industrials,Industrial Machinery & Supplies & Components,0000029905,Dover Corporation,Industrials,Industrial Machinery & Supplies & Components,Illinois,25461297152.0,140599000.0,,,,,4816932000.0,2023,,,7684476000.0,2023,1219340000.0,2023,1524386000.0,2023,1152939000.0,2023,183406000.0,2023,139058000.0,2023,0.0,near-term,2030.0,,15.0,3,,,,1.0,1.0,1.0,3.0,8.0,9.0,1.0,0.0,2023,284297000.0,2023
DOW,Dow Inc.,Materials,Commodity Chemicals,0001751788,Dow Inc.,Materials,Commodity Chemicals,Michigan,20969551872.0,709000000.0,11429962.2,2023,16.0,2023,39742000000.0,2023,,,44622000000.0,2023,656000000.0,2023,3267000000.0,2023,2840000000.0,2023,2356000000.0,2023,,,0.0,,,,,,,1.0,limited,1.0,1.0,1.0,3.0,11.0,12.0,1.0,625000000.0,2023,1972000000.0,2023
DPZ,Domino's,Consumer Discretionary,Restaurants,0001286681,Domino's,Consumer Discretionary,Restaurants,Michigan,10308269056.0,34726182.0,,,,,2751941000.0,2023,,,4479358000.0,2023,819519000.0,2023,900159000.0,2023,485468000.0,2023,105396000.0,2023,,,0.0,,,,,,,,,,1.0,1.0,3.0,,,1.0,269025000.0,2023,169772000.0,2023
DRI,Darden Restaurants,Consumer Discretionary,Restaurants,0000940944,Darden Restaurants,Consumer Discretionary,Restaurants,Florida,23831279616.0,118900000.0,,,,,,,,,11390000000.0,2023,1314200000.0,2023,1774100000.0,2023,1020500000.0,2023,601200000.0,2023,,,0.0,,,,,,,,,,1.0,1.0,5.0,8.0,9.0,1.0,453900000.0,2023,628400000.0,2023
DTE,DTE Energy,Utilities,Multi-Utilities,0000936340,DTE Energy,Utilities,Multi-Utilities,Michigan,27588315136.0,206357070.0,23423239.4,2023,24.0,2023,,,,,12745000000.0,2023,2243000000.0,2023,3849000000.0,2023,,,,,,,0.0,,,,,,,,,,1.0,0.0,3.0,11.0,13.0,1.0,0.0,2023,752000000.0,2023
DUK,Duke Energy,Utilities,Electric Utilities,0001326160,Duke Energy,Utilities,Electric Utilities,North Carolina,93112033280.0,771000000.0,72776123.2,2023,49.0,2023,,,,,29060000000.0,2023,7070000000.0,2023,13154000000.0,2023,-2726000000.0,2023,12604000000.0,2023,,,0.0,,,,,,,,,,1.0,0.0,3.0,,,1.0,,,,
DVA,DaVita,Health Care,Health Care Services,0000927066,DaVita,Health Care,Health Care Services,Colorado,11582889984.0,88824000.0,,,,,,,,,12140147000.0,2023,1602784000.0,2023,2339258000.0,2023,1491046000.0,2023,567985000.0,2023,,,0.0,near-term,2030.0,2018.0,50.0,1 and 2,,,,,1.0,1.0,3.0,,,0.0,272219000.0,2023,0.0,2023
DVN,Devon Energy,Energy,Oil & Gas Exploration & Production,0001090012,Devon Energy,Energy,Oil & Gas Exploration & Production,Oklahoma,55253000192.0,642000000.0,36538.4,2023,6.0,2023,,,,,15258000000.0,2023,4623000000.0,2023,7177000000.0,2023,2661000000.0,2023,3883000000.0,2023,,,0.0,,,,,,,1.0,reasonable,,1.0,1.0,3.0,,,1.0,979000000.0,2023,1858000000.0,2023
DXCM,Dexcom,Health Care,Health Care Equipment,0001093557,Dexcom,Health Care,Health Care Equipment,California,31332263936.0,385400000.0,,,,,1333400000.0,2023,,,3622300000.0,2023,597700000.0,2023,783700000.0,2023,511900000.0,2023,236600000.0,2023,505800000.0,2023,0.0,commitment,,,,,,,,,1.0,1.0,1.0,,,1.0,688700000.0,2023,,
EBAY,eBay Inc.,Consumer Discretionary,Broadline Retail,0001065088,eBay Inc.,Consumer Discretionary,Broadline Retail,California,47948750848.0,517000000.0,,,,,2833000000.0,2023,,,10112000000.0,2023,1941000000.0,2023,2382000000.0,2023,1970000000.0,2023,456000000.0,2023,1544000000.0,2023,1.0,near-term,2030.0,2019.0,90.0,1 and 2,,,,,1.0,1.0,3.0,11.0,12.0,1.0,1401000000.0,2023,528000000.0,2023
ECHO,EchoStar,Communication Services,Wireless Telecommunication Services,0001415404,EchoStar,Communication Services,Wireless Telecommunication Services,Colorado,27056306176.0,270842000.0,,,,,,,,,17015598000.0,2023,-277909000.0,2023,1320014000.0,2023,-668274000.0,2023,3100921000.0,2023,110000000.0,2023,0.0,,,,,,,,,,0.0,1.0,,,,0.0,,,,
ECL,Ecolab,Materials,Specialty Chemicals,0000031462,Ecolab,Materials,Specialty Chemicals,Minnesota,77421150208.0,285400000.0,,,,,9154900000.0,2023,,,15320200000.0,2023,1992300000.0,2023,,,1637000000.0,2023,774800000.0,2023,192000000.0,2023,1.0,near-term,2030.0,2018.0,50.4,1 and 2,1.0,,,,1.0,1.0,3.0,12.0,13.0,1.0,13700000.0,2023,617300000.0,2023
ED,Consolidated Edison,Utilities,Multi-Utilities,0001047862,Consolidated Edison,Utilities,Multi-Utilities,New York,39371956224.0,345415772.0,2697757.7,2023,8.0,2023,,,,,14663000000.0,2023,3196000000.0,2023,5227000000.0,2023,,,,,,,0.0,,,,,,,,,,1.0,1.0,3.0,,,1.0,1000000000.0,2023,1096000000.0,2023
EFX,Equifax,Industrials,Research & Consulting Services,0000033185,Equifax,Industrials,Research & Consulting Services,Georgia,19854948352.0,123300000.0,,,,,,,,,5265200000.0,2023,933600000.0,2023,1553400000.0,2023,515500000.0,2023,601300000.0,2023,,,0.0,near-term,2032.0,2019.0,54.6,1 and 2,,,,,1.0,1.0,3.0,9.0,10.0,0.0,0.0,2023,191800000.0,2023
EG,Everest Group,Financials,Reinsurance,0001095073,Everest Group,Financials,Reinsurance,Bermuda,14252378112.0,74200000.0,,,,,,,,,14587000000.0,2023,2154000000.0,2023,,,,,,,,,0.0,,,,,,,,,,1.0,1.0,1.0,,,0.0,0.0,2023,288000000.0,2023
EIX,Edison International,Utilities,Electric Utilities,0000827052,Edison International,Utilities,Electric Utilities,California,21549582336.0,383924912.0,1102588.9,2023,3.0,2023,,,,,16338000000.0,2023,2627000000.0,2023,5262000000.0,2023,-2047000000.0,2023,5448000000.0,2023,,,0.0,,,,,,,,,,1.0,0.0,3.0,,,0.0,0.0,2023,1112000000.0,2023
EL,Estée Lauder Companies (The),Consumer Staples,Personal Care Products,0001001250,Estée Lauder Companies (The),Consumer Staples,Personal Care Products,New York,35137875968.0,360900000.0,,,,,4564000000.0,2023,,,15910000000.0,2023,1509000000.0,2023,2253000000.0,2023,728000000.0,2023,1003000000.0,2023,,,0.0,near-term,2030.0,2018.0,50.4,1 and 2,,,,,1.0,1.0,3.0,,,1.0,271000000.0,2023,925000000.0,2023
ELV,Elevance Health,Health Care,Managed Health Care,0001156039,Elevance Health,Health Care,Managed Health Care,Indiana,90807508992.0,233071088.0,,,,,17293000000.0,2023,,,171340000000.0,2023,8499000000.0,2023,10244000000.0,2023,6765000000.0,2023,1296000000.0,2023,,,0.0,near-term,2030.0,2019.0,46.2,1,,,,,1.0,1.0,3.0,11.0,12.0,0.0,2676000000.0,2023,1395000000.0,2023
EME,Emcor,Industrials,Construction & Engineering,0000105634,Emcor,Industrials,Construction & Engineering,Connecticut,34434834432.0,47047265.0,,,,,10493534000.0,2023,,,12582873000.0,2023,875756000.0,2023,927578000.0,2023,821251000.0,2023,78404000.0,2023,,,0.0,commitment,,,,,1.0,,,,1.0,0.0,,9.0,10.0,1.0,127713000.0,2023,32684000.0,2023
EMR,Emerson Electric,Industrials,Electrical Components & Equipment,0000032604,Emerson Electric,Industrials,Electrical Components & Equipment,Missouri,84891582464.0,572000000.0,,,,,7738000000.0,2023,,,15165000000.0,2023,2903000000.0,2023,3954000000.0,2023,274000000.0,2023,363000000.0,2023,523000000.0,2023,1.0,net-zero,2030.0,2021.0,25.0,3,,,,,1.0,0.0,3.0,,,1.0,2000000000.0,2023,1198000000.0,2023
EOG,EOG Resources,Energy,Oil & Gas Exploration & Production,0000821189,EOG Resources,Energy,Oil & Gas Exploration & Production,Texas,77294624768.0,584000000.0,318787.6,2023,7.0,2023,,,,,24186000000.0,2023,9603000000.0,2023,13095000000.0,2023,,,,,,,0.0,,,,,,,,,,1.0,0.0,3.0,,,1.0,1038000000.0,2023,,
EQIX,Equinix,Real Estate,Data Center REITs,0001101239,Equinix,Real Estate,Data Center REITs,California,102393577472.0,94479000.0,,,,,4228000000.0,2023,,,8188000000.0,2023,1443000000.0,2023,3288000000.0,2023,436000000.0,2023,2781000000.0,2023,,,1.0,near-term,2030.0,2019.0,50.0,1 and 2,,,,,1.0,1.0,1.0,,,1.0,,,1375000000.0,2023
EQT,EQT Corporation,Energy,Oil & Gas Exploration & Production,0000033213,EQT Corporation,Energy,Oil & Gas Exploration & Production,Pennsylvania,33821650944.0,413224000.0,,,,,2157260000.0,2023,,,6908923000.0,2023,2314411000.0,2023,4046553000.0,2023,1159813000.0,2023,2019037000.0,2023,,,0.0,,,,,,,,,1.0,1.0,1.0,3.0,,,0.0,201029000.0,2023,228339000.0,2023
ERIE,Erie Indemnity,Financials,Insurance Brokers,0000922621,Erie Indemnity,Financials,Insurance Brokers,Pennsylvania,12812585984.0,46189068.0,,,,,,,,,3268940000.0,2023,520256000.0,2023,567671000.0,2023,288558000.0,2023,92647000.0,2023,,,0.0,,,,,,,,,,,,,,,,,,221675000.0,2023
ES,Eversource Energy,Utilities,Electric Utilities,0000072741,Eversource Energy,Utilities,Electric Utilities,Connecticut,25809752064.0,349540266.0,206262.3,2023,3.0,2023,,,,,11910705000.0,2023,2399335000.0,2023,3215035000.0,2023,-2690688000.0,2023,4336849000.0,2023,,,0.0,commitment,,,,,1.0,,,1.0,1.0,0.0,3.0,,,0.0,,,918995000.0,2023
ESS,Essex Property Trust,Real Estate,Multi-Family Residential REITs,0000920522,Essex Property Trust,Real Estate,Multi-Family Residential REITs,California,18812475392.0,64203497.0,,,,,,,,,1669395000.0,2023,584342000.0,2023,1132780000.0,2023,,,,,,,0.0,near-term,2034.0,,,,,1.0,limited,,1.0,1.0,3.0,8.0,9.0,1.0,95657000.0,2023,,
ETN,Eaton Corporation,Industrials,Electrical Components & Equipment,0001551182,Eaton Corporation,Industrials,Electrical Components & Equipment,Ireland,165213700096.0,399400000.0,,,,,14762000000.0,2023,,,23196000000.0,2023,3827000000.0,2023,4753000000.0,2023,2867000000.0,2023,757000000.0,2023,754000000.0,2023,0.0,near-term,2030.0,,,,,,,,1.0,1.0,3.0,,,0.0,0.0,2023,1379000000.0,2023
ETR,Entergy,Utilities,Electric Utilities,0000065984,Entergy,Utilities,Electric Utilities,Louisiana,50324303872.0,424752990.0,38142109.1,2023,30.0,2023,,,,,12147412000.0,2023,2617975000.0,2023,4669652000.0,2023,-146324000.0,2023,4440652000.0,2023,,,0.0,,,,,,,,,,1.0,0.0,1.0,,,1.0,,,918193000.0,2023
EVRG,Evergy,Utilities,Electric Utilities,0001711269,Evergy,Utilities,Electric Utilities,Missouri,18818893824.0,230500000.0,23109085.7,2023,14.0,2023,,,,,5508200000.0,2023,1282400000.0,2023,2358900000.0,2023,-353800000.0,2023,2334000000.0,2023,,,0.0,,,,,,,,,,1.0,1.0,3.0,,,1.0,,,569600000.0,2023
EW,Edwards Lifesciences,Health Care,Health Care Equipment,0001099800,Edwards Lifesciences,Health Care,Health Care Equipment,California,48630870016.0,601100000.0,,,,,978400000.0,2023,,,5010000000.0,2023,1308900000.0,2023,1453800000.0,2023,642800000.0,2023,253000000.0,2023,962900000.0,2023,0.0,near-term,2030.0,2021.0,42.0,1 and 2,,,,,1.0,1.0,3.0,,,1.0,879600000.0,2023,,
EXC,Exelon,Utilities,Electric Utilities,0001109357,Exelon,Utilities,Electric Utilities,Illinois,44465762304.0,999000000.0,301249.6,2023,4.0,2023,,,,,21727000000.0,2023,4023000000.0,2023,7529000000.0,2023,-2705000000.0,2023,7408000000.0,2023,,,0.0,,,,,,,,,,1.0,1.0,3.0,,,0.0,,,1433000000.0,2023
EXE,Expand Energy,Energy,Oil & Gas Exploration & Production,0000895126,Expand Energy,Energy,Oil & Gas Exploration & Production,Oklahoma,21953505280.0,142976000.0,,,,,,,,,8721000000.0,2023,3142000000.0,2023,4669000000.0,2023,551000000.0,2023,1829000000.0,2023,,,0.0,,,,,,,1.0,limited,,1.0,1.0,,,,1.0,355000000.0,2023,487000000.0,2023
EXPD,Expeditors International,Industrials,Air Freight & Logistics,0000746515,Expeditors International,Industrials,Air Freight & Logistics,Washington,25036195840.0,143866000.0,,,,,,,,,9300110000.0,2023,939933000.0,2023,1007693000.0,2023,1013877000.0,2023,39314000.0,2023,,,0.0,,,,,,,,,1.0,1.0,1.0,3.0,,,0.0,1392886000.0,2023,202029000.0,2023
EXPE,Expedia Group,Consumer Discretionary,"Hotels, Resorts & Cruise Lines",0001324424,Expedia Group,Consumer Discretionary,"Hotels, Resorts & Cruise Lines",Washington,33705799680.0,131522000.0,,,,,,,,,12839000000.0,2023,1033000000.0,2023,1840000000.0,2023,1844000000.0,2023,846000000.0,2023,,,0.0,near-term,2030.0,2022.0,75.0,1 and 2,,,,,1.0,1.0,3.0,,,0.0,2137000000.0,2023,0.0,2023
EXR,Extra Space Storage,Real Estate,Self-Storage REITs,0001289490,Extra Space Storage,Real Estate,Self-Storage REITs,Utah,30377498624.0,211278803.0,,,,,612036000.0,2023,,,2560244000.0,2023,1170141000.0,2023,1676194000.0,2023,1266897000.0,2023,135577000.0,2023,,,0.0,,,,,,,,,,0.0,1.0,3.0,9.0,10.0,1.0,0.0,2023,1046341000.0,2023
F,Ford Motor Company,Consumer Discretionary,Automobile Manufacturers,0000037996,Ford Motor Company,Consumer Discretionary,Automobile Manufacturers,Michigan,55706714112.0,4041000000.0,497625.1,2023,10.0,2023,150550000000.0,2023,,,176191000000.0,2023,5458000000.0,2023,13148000000.0,2023,6682000000.0,2023,8236000000.0,2023,8200000000.0,2023,0.0,near-term,2035.0,,,,,,,,1.0,1.0,3.0,,,1.0,335000000.0,2023,4995000000.0,2023
FANG,Diamondback Energy,Energy,Oil & Gas Exploration & Production,0001539838,Diamondback Energy,Energy,Oil & Gas Exploration & Production,Texas,57395654656.0,178723871.0,,,,,,,,,8412000000.0,2023,4570000000.0,2023,6316000000.0,2023,,,,,,,0.0,,,,,,,1.0,limited,1.0,1.0,1.0,3.0,,,1.0,840000000.0,2023,1444000000.0,2023
FAST,Fastenal,Industrials,Trading Companies & Distributors,0000815556,Fastenal,Industrials,Trading Companies & Distributors,Minnesota,56594579456.0,1143964734.0,,,,,3992200000.0,2023,,,7346700000.0,2023,1528700000.0,2023,1706000000.0,2023,1259900000.0,2023,172800000.0,2023,,,0.0,,,,,,,,,,1.0,0.0,,9.0,11.0,1.0,0.0,2023,1016800000.0,2023
FCX,Freeport-McMoRan,Materials,Copper,0000831259,Freeport-McMoRan,Materials,Copper,Arizona,102057762816.0,1443000000.0,468238.0,2023,5.0,2023,15695000000.0,2023,,,22855000000.0,2023,6225000000.0,2023,8293000000.0,2023,455000000.0,2023,4824000000.0,2023,,,0.0,commitment,,,,,,,,,1.0,1.0,3.0,10.0,12.0,1.0,0.0,2023,863000000.0,2023
FDS,FactSet,Financials,Financial Exchanges & Data,0001013237,FactSet,Financials,Financial Exchanges & Data,Connecticut,9236726784.0,38025372.0,,,,,973225000.0,2023,,,2085508000.0,2023,629207000.0,2023,734591000.0,2023,584787000.0,2023,60786000.0,2023,267400000.0,2023,0.0,,,,,,,,,,1.0,1.0,5.0,,,1.0,176720000.0,2023,138601000.0,2023
FDX,FedEx,Industrials,Air Freight & Logistics,0001048911,FedEx,Industrials,Air Freight & Logistics,Tennessee,73838804992.0,251000000.0,,,,,,,4710000000.0,2023,87693000000.0,2023,5559000000.0,2023,9846000000.0,2023,3136000000.0,2023,5176000000.0,2023,,,0.0,near-term,2035.0,2024.0,58.8,1 and 2,,1.0,limited,1.0,1.0,1.0,,,,1.0,2500000000.0,2023,1259000000.0,2023
FDXF,FedEx Freight,Industrials,Cargo Ground Transportation,0002082247,FedEx Freight,Industrials,Cargo Ground Transportation,Tennessee,19184670720.0,149505248.0,,,,,,,571000000.0,2023,9424000000.0,2023,1753000000.0,2023,2208000000.0,2023,1080000000.0,2023,461000000.0,2023,,,0.0,,,,,,,,,,,,,,,,,,0.0,2023
FE,FirstEnergy,Utilities,Electric Utilities,0001031296,FirstEnergy,Utilities,Electric Utilities,Ohio,26692661248.0,574335396.0,15338451.1,2023,3.0,2023,,,538000000.0,2023,12870000000.0,2023,2266000000.0,2023,,,-1969000000.0,2023,3356000000.0,2023,,,0.0,,,,,,,,,,1.0,0.0,3.0,,,1.0,,,906000000.0,2023
FERG,Ferguson Enterprises,Industrials,Trading Companies & Distributors,0002011641,Ferguson Enterprises,Industrials,Trading Companies & Distributors,Virginia,43050967040.0,207200000.0,,,,,20709000000.0,2023,,,29734000000.0,2023,2659000000.0,2023,2980000000.0,2023,2282000000.0,2023,441000000.0,2023,,,0.0,,,,,,,,,,1.0,1.0,3.0,,,1.0,908000000.0,2023,711000000.0,2023
FFIV,"F5, Inc.",Information Technology,Communications Equipment,0001048695,"F5, Inc.",Information Technology,Communications Equipment,Washington,23313977344.0,59207000.0,,,,,593308000.0,2023,,,2813169000.0,2023,472568000.0,2023,585270000.0,2023,599225000.0,2023,54184000.0,2023,540285000.0,2023,0.0,near-term,2030.0,2021.0,50.0,1 and 2,,1.0,,,1.0,1.0,3.0,,,1.0,350049000.0,2023,,
FICO,Fair Isaac,Information Technology,Application Software,0000814547,Fair Isaac,Information Technology,Application Software,Montana,21282095104.0,24770000.0,,,,,311053000.0,2023,,,1513557000.0,2023,642830000.0,2023,657468000.0,2023,464678000.0,2023,4237000.0,2023,159950000.0,2023,0.0,,,,,,,,,,1.0,1.0,1.0,,,0.0,405526000.0,2023,,
FIS,Fidelity National Information Services,Financials,Transaction & Payment Processing Services,0001136893,Fidelity National Information Services,Financials,Transaction & Payment Processing Services,Florida,19669022720.0,591000000.0,,,,,6175000000.0,2023,,,9831000000.0,2023,1447000000.0,2023,3191000000.0,2023,4220000000.0,2023,115000000.0,2023,,,0.0,,,,,,,1.0,limited,,1.0,1.0,3.0,,,0.0,522000000.0,2023,1231000000.0,2023
FISV,Fiserv,Financials,Transaction & Payment Processing Services,0000798354,Fiserv,Financials,Transaction & Payment Processing Services,Wisconsin,27428528128.0,615900000.0,,,,,,,,,19093000000.0,2023,5014000000.0,2023,8176000000.0,2023,3774000000.0,2023,1388000000.0,2023,,,0.0,,,,,,,,,,1.0,1.0,3.0,,,1.0,,,,
FITB,Fifth Third Bancorp,Financials,Regional Banks,0000035527,Fifth Third Bancorp,Financials,Regional Banks,Ohio,49625161728.0,681124810.0,,,,,,,,,577000000.0,2023,2988000000.0,2023,3450000000.0,2023,4018000000.0,2023,491000000.0,2023,,,0.0,,,,,,,,,,1.0,0.0,3.0,,,1.0,200000000.0,2023,1060000000.0,2023
FIX,Comfort Systems USA,Industrials,Construction & Engineering,0001035983,Comfort Systems USA,Industrials,Construction & Engineering,Texas,59507273728.0,35685000.0,,,,,4216251000.0,2023,,,5206760000.0,2023,418388000.0,2023,456588000.0,2023,544730000.0,2023,94838000.0,2023,,,0.0,,,,,,,,,,1.0,1.0,3.0,,,0.0,21184000.0,2023,30379000.0,2023
FLEX,Flex Ltd.,Information Technology,Electronic Manufacturing Services,0000866374,Flex Ltd.,Information Technology,Electronic Manufacturing Services,Texas,42769477632.0,408101772.0,,,,,24395000000.0,2023,,,26415000000.0,2023,853000000.0,2023,,,796000000.0,2023,530000000.0,2023,,,0.0,near-term,2030.0,,,,1.0,,,,1.0,1.0,3.0,7.0,9.0,1.0,1298000000.0,2023,,
FOX,Fox Corporation (Class B),Communication Services,Broadcasting,0001754301,Fox Corporation (Class B),Communication Services,Broadcasting,New York,24574570496.0,531000000.0,,,,,,,,,14913000000.0,2023,1736000000.0,2023,2147000000.0,2023,1443000000.0,2023,357000000.0,2023,,,0.0,,,,,,,,,,1.0,1.0,3.0,,,1.0,2000000000.0,2023,299000000.0,2023
FRT,Federal Realty Investment Trust,Real Estate,Retail REITs,0000034903,Federal Realty Investment Trust,Real Estate,Retail REITs,Maryland,9997160448.0,82775286.0,,,,,,,35109000.0,2023,1132154000.0,2023,406470000.0,2023,728233000.0,2023,,,,,,,0.0,near-term,2030.0,,,,,,,,1.0,0.0,3.0,,,1.0,,,,
FSLR,First Solar,Information Technology,Semiconductors,0001274494,First Solar,Information Technology,Semiconductors,Arizona,22464409600.0,106847475.0,,,,,2017923000.0,2023,,,3318602000.0,2023,857266000.0,2023,1165260000.0,2023,-784515000.0,2023,1386775000.0,2023,152307000.0,2023,1.0,near-term,2028.0,2020.0,34.0,1 and 2,,,,,1.0,0.0,3.0,,,1.0,,,,
FTNT,Fortinet,Information Technology,Systems Software,0001262039,Fortinet,Information Technology,Systems Software,California,114510700544.0,761000000.0,,,,,1237200000.0,2023,,,5304800000.0,2023,1241100000.0,2023,1354500000.0,2023,1731400000.0,2023,204100000.0,2023,613800000.0,2023,0.0,near-term,2030.0,2021.0,58.8,1 and 2,,,,,1.0,1.0,1.0,,,1.0,1500500000.0,2023,,
FTV,Fortive,Industrials,Industrial Machinery & Supplies & Components,0001659166,Fortive,Industrials,Industrial Machinery & Supplies & Components,Washington,16517312512.0,350700000.0,,,,,1436800000.0,2023,,,3913900000.0,2023,574000000.0,2023,1000200000.0,2023,1275000000.0,2023,78600000.0,2023,237000000.0,2023,0.0,,,,,,,,,,1.0,1.0,3.0,,,1.0,272900000.0,2023,102000000.0,2023
GD,General Dynamics,Industrials,Aerospace & Defense,0000040533,General Dynamics,Industrials,Aerospace & Defense,Virginia,96291299328.0,273599948.0,,,,,,,,,42272000000.0,2023,4245000000.0,2023,5108000000.0,2023,3806000000.0,2023,904000000.0,2023,,,0.0,,,,,,,,,,1.0,1.0,3.0,11.0,12.0,1.0,434000000.0,2023,1428000000.0,2023
GDDY,GoDaddy,Information Technology,Internet Services & Infrastructure,0001609711,GoDaddy,Information Technology,Internet Services & Infrastructure,Arizona,12420340736.0,151452000.0,,,,,,,,,4254100000.0,2023,547400000.0,2023,718700000.0,2023,1005600000.0,2023,42000000.0,2023,,,0.0,,,,,,,,,,1.0,1.0,3.0,,,0.0,1270200000.0,2023,,
GE,GE Aerospace,Industrials,Aerospace & Defense,0000040545,GE Aerospace,Industrials,Aerospace & Defense,Ohio,335817474048.0,1088415995.0,,,,,,,,,35348000000.0,2023,10441000000.0,2023,11238000000.0,2023,4327000000.0,2023,862000000.0,2023,1011000000.0,2023,0.0,,,,,,,1.0,reasonable,,1.0,1.0,3.0,,,0.0,1233000000.0,2023,,
GEHC,GE HealthCare,Health Care,Health Care Equipment,0001932393,GE HealthCare,Health Care,Health Care Equipment,Illinois,28876302336.0,455342290.0,,,,,,,,,19552000000.0,2023,2435000000.0,2023,,,1714000000.0,2023,387000000.0,2023,1205000000.0,2023,1.0,near-term,2030.0,2022.0,42.0,1 and 2,1.0,,,,1.0,1.0,3.0,,,1.0,0.0,2023,41000000.0,2023
GEN,Gen Digital,Information Technology,Systems Software,0000849399,Gen Digital,Information Technology,Systems Software,Arizona,18113243136.0,623000000.0,,,,,731000000.0,2023,,,3800000000.0,2023,1110000000.0,2023,1595000000.0,2023,2044000000.0,2023,20000000.0,2023,332000000.0,2023,0.0,,,,,,,,,,1.0,1.0,3.0,,,1.0,441000000.0,2023,323000000.0,2023
GEV,GE Vernova,Industrials,Heavy Electrical Equipment,0001996810,GE Vernova,Industrials,Heavy Electrical Equipment,Massachusetts,254953160704.0,274085523.0,,,,,28421000000.0,2023,,,33239000000.0,2023,-923000000.0,2023,,,442000000.0,2023,744000000.0,2023,896000000.0,2023,0.0,,,,,,,,,1.0,1.0,1.0,3.0,,,1.0,0.0,2023,0.0,2023
GILD,Gilead Sciences,Health Care,Biotechnology,0000882095,Gilead Sciences,Health Care,Biotechnology,California,178206359552.0,1246000000.0,,,,,6498000000.0,2023,,,27116000000.0,2023,7605000000.0,2023,,,7421000000.0,2023,585000000.0,2023,,,0.0,near-term,2030.0,2019.0,46.0,1 and 2,,,,,1.0,1.0,3.0,8.0,9.0,1.0,1000000000.0,2023,3809000000.0,2023
GIS,General Mills,Consumer Staples,Packaged Foods & Meats,0000040704,General Mills,Consumer Staples,Packaged Foods & Meats,Minnesota,19166466048.0,579500000.0,70688.6,2023,2.0,2023,12925100000.0,2023,,,19857200000.0,2023,3431700000.0,2023,3984400000.0,2023,2528500000.0,2023,774100000.0,2023,257800000.0,2023,1.0,net-zero,2030.0,2020.0,42.0,1 and 2,,,,,1.0,1.0,3.0,,,1.0,2002400000.0,2023,1363400000.0,2023
GL,Globe Life,Financials,Life & Health Insurance,0000320335,Globe Life,Financials,Life & Health Insurance,Texas,13154320384.0,102218183.0,,,,,,,,,5447533000.0,2023,1265012000.0,2023,,,1432872000.0,2023,49553000.0,2023,,,0.0,,,,,,,,,,1.0,1.0,3.0,,,1.0,511100000.0,2023,84116000.0,2023
GLW,Corning Inc.,Information Technology,Electronic Components,0000024741,Corning Inc.,Information Technology,Electronic Components,New York,143335014400.0,859000000.0,171577.2,2023,4.0,2023,8657000000.0,2023,,,12588000000.0,2023,890000000.0,2023,,,,,,,900000000.0,2023,0.0,near-term,2028.0,2021.0,30.0,1 and 2,1.0,,,,1.0,1.0,3.0,,,1.0,,,,
GM,General Motors,Consumer Discretionary,Automobile Manufacturers,0001467858,General Motors,Consumer Discretionary,Automobile Manufacturers,Michigan,77439139840.0,1200000000.0,572171.0,2023,14.0,2023,,,,,171842000000.0,2023,9298000000.0,2023,21035000000.0,2023,9960000000.0,2023,10970000000.0,2023,,,0.0,near-term,2035.0,2018.0,72.0,1 and 2,,,,,1.0,1.0,3.0,,,1.0,11115000000.0,2023,597000000.0,2023
GNRC,Generac,Industrials,Heavy Electrical Equipment,0001474735,Generac,Industrials,Heavy Electrical Equipment,Wisconsin,11033600000.0,62058387.0,,,,,2657236000.0,2023,,,4022667000.0,2023,386199000.0,2023,552801000.0,2023,392610000.0,2023,129060000.0,2023,173443000.0,2023,0.0,,,,,,,,,,1.0,1.0,3.0,,,1.0,251513000.0,2023,0.0,2023
GOOGL,Alphabet Inc. (Class A),Communication Services,Interactive Media & Services,0001652044,Alphabet Inc. (Class A),Communication Services,Interactive Media & Services,California,4139833098240.0,12460000000.0,15853.46924,2023,1.0,2023,133332000000.0,2023,,,307394000000.0,2023,84293000000.0,2023,,,69495000000.0,2023,32251000000.0,2023,45427000000.0,2023,0.0,near-term,2030.0,,,,,,,,1.0,1.0,3.0,,,1.0,61504000000.0,2023,0.0,2023
GPC,Genuine Parts Company,Consumer Discretionary,Distributors,0000040987,Genuine Parts Company,Consumer Discretionary,Distributors,Georgia,18429091840.0,139567071.0,,,,,14799938000.0,2023,,,23090610000.0,2023,1742348000.0,2023,2092877000.0,2023,922935000.0,2023,512675000.0,2023,,,0.0,,,,,,,,,,1.0,1.0,3.0,9.0,11.0,1.0,261473000.0,2023,526674000.0,2023
GPN,Global Payments,Financials,Transaction & Payment Processing Services,0001123360,Global Payments,Financials,Transaction & Payment Processing Services,Georgia,23363158016.0,260382746.0,,,,,2068295000.0,2023,,,7379784000.0,2023,1315614000.0,2023,2457508000.0,2023,1891663000.0,2023,658142000.0,2023,,,0.0,,,,,,,,,,1.0,1.0,3.0,,,1.0,418272000.0,2023,260431000.0,2023
GRMN,Garmin,Consumer Discretionary,Consumer Electronics,0001121788,Garmin,Consumer Discretionary,Consumer Electronics,Switzerland,54513631232.0,191777000.0,,,,,2223297000.0,2023,,,5228252000.0,2023,1092160000.0,2023,,,1182741000.0,2023,193524000.0,2023,904696000.0,2023,0.0,,,,,,,,,1.0,1.0,0.0,,,,1.0,,,558769000.0,2023
GS,Goldman Sachs,Financials,Investment Banking & Brokerage,0000886982,Goldman Sachs,Financials,Investment Banking & Brokerage,New York,299667783680.0,323376354.0,15642.1,2023,1.0,2023,,,,,46254000000.0,2023,10739000000.0,2023,15595000000.0,2023,-14903000000.0,2023,2316000000.0,2023,,,0.0,,,,,,,,,,1.0,1.0,5.0,11.0,13.0,1.0,5796000000.0,2023,4189000000.0,2023
GWW,W. W. Grainger,Industrials,Industrial Machinery & Supplies & Components,0000277135,W. W. Grainger,Industrials,Industrial Machinery & Supplies & Components,Illinois,60289208320.0,50100000.0,,,,,9982000000.0,2023,,,16478000000.0,2023,2565000000.0,2023,2842000000.0,2023,1586000000.0,2023,445000000.0,2023,,,0.0,,,,,,,,,,1.0,1.0,3.0,11.0,12.0,1.0,850000000.0,2023,392000000.0,2023
HAL,Halliburton,Energy,Oil & Gas Equipment & Services,0000045012,Halliburton,Energy,Oil & Gas Equipment & Services,Texas,29859393536.0,889000000.0,53414.5,2023,2.0,2023,,,,,23018000000.0,2023,4083000000.0,2023,5081000000.0,2023,2079000000.0,2023,1379000000.0,2023,408000000.0,2023,0.0,,,,,,1.0,,,,1.0,0.0,3.0,,,1.0,800000000.0,2023,576000000.0,2023
HAS,Hasbro,Consumer Discretionary,Leisure Products,0000046080,Hasbro,Consumer Discretionary,Leisure Products,Rhode Island,12911210496.0,138800000.0,,,,,1706000000.0,2023,,,5710600000.0,2023,-1538800000.0,2023,-1328100000.0,2023,590100000.0,2023,135500000.0,2023,306900000.0,2023,1.0,near-term,2030.0,2020.0,47.5,1 and 2,,,,,1.0,1.0,3.0,,,0.0,0.0,2023,388000000.0,2023
HBAN,Huntington Bancshares,Financials,Regional Banks,0000049196,Huntington Bancshares,Financials,Regional Banks,Michigan,34064195584.0,1448319953.0,,,,,,,,,1400000000.0,2023,2384000000.0,2023,3182000000.0,2023,2517000000.0,2023,140000000.0,2023,,,0.0,,,,,,,,,,1.0,1.0,3.0,,,1.0,0.0,2023,900000000.0,2023
HCA,HCA Healthcare,Health Care,Health Care Facilities,0000860730,HCA Healthcare,Health Care,Health Care Facilities,Tennessee,92433154048.0,265537300.0,,,,,,,,,64968000000.0,2023,7706000000.0,2023,10783000000.0,2023,4687000000.0,2023,4744000000.0,2023,,,0.0,,,,,,,,,,1.0,1.0,,,,0.0,3811000000.0,2023,661000000.0,2023
HD,Home Depot (The),Consumer Discretionary,Home Improvement Retail,0000354950,Home Depot (The),Consumer Discretionary,Home Improvement Retail,Georgia,308026671104.0,992000000.0,,,,,101709000000.0,2023,,,152669000000.0,2023,21689000000.0,2023,24750000000.0,2023,17946000000.0,2023,3226000000.0,2023,,,0.0,near-term,2030.0,2020.0,42.0,1 and 2,,,,,1.0,1.0,3.0,,,1.0,7951000000.0,2023,8383000000.0,2023
HIG,Hartford (The),Financials,Property & Casualty Insurance,0000874766,Hartford (The),Financials,Property & Casualty Insurance,Connecticut,36936105984.0,311500000.0,,,,,,,,,24527000000.0,2023,3088000000.0,2023,3598000000.0,2023,4005000000.0,2023,215000000.0,2023,,,0.0,,,,,,,,,,1.0,0.0,3.0,,,1.0,1400000000.0,2023,528000000.0,2023
HII,Huntington Ingalls Industries,Industrials,Aerospace & Defense,0001501585,Huntington Ingalls Industries,Industrials,Aerospace & Defense,Virginia,11021072384.0,39618880.0,49706.7,2023,1.0,2023,,,,,11454000000.0,2023,781000000.0,2023,1128000000.0,2023,678000000.0,2023,292000000.0,2023,35000000.0,2023,0.0,,,,,,,1.0,limited,,1.0,0.0,3.0,,,0.0,75000000.0,2023,200000000.0,2023
HLT,Hilton Worldwide,Consumer Discretionary,"Hotels, Resorts & Cruise Lines",0001585689,Hilton Worldwide,Consumer Discretionary,"Hotels, Resorts & Cruise Lines",Virginia,68912627712.0,253488288.0,,,,,,,,,10235000000.0,2023,2225000000.0,2023,2372000000.0,2023,1795000000.0,2023,151000000.0,2023,,,0.0,near-term,2030.0,,,,,,,,1.0,1.0,,,,1.0,2338000000.0,2023,158000000.0,2023
HON,Honeywell Technologies,Industrials,Industrial Conglomerates,0000773840,Honeywell Technologies,Industrials,Industrial Conglomerates,North Carolina,64135979008.0,651800000.0,,,,,20637000000.0,2023,,,33009000000.0,2023,7563000000.0,2023,8567000000.0,2023,4599000000.0,2023,741000000.0,2023,1375000000.0,2023,0.0,,,,,,,,,1.0,1.0,1.0,3.0,,,1.0,3715000000.0,2023,2855000000.0,2023
HONA,Honeywell Aerospace,Industrials,Aerospace & Defense,0002089271,Honeywell Aerospace,Industrials,Aerospace & Defense,Arizona,50160939008.0,316952725.0,,,,,,,,,,,,,,,,,,,,,0.0,,,,,,,,,,,,,,,,,,,
HOOD,Robinhood Markets,Financials,Investment Banking & Brokerage,0001783879,Robinhood Markets,Financials,Investment Banking & Brokerage,California,101209694208.0,890857659.0,,,,,,,,,1865000000.0,2023,-533000000.0,2023,-462000000.0,2023,,,,,349000000.0,2023,0.0,,,,,,,,,,1.0,1.0,,,,1.0,608000000.0,2023,,
HPE,Hewlett Packard Enterprise,Information Technology,"Technology Hardware, Storage & Peripherals",0001645590,Hewlett Packard Enterprise,Information Technology,"Technology Hardware, Storage & Peripherals",Texas,82422292480.0,1282630405.0,,,,,,,,,29135000000.0,2023,2089000000.0,2023,4705000000.0,2023,1600000000.0,2023,2828000000.0,2023,2349000000.0,2023,1.0,net-zero,2030.0,2020.0,70.0,1 and 2,1.0,,,,1.0,0.0,2.0,11.0,12.0,1.0,421000000.0,2023,619000000.0,2023
HPQ,HP Inc.,Information Technology,"Technology Hardware, Storage & Peripherals",0000047217,HP Inc.,Information Technology,"Technology Hardware, Storage & Peripherals",California,31995543552.0,989000000.0,,,,,42210000000.0,2023,,,53718000000.0,2023,3456000000.0,2023,4306000000.0,2023,2978000000.0,2023,593000000.0,2023,1578000000.0,2023,1.0,net-zero,2030.0,2019.0,50.0,"1, 2 and 3",,,,,1.0,0.0,3.0,11.0,12.0,0.0,100000000.0,2023,1037000000.0,2023
HRL,Hormel Foods,Consumer Staples,Packaged Foods & Meats,0000048465,Hormel Foods,Consumer Staples,Packaged Foods & Meats,Minnesota,11320715264.0,548982000.0,58585.7,2023,1.0,2023,10110169000.0,2023,,,12110010000.0,2023,1072046000.0,2023,1325357000.0,2023,777636000.0,2023,270211000.0,2023,33700000.0,2023,0.0,near-term,2030.0,2019.0,50.0,1 and 2,,,,,1.0,0.0,3.0,,,0.0,12303000.0,2023,592932000.0,2023
HSIC,Henry Schein,Health Care,Health Care Distributors,0001000228,Henry Schein,Health Care,Health Care Distributors,New York,9847416832.0,129247765.0,,,,,8479000000.0,2023,,,12339000000.0,2023,615000000.0,2023,863000000.0,2023,353000000.0,2023,147000000.0,2023,,,1.0,near-term,2030.0,2022.0,42.0,1,,,,,1.0,1.0,3.0,,,1.0,250000000.0,2023,,
HST,Host Hotels & Resorts,Real Estate,Hotel & Resort REITs,0001070750,Host Hotels & Resorts,Real Estate,Hotel & Resort REITs,Maryland,15450716160.0,703600000.0,,,,,,,,,5311000000.0,2023,827000000.0,2023,1524000000.0,2023,,,,,,,0.0,near-term,2030.0,2019.0,54.0,1 and 2,,,,,1.0,1.0,3.0,,,1.0,182000000.0,2023,547000000.0,2023
HSY,Hershey Company (The),Consumer Staples,Packaged Foods & Meats,0000047111,Hershey Company (The),Consumer Staples,Packaged Foods & Meats,Pennsylvania,34824437760.0,204392926.0,,,,,6167176000.0,2023,,,11164992000.0,2023,2560867000.0,2023,2980682000.0,2023,1552081000.0,2023,771109000.0,2023,50030000.0,2023,0.0,near-term,2030.0,2018.0,50.0,1 and 2,,,,,1.0,1.0,3.0,,,1.0,264913000.0,2023,889071000.0,2023
HUBB,Hubbell Incorporated,Industrials,Industrial Machinery & Supplies & Components,0000048898,Hubbell Incorporated,Industrials,Industrial Machinery & Supplies & Components,Connecticut,24324116480.0,53730566.0,,,,,3495900000.0,2023,,,5372900000.0,2023,1027400000.0,2023,1177100000.0,2023,715100000.0,2023,165700000.0,2023,,,0.0,,,,,,,,,,1.0,0.0,3.0,10.0,11.0,1.0,30000000.0,2023,,
HUM,Humana,Health Care,Managed Health Care,0000049071,Humana,Health Care,Managed Health Care,Kentucky,49208905728.0,124441000.0,,,,,,,,,106374000000.0,2023,4013000000.0,2023,4792000000.0,2023,2977000000.0,2023,1004000000.0,2023,,,0.0,near-term,2029.0,,,,,,,,1.0,1.0,3.0,,,0.0,1573000000.0,2023,431000000.0,2023
HWM,Howmet Aerospace,Industrials,Aerospace & Defense,0000004281,Howmet Aerospace,Industrials,Aerospace & Defense,Pennsylvania,91568791552.0,410000000.0,124137.6,2023,3.0,2023,,,,,6640000000.0,2023,1203000000.0,2023,1475000000.0,2023,682000000.0,2023,219000000.0,2023,36000000.0,2023,0.0,,,,,,,,,,1.0,1.0,3.0,8.0,9.0,1.0,250000000.0,2023,,
IBKR,Interactive Brokers,Financials,Investment Banking & Brokerage,0001381197,Interactive Brokers,Financials,Investment Banking & Brokerage,Connecticut,155677638656.0,423387508.0,,,,,,,,,1557000000.0,2023,3069000000.0,2023,3134000000.0,2023,,,,,,,0.0,,,,,,,,,,1.0,0.0,,,,1.0,,,42000000.0,2023
IBM,IBM,Information Technology,IT Consulting & Other Services,0000051143,IBM,Information Technology,IT Consulting & Other Services,New York,229211865088.0,915013646.0,,,,,27560000000.0,2023,,,61860000000.0,2023,8690000000.0,2023,,,12686000000.0,2023,1245000000.0,2023,6775000000.0,2023,0.0,,,,,,,,,,1.0,1.0,3.0,12.0,13.0,1.0,,,6040000000.0,2023
ICE,Intercontinental Exchange,Financials,Financial Exchanges & Data,0001571949,Intercontinental Exchange,Financials,Financial Exchanges & Data,Georgia,88363491328.0,573000000.0,,,,,,,,,9903000000.0,2023,3694000000.0,2023,4909000000.0,2023,3352000000.0,2023,190000000.0,2023,,,0.0,,,,,,,,,,1.0,1.0,1.0,9.0,11.0,1.0,0.0,2023,955000000.0,2023
IDXX,Idexx Laboratories,Health Care,Health Care Equipment,0000874716,Idexx Laboratories,Health Care,Health Care Equipment,Maine,39760830464.0,83032000.0,,,,,1470983000.0,2023,,,3660953000.0,2023,1097128000.0,2023,1212036000.0,2023,772879000.0,2023,133631000.0,2023,190951000.0,2023,0.0,,,,,,,,,,1.0,1.0,1.0,,,1.0,71920000.0,2023,,
IEX,IDEX Corporation,Industrials,Industrial Machinery & Supplies & Components,0000832101,IDEX Corporation,Industrials,Industrial Machinery & Supplies & Components,Illinois,16528738304.0,75900000.0,,,,,1827000000.0,2023,,,3273900000.0,2023,732500000.0,2023,884600000.0,2023,626800000.0,2023,89900000.0,2023,68400000.0,2023,0.0,,,,,,,,,,1.0,1.0,3.0,,,0.0,24200000.0,2023,190700000.0,2023
IFF,International Flavors & Fragrances,Materials,Specialty Chemicals,0000051253,International Flavors & Fragrances,Materials,Specialty Chemicals,New York,21333088256.0,255300000.0,307088.2,2023,7.0,2023,7798000000.0,2023,,,11479000000.0,2023,-2110000000.0,2023,-968000000.0,2023,952000000.0,2023,503000000.0,2023,636000000.0,2023,0.0,near-term,2030.0,2021.0,50.0,1 and 2,,,,,1.0,1.0,3.0,,,0.0,0.0,2023,826000000.0,2023
INCY,Incyte,Health Care,Biotechnology,0000879169,Incyte,Health Care,Biotechnology,Delaware,24621694976.0,224286862.0,,,,,254990000.0,2023,,,3695649000.0,2023,620525000.0,2023,703185000.0,2023,,,,,1627594000.0,2023,0.0,,,,,,,,,,1.0,1.0,3.0,,,1.0,0.0,2023,,
INTC,Intel,Information Technology,Semiconductors,0000050863,Intel,Information Technology,Semiconductors,California,544151666688.0,4228000000.0,790767.5,2023,4.0,2023,32517000000.0,2023,,,54228000000.0,2023,93000000.0,2023,,,-14279000000.0,2023,25750000000.0,2023,16046000000.0,2023,0.0,,,,,,,,,,1.0,1.0,3.0,10.0,11.0,1.0,0.0,2023,3088000000.0,2023
INTU,Intuit,Information Technology,Application Software,0000896878,Intuit,Information Technology,Application Software,California,85935079424.0,280421000.0,,,,,,,,,14368000000.0,2023,3141000000.0,2023,,,4836000000.0,2023,210000000.0,2023,2539000000.0,2023,1.0,net-zero,2030.0,2022.0,42.0,1 and 2,,,,,1.0,1.0,3.0,,,1.0,1967000000.0,2023,889000000.0,2023
INVH,Invitation Homes,Real Estate,Single-Family Residential REITs,0001687229,Invitation Homes,Real Estate,Single-Family Residential REITs,Texas,16265763840.0,611958239.0,,,,,,,,,2432278000.0,2023,,,,,,,,,,,0.0,,,,,,,,,,1.0,0.0,3.0,,,0.0,0.0,2023,638129000.0,2023
IP,International Paper,Materials,Paper & Plastic Packaging Products & Materials,0000051434,International Paper,Materials,Paper & Plastic Packaging Products & Materials,Tennessee,18196021248.0,448900000.0,5404387.7,2023,28.0,2023,11512000000.0,2023,,,16033000000.0,2023,,,,,692000000.0,2023,1141000000.0,2023,,,0.0,near-term,2030.0,2019.0,35.0,"1, 2 and 3",,,,,1.0,1.0,3.0,,,1.0,218000000.0,2023,642000000.0,2023
IQV,IQVIA,Health Care,Life Sciences Tools & Services,0001478242,IQVIA,Health Care,Life Sciences Tools & Services,North Carolina,43087339520.0,181500000.0,,,,,,,,,14984000000.0,2023,1977000000.0,2023,3102000000.0,2023,1500000000.0,2023,649000000.0,2023,,,1.0,near-term,2030.0,2019.0,55.1,1 and 2,,,,,1.0,1.0,3.0,,,1.0,992000000.0,2023,,
IR,Ingersoll Rand,Industrials,Industrial Machinery & Supplies & Components,0001699150,Ingersoll Rand,Industrials,Industrial Machinery & Supplies & Components,North Carolina,28296798208.0,403347394.0,,,,,3993900000.0,2023,,,6876100000.0,2023,1164300000.0,2023,1623400000.0,2023,1272000000.0,2023,105400000.0,2023,108200000.0,2023,1.0,near-term,2034.0,2020.0,42.0,1 and 2,,,,,1.0,1.0,3.0,,,1.0,263000000.0,2023,32400000.0,2023
IRM,Iron Mountain,Real Estate,Other Specialized REITs,0001020569,Iron Mountain,Real Estate,Other Specialized REITs,New Hampshire,34289410048.0,292142739.0,,,,,,,,,5480289000.0,2023,921778000.0,2023,1697937000.0,2023,-225656000.0,2023,1339223000.0,2023,,,1.0,near-term,2033.0,2022.0,54.6,1 and 2,,,,,1.0,0.0,3.0,10.0,11.0,1.0,,,737650000.0,2023
ISRG,Intuitive Surgical,Health Care,Health Care Equipment,0001035267,Intuitive Surgical,Health Care,Health Care Equipment,California,132258340864.0,352300000.0,,,,,2394600000.0,2023,,,7124100000.0,2023,1766800000.0,2023,,,749600000.0,2023,1064200000.0,2023,998800000.0,2023,0.0,,,,,,,,,,1.0,1.0,1.0,,,1.0,416300000.0,2023,,
IT,Gartner,Information Technology,IT Consulting & Other Services,0000749251,Gartner,Information Technology,IT Consulting & Other Services,Connecticut,11340923904.0,79680000.0,,,,,1903240000.0,2023,,,5906956000.0,2023,1236894000.0,2023,1427997000.0,2023,,,,,,,0.0,near-term,2029.0,2019.0,53.0,1 and 2,,,,,1.0,1.0,1.0,,,1.0,606188000.0,2023,,
ITW,Illinois Tool Works,Industrials,Industrial Machinery & Supplies & Components,0000049826,Illinois Tool Works,Industrials,Industrial Machinery & Supplies & Components,Illinois,76371968000.0,299300000.0,17549.7,2023,1.0,2023,9316000000.0,2023,,,16107000000.0,2023,4040000000.0,2023,,,3084000000.0,2023,455000000.0,2023,284000000.0,2023,0.0,,,,,,,,,,1.0,1.0,3.0,,,1.0,1500000000.0,2023,1615000000.0,2023
IVZ,Invesco,Financials,Asset Management & Custody Banks,0000914208,Invesco,Financials,Asset Management & Custody Banks,Georgia,14251612160.0,449500000.0,,,,,,,,,5716400000.0,2023,-434800000.0,2023,-252000000.0,2023,1136500000.0,2023,164300000.0,2023,,,0.0,,,,,,,1.0,reasonable,,1.0,1.0,3.0,,,0.0,187500000.0,2023,357900000.0,2023
J,Jacobs Solutions,Industrials,Construction & Engineering,0000052988,Jacobs Solutions,Industrials,Construction & Engineering,Texas,16601927680.0,125976998.0,,,,,8140560000.0,2023,,,10851420000.0,2023,676484000.0,2023,779830000.0,2023,837277000.0,2023,137486000.0,2023,,,0.0,,,,,,,,,,1.0,1.0,3.0,,,1.0,265714000.0,2023,128420000.0,2023
JBHT,J.B. Hunt,Industrials,Cargo Ground Transportation,0000728535,J.B. Hunt,Industrials,Cargo Ground Transportation,Arkansas,25399296000.0,103220027.0,,,,,,,751497000.0,2023,12829665000.0,2023,993196000.0,2023,1731150000.0,2023,-117813000.0,2023,1862431000.0,2023,,,0.0,,,,,,,,,,1.0,1.0,3.0,,,1.0,159576000.0,2023,173898000.0,2023
JBL,Jabil,Information Technology,Electronic Manufacturing Services,0000898293,Jabil,Information Technology,Electronic Manufacturing Services,Florida,33330675712.0,131294422.0,,,,,31835000000.0,2023,,,34702000000.0,2023,1537000000.0,2023,2461000000.0,2023,704000000.0,2023,1030000000.0,2023,34000000.0,2023,0.0,commitment,,,,,,,,,1.0,1.0,3.0,8.0,10.0,1.0,487000000.0,2023,45000000.0,2023
JCI,Johnson Controls,Industrials,Building Products,0000833444,Johnson Controls,Industrials,Building Products,Ireland,88444305408.0,687400000.0,,,,,14527000000.0,2023,,,22331000000.0,2023,1113000000.0,2023,1858000000.0,2023,1410000000.0,2023,446000000.0,2023,251000000.0,2023,0.0,near-term,2030.0,,,,,1.0,reasonable,,1.0,1.0,3.0,10.0,11.0,0.0,625000000.0,2023,980000000.0,2023
JKHY,Jack Henry & Associates,Financials,Transaction & Payment Processing Services,0000779152,Jack Henry & Associates,Financials,Transaction & Payment Processing Services,Missouri,11296542720.0,73096000.0,,,,,1219062000.0,2023,,,2077702000.0,2023,480688000.0,2023,,,342380000.0,2023,39179000.0,2023,142678000.0,2023,0.0,,,,,,,,,,1.0,0.0,3.0,8.0,10.0,1.0,25000000.0,2023,147237000.0,2023
JNJ,Johnson & Johnson,Health Care,Pharmaceuticals,0000200406,Johnson & Johnson,Health Care,Pharmaceuticals,New Jersey,640020840448.0,2560400000.0,,,,,26553000000.0,2023,,,85159000000.0,2023,15062000000.0,2023,22548000000.0,2023,18248000000.0,2023,4543000000.0,2023,483000000.0,2023,0.0,near-term,2030.0,2021.0,44.0,1 and 2,,1.0,reasonable,,1.0,1.0,3.0,,,1.0,5054000000.0,2023,,
JPM,JPMorgan Chase,Financials,Diversified Banks,0000019617,JPMorgan Chase,Financials,Diversified Banks,New York,946925731840.0,2876600000.0,,,,,,,,,158104000000.0,2023,61612000000.0,2023,69124000000.0,2023,,,,,,,0.0,,,,,,,,,,1.0,1.0,3.0,,,1.0,9824000000.0,2023,13463000000.0,2023
KDP,Keurig Dr Pepper,Consumer Staples,Soft Drinks & Non-alcoholic Beverages,0001418135,Keurig Dr Pepper,Consumer Staples,Soft Drinks & Non-alcoholic Beverages,Massachusetts,42716327936.0,1390446043.0,,,,,6734000000.0,2023,,,14814000000.0,2023,3192000000.0,2023,,,904000000.0,2023,425000000.0,2023,66000000.0,2023,0.0,near-term,2030.0,2018.0,50.4,1 and 2,,,,,1.0,1.0,3.0,8.0,9.0,1.0,706000000.0,2023,1142000000.0,2023
KEY,KeyCorp,Financials,Regional Banks,0000091576,KeyCorp,Financials,Regional Banks,Ohio,23306088448.0,932759000.0,,,,,,,,,6413000000.0,2023,1160000000.0,2023,1249000000.0,2023,2761000000.0,2023,142000000.0,2023,,,0.0,,,,,,,,,,1.0,0.0,3.0,,,1.0,0.0,2023,911000000.0,2023
KEYS,Keysight Technologies,Information Technology,Electronic Equipment & Instruments,0001601046,Keysight Technologies,Information Technology,Electronic Equipment & Instruments,California,57651683328.0,179000000.0,,,,,1932000000.0,2023,,,5464000000.0,2023,1358000000.0,2023,,,1211000000.0,2023,197000000.0,2023,882000000.0,2023,0.0,near-term,2030.0,2021.0,42.0,1 and 2,,,,,1.0,1.0,3.0,9.0,11.0,1.0,702000000.0,2023,,
KHC,Kraft Heinz,Consumer Staples,Packaged Foods & Meats,0001637459,Kraft Heinz,Consumer Staples,Packaged Foods & Meats,Pennsylvania,29171265536.0,1218000000.0,,,,,17714000000.0,2023,,,26640000000.0,2023,4572000000.0,2023,5533000000.0,2023,2963000000.0,2023,1013000000.0,2023,147000000.0,2023,1.0,near-term,2030.0,2021.0,50.0,1 and 2,,,,1.0,1.0,1.0,3.0,9.0,10.0,1.0,455000000.0,2023,1965000000.0,2023
KIM,Kimco Realty,Real Estate,Retail REITs,0000879101,Kimco Realty,Real Estate,Retail REITs,New York,15555605504.0,619871237.0,,,,,,,,,1783400000.0,2023,638777000.0,2023,1146042000.0,2023,,,,,,,0.0,near-term,2030.0,,,,,,,,1.0,0.0,3.0,6.0,9.0,1.0,0.0,2023,657460000.0,2023
KKR,KKR & Co.,Financials,Asset Management & Custody Banks,0001404912,KKR & Co.,Financials,Asset Management & Custody Banks,New York,93356531712.0,885005588.0,,,,,,,,,14499312000.0,2023,6554609000.0,2023,6622911000.0,2023,,,,,,,0.0,,,,,,,,,,0.0,0.0,,,,1.0,289844000.0,2023,563285000.0,2023
KLAC,KLA Corporation,Information Technology,Semiconductor Materials & Equipment,0000319201,KLA Corporation,Information Technology,Semiconductor Materials & Equipment,California,236014616576.0,136750000.0,,,,,4218307000.0,2023,,,10496056000.0,2023,3789190000.0,2023,4204303000.0,2023,3328214000.0,2023,341591000.0,2023,1296727000.0,2023,0.0,near-term,2030.0,2021.0,50.0,1 and 2,,1.0,,,1.0,1.0,2.0,,,0.0,1311864000.0,2023,732556000.0,2023
KMB,Kimberly-Clark,Consumer Staples,Household Products,0000055785,Kimberly-Clark,Consumer Staples,Household Products,Texas,32642633728.0,337000000.0,1030421.3,2023,8.0,2023,10877000000.0,2023,,,17146000000.0,2023,1928000000.0,2023,2681000000.0,2023,2776000000.0,2023,766000000.0,2023,303000000.0,2023,0.0,near-term,2030.0,2015.0,50.0,1 and 2,,,,,1.0,0.0,3.0,,,1.0,225000000.0,2023,1588000000.0,2023
KMI,Kinder Morgan,Energy,Oil & Gas Storage & Transportation,0001506307,Kinder Morgan,Energy,Oil & Gas Storage & Transportation,Texas,68719116288.0,2219729644.0,9724424.7,2023,211.0,2023,,,,,15334000000.0,2023,4263000000.0,2023,6513000000.0,2023,4174000000.0,2023,2317000000.0,2023,,,0.0,,,,,,,,,,1.0,0.0,3.0,8.0,11.0,1.0,522000000.0,2023,2529000000.0,2023
KO,Coca-Cola Company (The),Consumer Staples,Soft Drinks & Non-alcoholic Beverages,0000021344,Coca-Cola Company (The),Consumer Staples,Soft Drinks & Non-alcoholic Beverages,Georgia,379872051200.0,4339000000.0,,,,,18520000000.0,2023,,,45754000000.0,2023,11311000000.0,2023,12439000000.0,2023,9747000000.0,2023,1852000000.0,2023,,,0.0,,,,,,,1.0,limited,,1.0,1.0,,10.0,12.0,1.0,2289000000.0,2023,7952000000.0,2023
KR,Kroger,Consumer Staples,Food Retail,0000056873,Kroger,Consumer Staples,Food Retail,Ohio,34860040192.0,725000000.0,,,,,,,,,150039000000.0,2023,3096000000.0,2023,6221000000.0,2023,2884000000.0,2023,3904000000.0,2023,,,0.0,commitment,,,,,,1.0,reasonable,,1.0,0.0,3.0,,,1.0,62000000.0,2023,796000000.0,2023
KVUE,Kenvue,Consumer Staples,Personal Care Products,0001944048,Kenvue,Consumer Staples,Personal Care Products,New Jersey,34151354368.0,1915057000.0,,,,,6801000000.0,2023,,,15444000000.0,2023,2512000000.0,2023,3139000000.0,2023,2699000000.0,2023,469000000.0,2023,399000000.0,2023,0.0,near-term,2030.0,2020.0,42.0,1 and 2,,,,,1.0,1.0,3.0,,,0.0,7000000.0,2023,766000000.0,2023
L,Loews Corporation,Financials,Multi-line Insurance,0000060086,Loews Corporation,Financials,Multi-line Insurance,New York,22239690752.0,227810000.0,1938481.4,2023,43.0,2023,,,,,15901000000.0,2023,1996000000.0,2023,2530000000.0,2023,3221000000.0,2023,686000000.0,2023,,,0.0,,,,,,,,,,1.0,1.0,,,,1.0,849000000.0,2023,57000000.0,2023
LDOS,Leidos,Industrials,Diversified Support Services,0001336920,Leidos,Industrials,Diversified Support Services,Virginia,16170926080.0,135766419.0,,,,,13194000000.0,2023,,,15438000000.0,2023,621000000.0,2023,952000000.0,2023,980000000.0,2023,207000000.0,2023,128000000.0,2023,0.0,,,,,,,,,,1.0,1.0,3.0,9.0,10.0,1.0,225000000.0,2023,,
LEN,Lennar,Consumer Discretionary,Homebuilding,0000920760,Lennar,Consumer Discretionary,Homebuilding,Florida,19175251968.0,283319000.0,,,,,,,,,34233366000.0,2023,5202304000.0,2023,5312468000.0,2023,5079939000.0,2023,99799000.0,2023,,,0.0,,,,,,,,,,1.0,1.0,3.0,,,1.0,1182711000.0,2023,430560000.0,2023
LH,Labcorp,Health Care,Health Care Services,0000920148,Labcorp,Health Care,Health Care Services,North Carolina,25265895424.0,83900000.0,,,,,8796700000.0,2023,,,12161600000.0,2023,725600000.0,2023,1302900000.0,2023,874100000.0,2023,453600000.0,2023,,,0.0,near-term,2030.0,2020.0,42.0,1 and 2,,,,,1.0,1.0,3.0,10.0,11.0,1.0,1000000000.0,2023,254000000.0,2023
LHX,L3Harris,Industrials,Aerospace & Defense,0000202058,L3Harris,Industrials,Aerospace & Defense,Florida,45723136000.0,189808581.0,,,,,14306000000.0,2023,,,19419000000.0,2023,1426000000.0,2023,2592000000.0,2023,1647000000.0,2023,449000000.0,2023,,,0.0,,,,,,,,,,1.0,1.0,3.0,,,1.0,518000000.0,2023,868000000.0,2023
LII,Lennox International,Industrials,Building Products,0001069202,Lennox International,Industrials,Building Products,Texas,12650590208.0,35700000.0,,,,,3432700000.0,2023,,,4981900000.0,2023,791500000.0,2023,877500000.0,2023,486000000.0,2023,250200000.0,2023,94000000.0,2023,0.0,near-term,2034.0,2019.0,37.5,1 and 2,,,,,1.0,1.0,3.0,,,1.0,0.0,2023,153400000.0,2023
LIN,Linde plc,Materials,Industrial Gases,0001707925,Linde plc,Materials,Industrial Gases,United Kingdom,214918168576.0,492290000.0,8787322.3,2023,18.0,2023,,,,,32854000000.0,2023,8024000000.0,2023,11840000000.0,2023,5518000000.0,2023,3787000000.0,2023,146000000.0,2023,0.0,near-term,2035.0,,,,,,,,1.0,1.0,3.0,,,1.0,3958000000.0,2023,2482000000.0,2023
LITE,Lumentum,Information Technology,Communications Equipment,0001633978,Lumentum,Information Technology,Communications Equipment,California,83154591744.0,66400000.0,,,,,,,,,1767000000.0,2023,-115700000.0,2023,,,51300000.0,2023,128500000.0,2023,307800000.0,2023,1.0,net-zero,2030.0,2022.0,90.0,1 and 2,,,,1.0,1.0,1.0,3.0,,,0.0,175600000.0,2023,,
LLY,Lilly (Eli),Health Care,Pharmaceuticals,0000059478,Lilly (Eli),Health Care,Pharmaceuticals,Indiana,994915778560.0,903300000.0,,,,,7082000000.0,2023,,,34124000000.0,2023,6554000000.0,2023,8081000000.0,2023,,,,,,,0.0,,,,,,1.0,,,,1.0,0.0,3.0,11.0,12.0,1.0,750000000.0,2023,4069000000.0,2023
LMT,Lockheed Martin,Industrials,Aerospace & Defense,0000936468,Lockheed Martin,Industrials,Aerospace & Defense,Maryland,120978202624.0,240000000.0,95794.1,2023,2.0,2023,59092000000.0,2023,,,67571000000.0,2023,8507000000.0,2023,9937000000.0,2023,6229000000.0,2023,1691000000.0,2023,1500000000.0,2023,0.0,,,,,,,,,,1.0,1.0,3.0,,,1.0,6000000000.0,2023,3056000000.0,2023
LNT,Alliant Energy,Utilities,Electric Utilities,0000352541,Alliant Energy,Utilities,Electric Utilities,Wisconsin,17439490048.0,256096848.0,13023321.5,2023,18.0,2023,583000000.0,2023,,,4027000000.0,2023,943000000.0,2023,1619000000.0,2023,,,,,,,0.0,,,,,,,,,,1.0,0.0,3.0,,,0.0,,,456000000.0,2023
LOW,Lowe's,Consumer Discretionary,Home Improvement Retail,0000060667,Lowe's,Consumer Discretionary,Home Improvement Retail,North Carolina,110426652672.0,574000000.0,,,,,57533000000.0,2023,,,86377000000.0,2023,11557000000.0,2023,13480000000.0,2023,6176000000.0,2023,1964000000.0,2023,,,0.0,,,,,,,,,,1.0,1.0,3.0,11.0,12.0,1.0,6138000000.0,2023,2531000000.0,2023
LRCX,Lam Research,Information Technology,Semiconductor Materials & Equipment,0000707549,Lam Research,Information Technology,Semiconductor Materials & Equipment,California,373168930816.0,133297000.0,,,,,9651591000.0,2023,,,17428516000.0,2023,5174860000.0,2023,5517292000.0,2023,4677370000.0,2023,501568000.0,2023,1727162000.0,2023,0.0,near-term,2034.0,2019.0,46.2,1 and 2,,,,1.0,1.0,1.0,3.0,,,1.0,2017012000.0,2023,907907000.0,2023
LULU,Lululemon Athletica,Consumer Discretionary,"Apparel, Accessories & Luxury Goods",0001397187,Lululemon Athletica,Consumer Discretionary,"Apparel, Accessories & Luxury Goods",Canada,10956971008.0,121106000.0,,,,,4009873000.0,2023,,,9619278000.0,2023,2132676000.0,2023,2512060000.0,2023,1644299000.0,2023,651865000.0,2023,,,0.0,,,,,,,,,,1.0,1.0,3.0,,,0.0,558652000.0,2023,,
LUV,Southwest Airlines,Industrials,Passenger Airlines,0000092380,Southwest Airlines,Industrials,Passenger Airlines,Texas,19196530688.0,640000000.0,,,,,,,6217000000.0,2023,26091000000.0,2023,224000000.0,2023,1746000000.0,2023,-356000000.0,2023,3520000000.0,2023,,,0.0,,,,,,,,,,1.0,0.0,3.0,,,0.0,0.0,2023,428000000.0,2023
LVS,Las Vegas Sands,Consumer Discretionary,Casinos & Gaming,0001300514,Las Vegas Sands,Consumer Discretionary,Casinos & Gaming,Nevada,27741042688.0,753000000.0,,,,,,,,,10372000000.0,2023,2313000000.0,2023,3521000000.0,2023,2210000000.0,2023,1017000000.0,2023,205000000.0,2023,0.0,near-term,2030.0,2018.0,60.2,1 and 2,,,,,1.0,1.0,,,,0.0,505000000.0,2023,305000000.0,2023
LYB,LyondellBasell,Materials,Specialty Chemicals,0001489393,LyondellBasell,Materials,Specialty Chemicals,Netherlands,20574285824.0,324483402.0,,,,,28435000000.0,2023,,,33336000000.0,2023,2725000000.0,2023,4259000000.0,2023,3411000000.0,2023,1531000000.0,2023,130000000.0,2023,0.0,,,,,,1.0,,,,1.0,1.0,3.0,,,0.0,211000000.0,2023,1610000000.0,2023
LYV,Live Nation Entertainment,Communication Services,Movies & Entertainment,0001335258,Live Nation Entertainment,Communication Services,Movies & Entertainment,California,39638056960.0,233303152.0,,,,,,,,,22726317000.0,2023,1084933000.0,2023,1601730000.0,2023,924370000.0,2023,438604000.0,2023,,,0.0,,,,,,,,,,1.0,0.0,,,,0.0,0.0,2023,,
MA,Mastercard,Financials,Transaction & Payment Processing Services,0001141391,Mastercard,Financials,Transaction & Payment Processing Services,New York,498616074240.0,946000000.0,,,,,,,,,25098000000.0,2023,14008000000.0,2023,14807000000.0,2023,11609000000.0,2023,371000000.0,2023,,,0.0,near-term,2030.0,2016.0,60.2,"1, 2 and 3",,,,,1.0,1.0,3.0,10.0,11.0,1.0,9032000000.0,2023,2158000000.0,2023
MAA,Mid-America Apartment Communities,Real Estate,Multi-Family Residential REITs,0000912595,Mid-America Apartment Communities,Real Estate,Multi-Family Residential REITs,Tennessee,14845492224.0,116694124.0,,,,,,,,,2148468000.0,2023,,,,,,,,,,,0.0,,,,,,,,,,1.0,0.0,,,,1.0,0.0,2023,651717000.0,2023
MAR,Marriott International,Consumer Discretionary,"Hotels, Resorts & Cruise Lines",0001048286,Marriott International,Consumer Discretionary,"Hotels, Resorts & Cruise Lines",Maryland,87275872256.0,290539975.0,,,,,,,,,23713000000.0,2023,3864000000.0,2023,,,2718000000.0,2023,452000000.0,2023,,,1.0,near-term,2030.0,2019.0,46.2,1 and 2,,,,,1.0,1.0,3.0,,,1.0,3953000000.0,2023,587000000.0,2023
MAS,Masco,Industrials,Building Products,0000062996,Masco,Industrials,Building Products,Michigan,13511281664.0,220600000.0,,,,,5131000000.0,2023,,,7967000000.0,2023,1348000000.0,2023,1497000000.0,2023,1170000000.0,2023,243000000.0,2023,,,0.0,,,,,,,,,,1.0,1.0,3.0,9.0,10.0,1.0,353000000.0,2023,257000000.0,2023
MCD,McDonald's,Consumer Discretionary,Restaurants,0000063908,McDonald's,Consumer Discretionary,Restaurants,Illinois,178700713984.0,732.3,,,,,,,,,25494000000.0,2023,11647000000.0,2023,12029000000.0,2023,7255000000.0,2023,2357000000.0,2023,,,1.0,near-term,2030.0,2018.0,50.4,1 and 2,,,,,1.0,1.0,3.0,11.0,12.0,1.0,3054000000.0,2023,4533000000.0,2023
MCHP,Microchip Technology,Information Technology,Semiconductors,0000827054,Microchip Technology,Information Technology,Semiconductors,Arizona,40291246080.0,536663691.0,472938.2,2023,3.0,2023,2638700000.0,2023,,,7634400000.0,2023,2571000000.0,2023,3450500000.0,2023,2607600000.0,2023,285100000.0,2023,1097400000.0,2023,0.0,,,,,,,1.0,limited,1.0,1.0,1.0,,,,1.0,982100000.0,2023,911500000.0,2023
MCK,McKesson Corporation,Health Care,Health Care Distributors,0000927653,McKesson Corporation,Health Care,Health Care Distributors,Texas,102775570432.0,134100000.0,,,,,296123000000.0,2023,,,308951000000.0,2023,3909000000.0,2023,4188000000.0,2023,3883000000.0,2023,431000000.0,2023,,,0.0,near-term,2032.0,2020.0,50.4,1 and 2,,,,,1.0,1.0,3.0,10.0,11.0,1.0,3025000000.0,2023,314000000.0,2023
MCO,Moody's Corporation,Financials,Financial Exchanges & Data,0001059556,Moody's Corporation,Financials,Financial Exchanges & Data,New York,82252316672.0,184000000.0,,,,,1687000000.0,2023,,,5916000000.0,2023,2137000000.0,2023,2510000000.0,2023,1880000000.0,2023,271000000.0,2023,,,1.0,near-term,2030.0,2019.0,50.0,1 and 2,,,,,1.0,0.0,3.0,,,1.0,490000000.0,2023,564000000.0,2023
MDLZ,Mondelez International,Consumer Staples,Packaged Foods & Meats,0001103982,Mondelez International,Consumer Staples,Packaged Foods & Meats,Illinois,79692677120.0,1370000000.0,,,,,22252000000.0,2023,,,36016000000.0,2023,5502000000.0,2023,6717000000.0,2023,3602000000.0,2023,1112000000.0,2023,380000000.0,2023,1.0,near-term,2030.0,2018.0,50.4,1 and 2,,,,,1.0,1.0,3.0,,,1.0,1547000000.0,2023,2160000000.0,2023
MDT,Medtronic,Health Care,Health Care Equipment,0001613103,Medtronic,Health Care,Health Care Equipment,Ireland,116350386176.0,1311337531.0,,,,,11216000000.0,2023,,,32364000000.0,2023,5144000000.0,2023,7791000000.0,2023,5200000000.0,2023,1587000000.0,2023,,,0.0,near-term,,,,,,,,,1.0,1.0,3.0,,,1.0,2138000000.0,2023,3666000000.0,2023
MET,MetLife,Financials,Life & Health Insurance,0001099219,MetLife,Financials,Life & Health Insurance,New York,61730230272.0,730821111.0,,,,,,,,,66905000000.0,2023,5723000000.0,2023,,,,,,,,,0.0,commitment,,,,,,,,,1.0,0.0,3.0,,,1.0,3103000000.0,2023,1566000000.0,2023
META,Meta Platforms,Communication Services,Interactive Media & Services,0001326801,Meta Platforms,Communication Services,Interactive Media & Services,California,1650860490752.0,2629000000.0,,,,,25959000000.0,2023,,,134902000000.0,2023,46751000000.0,2023,57929000000.0,2023,44068000000.0,2023,27045000000.0,2023,38483000000.0,2023,0.0,near-term,2031.0,2021.0,42.0,1 and 2,,1.0,limited,1.0,1.0,0.0,,,,1.0,19774000000.0,2023,0.0,2023
MGM,MGM Resorts,Consumer Discretionary,Casinos & Gaming,0000789570,MGM Resorts,Consumer Discretionary,Casinos & Gaming,Nevada,10205905920.0,326550141.0,110103.336,2023,1.0,2023,,,,,16164249000.0,2023,1891497000.0,2023,2705625000.0,2023,1758964000.0,2023,931813000.0,2023,,,0.0,near-term,2030.0,,,,,,,,1.0,1.0,3.0,,,0.0,2291917000.0,2023,0.0,2023
MKC,McCormick & Company,Consumer Staples,Packaged Foods & Meats,0000063754,McCormick & Company,Consumer Staples,Packaged Foods & Meats,Maryland,13797462016.0,269800000.0,,,,,4159700000.0,2023,,,6662200000.0,2023,963000000.0,2023,1162300000.0,2023,973400000.0,2023,263900000.0,2023,94900000.0,2023,1.0,net-zero,2030.0,2020.0,42.0,1 and 2,,,,,1.0,1.0,3.0,,,1.0,35700000.0,2023,418500000.0,2023
MLM,Martin Marietta Materials,Materials,Construction Materials,0000916076,Martin Marietta Materials,Materials,Construction Materials,North Carolina,36217044992.0,61821421.0,3999044.2,2023,4.0,2023,4106000000.0,2023,,,5851000000.0,2023,1333000000.0,2023,1846000000.0,2023,878000000.0,2023,650000000.0,2023,,,0.0,near-term,2035.0,2023.0,63.0,1 and 2,,,,,1.0,1.0,3.0,9.0,10.0,1.0,150000000.0,2023,174000000.0,2023
MMM,3M,Industrials,Industrial Conglomerates,0000066740,3M,Industrials,Industrial Conglomerates,Minnesota,85078728704.0,552581136.0,1007143.7,2023,11.0,2023,14983000000.0,2023,,,24610000000.0,2023,-10689000000.0,2023,-8702000000.0,2023,5065000000.0,2023,1615000000.0,2023,700000000.0,2023,0.0,near-term,2030.0,2019.0,52.6,1 and 2,,,,,1.0,0.0,3.0,,,1.0,33000000.0,2023,3311000000.0,2023
MNST,Monster Beverage,Consumer Staples,Soft Drinks & Non-alcoholic Beverages,0000865752,Monster Beverage,Consumer Staples,Soft Drinks & Non-alcoholic Beverages,California,85022851072.0,1041571000.0,,,,,3345821000.0,2023,,,7140027000.0,2023,1953355000.0,2023,2022253000.0,2023,1496325000.0,2023,221428000.0,2023,,,0.0,commitment,,,,,,,,,1.0,1.0,3.0,,,1.0,658952000.0,2023,,
MO,Altria,Consumer Staples,Tobacco,0000764180,Altria,Consumer Staples,Tobacco,Virginia,115178938368.0,1763461775.0,66467.2,2023,2.0,2023,6218000000.0,2023,,,24483000000.0,2023,11547000000.0,2023,11819000000.0,2023,9091000000.0,2023,196000000.0,2023,220000000.0,2023,1.0,near-term,2030.0,2022.0,65.0,1 and 2,,,,,1.0,1.0,3.0,9.0,10.0,0.0,1000000000.0,2023,6779000000.0,2023
MOS,Mosaic Company (The),Materials,Fertilizers & Agricultural Chemicals,0001285785,Mosaic Company (The),Materials,Fertilizers & Agricultural Chemicals,Florida,8007791616.0,324103141.0,1584500.0,2023,8.0,2023,11485500000.0,2023,,,13696100000.0,2023,1338100000.0,2023,2298700000.0,2023,1004800000.0,2023,1402400000.0,2023,,,0.0,,,,,,,1.0,,,1.0,0.0,3.0,,,0.0,756000000.0,2023,351600000.0,2023
MPC,Marathon Petroleum,Energy,Oil & Gas Refining & Marketing,0001510295,Marathon Petroleum,Energy,Oil & Gas Refining & Marketing,Ohio,111186952192.0,409000000.0,15864357.7,2023,26.0,2023,128566000000.0,2023,,,148379000000.0,2023,14514000000.0,2023,17821000000.0,2023,12227000000.0,2023,1890000000.0,2023,,,0.0,,,,,,,,,,1.0,1.0,,10.0,11.0,1.0,11572000000.0,2023,1261000000.0,2023
MPWR,Monolithic Power Systems,Information Technology,Semiconductors,0001280452,Monolithic Power Systems,Information Technology,Semiconductors,Washington,60665065472.0,48028000.0,,,,,799953000.0,2023,,,1821072000.0,2023,481736000.0,2023,521904000.0,2023,580635000.0,2023,57578000.0,2023,,,0.0,,,,,,,,,1.0,1.0,1.0,3.0,,,1.0,3700000.0,2023,185844000.0,2023
MRK,Merck & Co.,Health Care,Pharmaceuticals,0000310158,Merck & Co.,Health Care,Pharmaceuticals,New Jersey,355100000256.0,2547000000.0,365529.7,2023,3.0,2023,16126000000.0,2023,,,60115000000.0,2023,1889000000.0,2023,,,9143000000.0,2023,3863000000.0,2023,30531000000.0,2023,0.0,,,,,,,,,,1.0,1.0,3.0,12.0,13.0,1.0,1346000000.0,2023,7445000000.0,2023
MRNA,Moderna,Health Care,Biotechnology,0001682852,Moderna,Health Care,Biotechnology,Massachusetts,57477992448.0,382000000.0,,,,,4693000000.0,2023,,,6848000000.0,2023,-4239000000.0,2023,-3622000000.0,2023,-3825000000.0,2023,707000000.0,2023,4845000000.0,2023,1.0,near-term,2030.0,2021.0,90.0,1 and 2,,,,,1.0,1.0,3.0,,,1.0,1153000000.0,2023,,
MRSH,Marsh McLennan,Financials,Insurance Brokers,0000062709,Marsh McLennan,Financials,Insurance Brokers,New York,84423442432.0,492000000.0,,,,,,,,,22736000000.0,2023,5282000000.0,2023,5652000000.0,2023,3842000000.0,2023,416000000.0,2023,,,1.0,near-term,2030.0,2019.0,50.0,1 and 2,,,,,1.0,1.0,3.0,,,0.0,1150000000.0,2023,1298000000.0,2023
MRVL,Marvell Technology,Information Technology,Semiconductors,0001835632,Marvell Technology,Information Technology,Semiconductors,California,212184170496.0,865500000.0,,,,,3214100000.0,2023,,,5507700000.0,2023,-567700000.0,2023,,,1034200000.0,2023,336300000.0,2023,1896200000.0,2023,0.0,near-term,2030.0,2022.0,50.0,1 and 2,,,,1.0,1.0,1.0,3.0,,,1.0,150000000.0,2023,206800000.0,2023
MS,Morgan Stanley,Financials,Investment Banking & Brokerage,0000895421,Morgan Stanley,Financials,Investment Banking & Brokerage,New York,336698015744.0,1627000000.0,,,,,,,,,54143000000.0,2023,11813000000.0,2023,16069000000.0,2023,,,,,,,0.0,,,,,,1.0,,,,1.0,1.0,3.0,,,1.0,,,5763000000.0,2023
MSCI,MSCI,Financials,Financial Exchanges & Data,0001408198,MSCI,Financials,Financial Exchanges & Data,New York,40320147456.0,79091212.0,,,,,,,,,2528920000.0,2023,1384609000.0,2023,1405618000.0,2023,1213272000.0,2023,22757000.0,2023,132121000.0,2023,1.0,near-term,2030.0,2019.0,80.0,1 and 2,,,,,1.0,1.0,3.0,,,1.0,504188000.0,2023,440993000.0,2023
MSFT,Microsoft,Information Technology,Systems Software,0000789019,Microsoft,Information Technology,Systems Software,Washington,3680323239936.0,7432000000.0,,,,,65863000000.0,2023,,,211915000000.0,2023,88523000000.0,2023,,,59475000000.0,2023,28107000000.0,2023,27195000000.0,2023,0.0,near-term,2030.0,,,,,,,,1.0,1.0,3.0,11.0,12.0,1.0,22245000000.0,2023,19800000000.0,2023
MSI,Motorola Solutions,Information Technology,Communications Equipment,0000068505,Motorola Solutions,Information Technology,Communications Equipment,Illinois,77146587136.0,166200000.0,,,,,5008000000.0,2023,,,9978000000.0,2023,2294000000.0,2023,2650000000.0,2023,1791000000.0,2023,253000000.0,2023,858000000.0,2023,0.0,,,,,,,,,1.0,1.0,1.0,3.0,7.0,8.0,1.0,804000000.0,2023,589000000.0,2023
MTB,M&T Bank,Financials,Regional Banks,0000036270,M&T Bank,Financials,Regional Banks,New York,34635350016.0,167002000.0,,,,,,,,,9643000000.0,2023,3619000000.0,2023,3923000000.0,2023,3649000000.0,2023,256000000.0,2023,,,0.0,,,,,,1.0,,,,1.0,1.0,3.0,,,1.0,594000000.0,2023,868000000.0,2023
MTD,Mettler Toledo,Health Care,Life Sciences Tools & Services,0001037646,Mettler Toledo,Health Care,Life Sciences Tools & Services,Ohio,25917691904.0,21526172.0,,,,,,,,,3788309000.0,2023,973728000.0,2023,,,860551000.0,2023,105323000.0,2023,185284000.0,2023,0.0,near-term,2030.0,,,,1.0,,,,1.0,1.0,3.0,,,0.0,900000000.0,2023,,
MU,Micron Technology,Information Technology,Semiconductors,0000723125,Micron Technology,Information Technology,Semiconductors,Idaho,1101452017664.0,1098000000.0,303884.3,2023,2.0,2023,16956000000.0,2023,,,15540000000.0,2023,-5745000000.0,2023,2011000000.0,2023,-6117000000.0,2023,7676000000.0,2023,3114000000.0,2023,0.0,,,,,,,,,,1.0,1.0,3.0,7.0,8.0,1.0,425000000.0,2023,504000000.0,2023
NCLH,Norwegian Cruise Line Holdings,Consumer Discretionary,"Hotels, Resorts & Cruise Lines",0001513761,Norwegian Cruise Line Holdings,Consumer Discretionary,"Hotels, Resorts & Cruise Lines",Florida,6805163520.0,425546570.0,,,,,5468587000.0,2023,716833000.0,2023,8549924000.0,2023,930911000.0,2023,1814147000.0,2023,-744648000.0,2023,2750362000.0,2023,,,0.0,,,,,,,,,,1.0,1.0,,,,1.0,,,,
NDAQ,"Nasdaq, Inc.",Financials,Financial Exchanges & Data,0001120193,"Nasdaq, Inc.",Financials,Financial Exchanges & Data,New York,50973147136.0,575000000.0,,,,,2169000000.0,2023,,,6064000000.0,2023,1578000000.0,2023,1695000000.0,2023,1538000000.0,2023,158000000.0,2023,,,1.0,near-term,2032.0,2023.0,90.0,1 and 2,,,,,1.0,1.0,2.0,11.0,12.0,1.0,269000000.0,2023,441000000.0,2023
NDSN,Nordson Corporation,Industrials,Industrial Machinery & Supplies & Components,0000072331,Nordson Corporation,Industrials,Industrial Machinery & Supplies & Components,Ohio,17515780096.0,57007000.0,,,,,1203227000.0,2023,,,2628632000.0,2023,672761000.0,2023,732480000.0,2023,606699000.0,2023,34583000.0,2023,71400000.0,2023,0.0,,,,,,,,,,1.0,1.0,1.0,,,0.0,89708000.0,2023,150356000.0,2023
NEE,NextEra Energy,Utilities,Multi-Utilities,0000753308,NextEra Energy,Utilities,Multi-Utilities,Florida,171696865280.0,2052000000.0,42410123.6,2023,22.0,2023,,,,,28114000000.0,2023,10237000000.0,2023,16116000000.0,2023,,,,,,,0.0,,,,,,,,,1.0,1.0,1.0,3.0,11.0,12.0,1.0,,,3782000000.0,2023
NEM,Newmont,Materials,Gold,0001164727,Newmont,Materials,Gold,Colorado,133618712576.0,1152000000.0,567759.3,2023,3.0,2023,,,,,11812000000.0,2023,-2031000000.0,2023,77000000.0,2023,97000000.0,2023,2666000000.0,2023,200000000.0,2023,0.0,near-term,2030.0,2018.0,32.0,1 and 2,,1.0,limited,1.0,1.0,1.0,3.0,,,1.0,0.0,2023,1415000000.0,2023
NFLX,Netflix,Communication Services,Movies & Entertainment,0001065280,Netflix,Communication Services,Movies & Entertainment,California,322288943104.0,432759584.0,,,,,19715368000.0,2023,,,33723297000.0,2023,6954003000.0,2023,7310950000.0,2023,6925749000.0,2023,348552000.0,2023,2675758000.0,2023,0.0,near-term,2030.0,2019.0,46.2,1 and 2,,,,,1.0,1.0,2.0,,,1.0,6045347000.0,2023,,
NI,NiSource,Utilities,Multi-Utilities,0001111711,NiSource,Utilities,Multi-Utilities,Indiana,19858583552.0,447381671.0,5027591.0,2023,9.0,2023,,,,,5347800000.0,2023,1295500000.0,2023,2203700000.0,2023,-710700000.0,2023,2645800000.0,2023,,,0.0,,,,,,1.0,,,1.0,1.0,1.0,3.0,,,1.0,,,413500000.0,2023
NKE,"Nike, Inc.",Consumer Discretionary,"Apparel, Accessories & Luxury Goods",0000320187,"Nike, Inc.",Consumer Discretionary,"Apparel, Accessories & Luxury Goods",Oregon,54592753664.0,1529700000.0,,,,,28475000000.0,2023,,,51362000000.0,2023,6700000000.0,2023,7496000000.0,2023,6617000000.0,2023,812000000.0,2023,,,0.0,near-term,2030.0,2015.0,65.0,1 and 2,,,,,1.0,1.0,1.0,,,1.0,4250000000.0,2023,2169000000.0,2023
NOC,Northrop Grumman,Industrials,Aerospace & Defense,0001133421,Northrop Grumman,Industrials,Aerospace & Defense,Virginia,73726443520.0,150109271.0,110192.3,2023,3.0,2023,,,,,39290000000.0,2023,2537000000.0,2023,3875000000.0,2023,2100000000.0,2023,1775000000.0,2023,1200000000.0,2023,0.0,,,,,,,0.0,reasonable,,1.0,0.0,3.0,,,1.0,1500000000.0,2023,1116000000.0,2023
NOW,ServiceNow,Information Technology,Systems Software,0001373715,ServiceNow,Information Technology,Systems Software,California,137017729024.0,204724000.0,,,,,1921000000.0,2023,,,8971000000.0,2023,762000000.0,2023,1324000000.0,2023,2704000000.0,2023,694000000.0,2023,2124000000.0,2023,0.0,near-term,2026.0,2019.0,70.0,1 and 2,,,,,1.0,0.0,3.0,,,1.0,538000000.0,2023,,
NRG,NRG Energy,Utilities,Independent Power Producers & Energy Traders,0001013871,NRG Energy,Utilities,Independent Power Producers & Energy Traders,Texas,23850481664.0,208130950.0,22461424.3,2023,16.0,2023,,,,,28823000000.0,2023,384000000.0,2023,1679000000.0,2023,-819000000.0,2023,598000000.0,2023,,,0.0,near-term,2025.0,,,,,,,1.0,1.0,1.0,3.0,,,1.0,1150000000.0,2023,381000000.0,2023
NSC,Norfolk Southern,Industrials,Rail Transportation,0000702165,Norfolk Southern,Industrials,Rail Transportation,Georgia,71935320064.0,225681254.0,,,,,,,1170000000.0,2023,12156000000.0,2023,2851000000.0,2023,4149000000.0,2023,852000000.0,2023,2327000000.0,2023,,,0.0,near-term,2034.0,2019.0,42.0,1 and 2,,,,,1.0,1.0,3.0,11.0,12.0,1.0,622000000.0,2023,1225000000.0,2023
NTAP,NetApp,Information Technology,"Technology Hardware, Storage & Peripherals",0001002047,NetApp,Information Technology,"Technology Hardware, Storage & Peripherals",California,39142379520.0,206000000.0,,,,,1835000000.0,2023,,,6268000000.0,2023,1214000000.0,2023,1412000000.0,2023,1530000000.0,2023,155000000.0,2023,1029000000.0,2023,0.0,near-term,2030.0,2020.0,50.8,1 and 2,,,,,1.0,0.0,3.0,,,0.0,900000000.0,2023,416000000.0,2023
NTRS,Northern Trust,Financials,Asset Management & Custody Banks,0000073124,Northern Trust,Financials,Asset Management & Custody Banks,Illinois,34613379072.0,205126224.0,,,,,,,,,6773500000.0,2023,1464800000.0,2023,2099400000.0,2023,2509100000.0,2023,116500000.0,2023,,,0.0,commitment,,,,,,,,,1.0,1.0,3.0,,,1.0,347500000.0,2023,621500000.0,2023
NUE,Nucor,Materials,Steel,0000073309,Nucor,Materials,Steel,North Carolina,58858356736.0,250400000.0,5497406.2,2023,26.0,2023,26899000000.0,2023,,,34714000000.0,2023,6273000000.0,2023,,,4898000000.0,2023,2214000000.0,2023,,,0.0,,,,,,,,,,1.0,1.0,3.0,,,1.0,1554000000.0,2023,515000000.0,2023
NVDA,Nvidia,Information Technology,Semiconductors,0001045810,Nvidia,Information Technology,Semiconductors,California,5271048421376.0,24643000000.0,,,,,16621000000.0,2023,,,60922000000.0,2023,32972000000.0,2023,34480000000.0,2023,27021000000.0,2023,1069000000.0,2023,8675000000.0,2023,0.0,near-term,2030.0,2023.0,50.0,1 and 2,,,,,1.0,1.0,3.0,,,1.0,9533000000.0,2023,395000000.0,2023
NVR,"NVR, Inc.",Consumer Discretionary,Homebuilding,0000906163,"NVR, Inc.",Consumer Discretionary,Homebuilding,Virginia,16499457024.0,3194876.0,,,,,,,,,9518202000.0,2023,,,,,1473116000.0,2023,24877000.0,2023,,,0.0,,,,,,,,,,1.0,0.0,3.0,,,1.0,1081815000.0,2023,,
NWS,News Corp (Class B),Communication Services,Publishing,0001564708,News Corp (Class B),Communication Services,Publishing,New York,17544667136.0,578800000.0,,,,,,,,,8012000000.0,2023,380000000.0,2023,795000000.0,2023,745000000.0,2023,347000000.0,2023,,,0.0,near-term,,,,,,,,,1.0,1.0,3.0,,,1.0,243000000.0,2023,174000000.0,2023
NXPI,NXP Semiconductors,Information Technology,Semiconductors,0001413447,NXP Semiconductors,Information Technology,Semiconductors,Netherlands,59667087360.0,261370000.0,,,,,5723000000.0,2023,,,13276000000.0,2023,3661000000.0,2023,4767000000.0,2023,2686000000.0,2023,827000000.0,2023,2418000000.0,2023,0.0,near-term,2030.0,,,,,1.0,limited,1.0,1.0,1.0,3.0,,,0.0,1053000000.0,2023,1006000000.0,2023
O,Realty Income,Real Estate,Retail REITs,0000726728,Realty Income,Real Estate,Retail REITs,California,56299974656.0,752460000.0,,,,,,,,,4078993000.0,2023,928935000.0,2023,2824112000.0,2023,,,,,,,0.0,,,,,,,1.0,limited,,1.0,1.0,3.0,,,1.0,,,2111793000.0,2023
ODFL,Old Dominion,Industrials,Cargo Ground Transportation,0000878927,Old Dominion,Industrials,Cargo Ground Transportation,North Carolina,37390618624.0,217930932.0,,,,,,,,,5866152000.0,2023,1640673000.0,2023,1965108000.0,2023,811826000.0,2023,757309000.0,2023,,,0.0,,,,,,,,,,1.0,1.0,3.0,8.0,12.0,1.0,453613000.0,2023,175089000.0,2023
OKE,Oneok,Energy,Oil & Gas Storage & Transportation,0001039684,Oneok,Energy,Oil & Gas Storage & Transportation,Oklahoma,60906319872.0,583093100.0,2501676.9,2023,33.0,2023,11929000000.0,2023,,,17677000000.0,2023,4072000000.0,2023,4841000000.0,2023,2826000000.0,2023,1595000000.0,2023,,,0.0,,,,,,,,,1.0,1.0,1.0,3.0,11.0,12.0,1.0,0.0,2023,1839000000.0,2023
OMC,Omnicom Group,Communication Services,Advertising,0000029989,Omnicom Group,Communication Services,Advertising,New York,21676075008.0,198000000.0,,,,,11982700000.0,2023,,,14692200000.0,2023,2104700000.0,2023,2315800000.0,2023,1343500000.0,2023,78400000.0,2023,,,0.0,near-term,2030.0,2019.0,46.2,"1, 2, and 3",1.0,,,,1.0,1.0,,,,1.0,570800000.0,2023,562700000.0,2023
ON,ON Semiconductor,Information Technology,Semiconductors,0001097864,ON Semiconductor,Information Technology,Semiconductors,Arizona,29642719232.0,426386426.0,,,,,4369500000.0,2023,,,8253000000.0,2023,2538700000.0,2023,3148200000.0,2023,438400000.0,2023,1539100000.0,2023,,,0.0,,,,,,,,,,1.0,1.0,3.0,,,0.0,564200000.0,2023,,
ORCL,Oracle Corporation,Information Technology,Application Software,0001341439,Oracle Corporation,Information Technology,Application Software,Texas,432877174784.0,2755000000.0,,,,,,,,,52961000000.0,2023,15353000000.0,2023,,,11807000000.0,2023,6866000000.0,2023,8915000000.0,2023,0.0,,,,,,,,,,1.0,0.0,3.0,,,1.0,1202000000.0,2023,4391000000.0,2023
ORLY,O'Reilly Automotive,Consumer Discretionary,Automotive Retail,0000898173,O'Reilly Automotive,Consumer Discretionary,Automotive Retail,Missouri,69425012736.0,59072792.0,,,,,7707447000.0,2023,,,15812250000.0,2023,3186376000.0,2023,3595437000.0,2023,2027820000.0,2023,1006264000.0,2023,,,0.0,,,,,,,,,,1.0,0.0,,,,1.0,3151155000.0,2023,,
OTIS,Otis Worldwide,Industrials,Industrial Machinery & Supplies & Components,0001781335,Otis Worldwide,Industrials,Industrial Machinery & Supplies & Components,Connecticut,26304251904.0,437000000.0,,,,,,,,,14209000000.0,2023,2186000000.0,2023,2379000000.0,2023,1489000000.0,2023,138000000.0,2023,144000000.0,2023,0.0,near-term,2033.0,2021.0,55.0,1 and 2,,,,,1.0,1.0,3.0,9.0,10.0,1.0,800000000.0,2023,539000000.0,2023
OXY,Occidental Petroleum,Energy,Oil & Gas Exploration & Production,0000797468,Occidental Petroleum,Energy,Oil & Gas Exploration & Production,Texas,61437710336.0,879463103.0,7889828.4,2023,36.0,2023,3116000000.0,2023,,,23230000000.0,2023,4662000000.0,2023,11111000000.0,2023,6612000000.0,2023,5696000000.0,2023,,,0.0,,,,,,1.0,,,,1.0,1.0,3.0,,,0.0,1798000000.0,2023,,
PANW,Palo Alto Networks,Information Technology,Systems Software,0001327567,Palo Alto Networks,Information Technology,Systems Software,California,270471692288.0,308300000.0,,,,,1909700000.0,2023,,,6892700000.0,2023,387300000.0,2023,669500000.0,2023,2631200000.0,2023,146300000.0,2023,1604000000.0,2023,1.0,net-zero,2027.0,2021.0,35.0,1 and 2,,,,,1.0,1.0,3.0,,,1.0,272700000.0,2023,,
PAYX,Paychex,Industrials,Human Resource & Employment Services,0000723531,Paychex,Industrials,Human Resource & Employment Services,New York,41222541312.0,360100000.0,,,,,1479300000.0,2023,,,5278300000.0,2023,2174100000.0,2023,2350600000.0,2023,1736300000.0,2023,161400000.0,2023,,,0.0,,,,,,,,,,1.0,0.0,3.0,,,1.0,169200000.0,2023,1315300000.0,2023
PCAR,Paccar,Industrials,Construction Machinery & Heavy Transportation Equipment,0000075362,Paccar,Industrials,Construction Machinery & Heavy Transportation Equipment,Washington,64600772608.0,525000000.0,,,,,26894200000.0,2023,,,35127400000.0,2023,5718200000.0,2023,6133200000.0,2023,3495000000.0,2023,695000000.0,2023,410900000.0,2023,0.0,near-term,2030.0,2018.0,35.0,1 and 2,,,,,0.0,1.0,3.0,,,1.0,3500000.0,2023,1518600000.0,2023
PCG,PG&E Corporation,Utilities,Multi-Utilities,0001004980,PG&E Corporation,Utilities,Multi-Utilities,California,30392664064.0,2133597758.0,671189.7,2023,10.0,2023,,,,,24428000000.0,2023,2671000000.0,2023,,,-4967000000.0,2023,9714000000.0,2023,,,0.0,commitment,,,,,,,,,1.0,1.0,3.0,,,0.0,,,0.0,2023
PEG,Public Service Enterprise Group,Utilities,Electric Utilities,0000788784,Public Service Enterprise Group,Utilities,Electric Utilities,New Jersey,36080627712.0,498000000.0,463035.3,2023,2.0,2023,,,,,11237000000.0,2023,3685000000.0,2023,,,481000000.0,2023,3325000000.0,2023,,,0.0,,,,,,1.0,,,,1.0,1.0,3.0,,,1.0,0.0,2023,1137000000.0,2023
PEP,PepsiCo,Consumer Staples,Soft Drinks & Non-alcoholic Beverages,0000077476,PepsiCo,Consumer Staples,Soft Drinks & Non-alcoholic Beverages,New York,186213122048.0,1383000000.0,317942.6,2023,10.0,2023,41881000000.0,2023,,,91471000000.0,2023,11986000000.0,2023,14934000000.0,2023,7924000000.0,2023,5518000000.0,2023,804000000.0,2023,1.0,near-term,2030.0,2022.0,50.0,1 and 2,,,,,1.0,1.0,3.0,12.0,13.0,0.0,1000000000.0,2023,6682000000.0,2023
PFE,Pfizer,Health Care,Pharmaceuticals,0000078003,Pfizer,Health Care,Pharmaceuticals,New York,157994942464.0,5709000000.0,225796.4,2023,3.0,2023,24954000000.0,2023,,,59553000000.0,2023,1058000000.0,2023,7348000000.0,2023,4793000000.0,2023,3907000000.0,2023,,,0.0,near-term,2030.0,2019.0,46.0,1 and 2,,,,,1.0,0.0,1.0,,,1.0,0.0,2023,,
PFG,Principal Financial Group,Financials,Life & Health Insurance,0001126328,Principal Financial Group,Financials,Life & Health Insurance,Iowa,24871464960.0,236438294.0,,,,,,,,,13665800000.0,2023,,,,,,,,,,,0.0,commitment,,,,,,,,,1.0,1.0,3.0,,,1.0,740400000.0,2023,625500000.0,2023
PG,Procter & Gamble,Consumer Staples,Personal Care Products,0000080424,Procter & Gamble,Consumer Staples,Personal Care Products,Ohio,337414619136.0,2483900000.0,1660556.1,2023,10.0,2023,42760000000.0,2023,,,82006000000.0,2023,18134000000.0,2023,20848000000.0,2023,13786000000.0,2023,3062000000.0,2023,2000000000.0,2023,0.0,near-term,2030.0,2015.0,63.0,1 and 2,,,,,1.0,1.0,3.0,,,1.0,7353000000.0,2023,8999000000.0,2023
PGR,Progressive Corporation,Financials,Property & Casualty Insurance,0000080661,Progressive Corporation,Financials,Property & Casualty Insurance,Ohio,126458986496.0,587500000.0,,,,,,,,,62109000000.0,2023,4904000000.0,2023,,,10391000000.0,2023,252000000.0,2023,,,0.0,,,,,,1.0,1.0,limited,1.0,1.0,1.0,3.0,,,1.0,,,234000000.0,2023
PH,Parker Hannifin,Industrials,Industrial Machinery & Supplies & Components,0000076334,Parker Hannifin,Industrials,Industrial Machinery & Supplies & Components,Ohio,119774085120.0,129900000.0,,,,,12636000000.0,2023,,,19065000000.0,2023,3404000000.0,2023,,,2599000000.0,2023,381000000.0,2023,258000000.0,2023,0.0,near-term,2030.0,2019.0,46.2,1 and 2,,,,,1.0,0.0,3.0,,,1.0,297000000.0,2023,704000000.0,2023
PHM,PulteGroup,Consumer Discretionary,Homebuilding,0000822416,PulteGroup,Consumer Discretionary,Homebuilding,Georgia,22526916608.0,212557522.0,,,,,,,,,16061578000.0,2023,,,,,2104561000.0,2023,92201000.0,2023,,,0.0,,,,,,,,,,1.0,1.0,3.0,,,0.0,1000000000.0,2023,142459000.0,2023
PKG,Packaging Corporation of America,Materials,Paper & Plastic Packaging Products & Materials,0000075677,Packaging Corporation of America,Materials,Paper & Plastic Packaging Products & Materials,Illinois,20884639744.0,89500000.0,1498344.2,2023,8.0,2023,6103500000.0,2023,,,7802400000.0,2023,1075100000.0,2023,1592800000.0,2023,845400000.0,2023,469700000.0,2023,,,0.0,,,,,,,,,,0.0,0.0,3.0,,,0.0,41500000.0,2023,448900000.0,2023
PLD,Prologis,Real Estate,Industrial REITs,0001045609,Prologis,Real Estate,Industrial REITs,California,131961405440.0,924391000.0,,,,,,,,,8023469000.0,2023,3707792000.0,2023,6192683000.0,2023,,,,,,,1.0,near-term,2030.0,2019.0,90.0,1 and 2,,,,,1.0,1.0,3.0,,,1.0,,,3228589000.0,2023
PLTR,Palantir Technologies,Information Technology,Application Software,0001321655,Palantir Technologies,Information Technology,Application Software,Florida,401863442432.0,2200128000.0,,,,,431105000.0,2023,,,2225012000.0,2023,119966000.0,2023,153320000.0,2023,697069000.0,2023,15114000.0,2023,404624000.0,2023,0.0,commitment,,,,,,,,,1.0,0.0,,,,0.0,0.0,2023,,
PM,Philip Morris International,Consumer Staples,Tobacco,0001413329,Philip Morris International,Consumer Staples,Tobacco,New York,297788669952.0,1553000000.0,,,,,12893000000.0,2023,,,35174000000.0,2023,11556000000.0,2023,12954000000.0,2023,7883000000.0,2023,1321000000.0,2023,709000000.0,2023,1.0,near-term,2030.0,2019.0,50.0,1 and 2,,1.0,limited,,1.0,1.0,3.0,,,1.0,0.0,2023,7964000000.0,2023
PNC,PNC Financial Services,Financials,Diversified Banks,0000713676,PNC Financial Services,Financials,Diversified Banks,Pennsylvania,97438007296.0,401000000.0,,,,,,,,,21490000000.0,2023,6736000000.0,2023,7885000000.0,2023,,,,,,,0.0,,,,,,,,,,1.0,1.0,3.0,,,1.0,651000000.0,2023,2461000000.0,2023
PNR,Pentair,Industrials,Industrial Machinery & Supplies & Components,0000077360,Pentair,Industrials,Industrial Machinery & Supplies & Components,United Kingdom,9030168576.0,166300000.0,,,,,2585300000.0,2023,,,4104500000.0,2023,739200000.0,2023,,,543200000.0,2023,76000000.0,2023,99800000.0,2023,0.0,,,,,,,,,,1.0,1.0,1.0,,,0.0,0.0,2023,145200000.0,2023
PNW,Pinnacle West Capital,Utilities,Multi-Utilities,0000764622,Pinnacle West Capital,Utilities,Multi-Utilities,Arizona,11647053824.0,113804000.0,10549462.6,2023,10.0,2023,,,,,4695991000.0,2023,824640000.0,2023,1678776000.0,2023,-638673000.0,2023,1846370000.0,2023,,,0.0,,,,,,,,,,1.0,0.0,3.0,9.0,10.0,1.0,4093000.0,2023,386486000.0,2023
PODD,Insulet Corporation,Health Care,Health Care Equipment,0001145197,Insulet Corporation,Health Care,Health Care Equipment,Massachusetts,9151980544.0,69907289.0,,,,,537200000.0,2023,,,1697100000.0,2023,220100000.0,2023,292900000.0,2023,70100000.0,2023,75600000.0,2023,205000000.0,2023,0.0,,,,,,,,,,1.0,1.0,3.0,,,1.0,0.0,2023,,
PPG,PPG Industries,Materials,Specialty Chemicals,0000079879,PPG Industries,Materials,Specialty Chemicals,Pennsylvania,23452649472.0,235210854.0,198603.0,2023,3.0,2023,9678000000.0,2023,,,16242000000.0,2023,2675000000.0,2023,3189000000.0,2023,1895000000.0,2023,516000000.0,2023,446000000.0,2023,0.0,near-term,2030.0,2019.0,50.0,1 and 2,,,,,1.0,1.0,3.0,11.0,12.0,1.0,86000000.0,2023,598000000.0,2023
PPL,PPL Corporation,Utilities,Electric Utilities,0000922224,PPL Corporation,Utilities,Electric Utilities,Pennsylvania,25646729216.0,737130000.0,26919146.4,2023,9.0,2023,,,6682000000.0,2023,8312000000.0,2023,1630000000.0,2023,,,-632000000.0,2023,2390000000.0,2023,,,0.0,,,,,,1.0,,,,1.0,0.0,3.0,,,1.0,0.0,2023,704000000.0,2023
PRU,Prudential Financial,Financials,Life & Health Insurance,0001137774,Prudential Financial,Financials,Life & Health Insurance,New Jersey,41137799168.0,364600000.0,,,,,,,,,53979000000.0,2023,,,,,,,,,,,0.0,,,,,,1.0,,,,1.0,0.0,3.0,,,1.0,1012000000.0,2023,1846000000.0,2023
PSA,Public Storage,Real Estate,Self-Storage REITs,0001393311,Public Storage,Real Estate,Self-Storage REITs,California,55401701376.0,175670727.0,,,,,,,,,4517690000.0,2023,2170941000.0,2023,3140997000.0,2023,,,,,,,0.0,,,,,,,,,1.0,1.0,0.0,3.0,,,1.0,0.0,2023,,
PSKY,Paramount Skydance Corporation,Communication Services,Movies & Entertainment,0002041610,Paramount Skydance Corporation,Communication Services,Movies & Entertainment,California,11892625408.0,652000000.0,,,,,,,,,29652000000.0,2023,-451000000.0,2023,-33000000.0,2023,147000000.0,2023,328000000.0,2023,,,0.0,,,,,,,,,,,,,,,,,,389000000.0,2023
PSX,Phillips 66,Energy,Oil & Gas Refining & Marketing,0001534701,Phillips 66,Energy,Oil & Gas Refining & Marketing,Texas,104030609408.0,453210000.0,27912481.3,2023,63.0,2023,128086000000.0,2023,,,147399000000.0,2023,,,,,,,,,27000000.0,2023,0.0,,,,,,,,,,1.0,1.0,3.0,,,1.0,4014000000.0,2023,1882000000.0,2023
PTC,PTC Inc.,Information Technology,Application Software,0000857005,PTC Inc.,Information Technology,Application Software,Massachusetts,14190448640.0,118846000.0,,,,,441006000.0,2023,,,2097053000.0,2023,458474000.0,2023,563234000.0,2023,587047000.0,2023,23814000.0,2023,394370000.0,2023,1.0,net-zero,2030.0,2022.0,50.0,1 and 2,,,,,1.0,1.0,3.0,,,1.0,0.0,2023,,
PWR,Quanta Services,Industrials,Construction & Engineering,0001050915,Quanta Services,Industrials,Construction & Engineering,Texas,97810407424.0,145508549.0,,,,,17945120000.0,2023,,,20882206000.0,2023,1127976000.0,2023,,,1141149000.0,2023,434803000.0,2023,,,0.0,,,,,,,1.0,reasonable,,1.0,1.0,3.0,,,0.0,350000.0,2023,47752000.0,2023
PYPL,PayPal,Financials,Transaction & Payment Processing Services,0001633917,PayPal,Financials,Transaction & Payment Processing Services,California,45955358720.0,1072000000.0,,,,,,,,,29771000000.0,2023,5028000000.0,2023,6100000000.0,2023,4220000000.0,2023,623000000.0,2023,,,0.0,near-term,2025.0,2019.0,25.0,1 and 2,,,,,1.0,1.0,3.0,10.0,11.0,1.0,5002000000.0,2023,0.0,2023
Q,Qnity Electronics,Information Technology,Semiconductor Materials & Equipment,0002058873,Qnity Electronics,Information Technology,Semiconductor Materials & Equipment,Delaware,26443960320.0,209400000.0,,,,,2280000000.0,2023,,,4035000000.0,2023,632000000.0,2023,1035000000.0,2023,651000000.0,2023,231000000.0,2023,303000000.0,2023,0.0,,,,,,,,,,1.0,1.0,,9.0,10.0,0.0,,,0.0,2023
QCOM,Qualcomm,Information Technology,Semiconductors,0000804328,Qualcomm,Information Technology,Semiconductors,California,194354970624.0,1114000000.0,48566.8,2023,2.0,2023,15869000000.0,2023,,,35820000000.0,2023,7788000000.0,2023,9597000000.0,2023,9849000000.0,2023,1450000000.0,2023,8818000000.0,2023,1.0,net-zero,2030.0,2020.0,50.0,1 and 2,,,,,1.0,1.0,3.0,,,1.0,2973000000.0,2023,,
RCL,Royal Caribbean Group,Consumer Discretionary,"Hotels, Resorts & Cruise Lines",0000884887,Royal Caribbean Group,Consumer Discretionary,"Hotels, Resorts & Cruise Lines",Florida,69574991872.0,283000000.0,,,,,7775000000.0,2023,,,13900000000.0,2023,2878000000.0,2023,4333000000.0,2023,580000000.0,2023,3897000000.0,2023,,,0.0,,,,,,,,,,1.0,1.0,3.0,,,1.0,0.0,2023,0.0,2023
RDDT,Reddit,Communication Services,Interactive Media & Services,0001713445,Reddit,Communication Services,Interactive Media & Services,California,30354399232.0,59138086.0,,,,,111011000.0,2023,,,804029000.0,2023,-140161000.0,2023,-126459000.0,2023,-84838000.0,2023,9724000.0,2023,438346000.0,2023,0.0,,,,,,,,,,1.0,0.0,,7.0,8.0,1.0,,,,
REG,Regency Centers,Real Estate,Retail REITs,0000910606,Regency Centers,Real Estate,Retail REITs,Florida,13950861312.0,184581070.0,,,,,,,,,1322466000.0,2023,951288000.0,2023,1303570000.0,2023,,,,,,,0.0,near-term,2030.0,,,,,,,,1.0,0.0,,,,1.0,20006000.0,2023,453065000.0,2023
REGN,Regeneron Pharmaceuticals,Health Care,Biotechnology,0000872589,Regeneron Pharmaceuticals,Health Care,Biotechnology,New York,80458293248.0,113700000.0,,,,,,,,,13117200000.0,2023,4047100000.0,2023,4468100000.0,2023,3875400000.0,2023,718600000.0,2023,4439000000.0,2023,0.0,,,,,,,,,,1.0,1.0,5.0,,,1.0,2235000000.0,2023,0.0,2023
RF,Regions Financial Corporation,Financials,Regional Banks,0001281761,Regions Financial Corporation,Financials,Regional Banks,Alabama,25668636672.0,938000000.0,,,,,,,,,6897000000.0,2023,212000000.0,2023,448000000.0,2023,,,,,,,0.0,,,,,,,,,,1.0,1.0,3.0,,,1.0,252000000.0,2023,787000000.0,2023
RJF,Raymond James Financial,Financials,Investment Banking & Brokerage,0000720005,Raymond James Financial,Financials,Investment Banking & Brokerage,Florida,33321666560.0,208800000.0,,,,,,,,,12992000000.0,2023,2280000000.0,2023,2445000000.0,2023,-3687000000.0,2023,173000000.0,2023,,,0.0,,,,,,,,,,1.0,0.0,,,,1.0,,,,
RL,Ralph Lauren Corporation,Consumer Discretionary,"Apparel, Accessories & Luxury Goods",0001037038,Ralph Lauren Corporation,Consumer Discretionary,"Apparel, Accessories & Luxury Goods",New York,20203741184.0,66500000.0,,,,,2199600000.0,2023,,,6631400000.0,2023,756400000.0,2023,985400000.0,2023,904900000.0,2023,164800000.0,2023,,,0.0,near-term,,,30.0,"1, 2, and 3",,,,,1.0,1.0,3.0,,,1.0,449700000.0,2023,194600000.0,2023
RMD,ResMed|,Health Care,Health Care Equipment,0000943819,ResMed|,Health Care,Health Care Equipment,California,31485952000.0,147064349.0,,,,,1867331000.0,2023,,,4222993000.0,2023,1131871000.0,2023,1297027000.0,2023,573627000.0,2023,119672000.0,2023,287642000.0,2023,0.0,commitment,,,,,,,,,1.0,1.0,3.0,9.0,11.0,1.0,0.0,2023,258276000.0,2023
ROK,Rockwell Automation,Industrials,Electrical Components & Equipment,0001024478,Rockwell Automation,Industrials,Electrical Components & Equipment,Wisconsin,47668649984.0,114800000.0,,,,,4635000000.0,2023,,,9058000000.0,2023,1929000000.0,2023,2179000000.0,2023,1213500000.0,2023,160500000.0,2023,706000000.0,2023,1.0,net-zero,2033.0,2024.0,54.6,1 and 2,,,,,1.0,1.0,,,,1.0,312000000.0,2023,542000000.0,2023
ROL,"Rollins, Inc.",Industrials,Environmental & Facilities Services,0000084839,"Rollins, Inc.",Industrials,Environmental & Facilities Services,Georgia,16710179840.0,484080014.0,,,,,,,,,3073278000.0,2023,583226000.0,2023,682978000.0,2023,495901000.0,2023,32465000.0,2023,,,0.0,,,,,,,,,,1.0,1.0,3.0,,,1.0,315013000.0,2023,264348000.0,2023
ROP,Roper Technologies,Information Technology,Electronic Equipment & Instruments,0000882835,Roper Technologies,Information Technology,Electronic Equipment & Instruments,Florida,38424965120.0,106900000.0,,,,,1870600000.0,2023,,,6177800000.0,2023,1745200000.0,2023,2500400000.0,2023,,,,,646100000.0,2023,0.0,commitment,,,,,,,,,1.0,1.0,3.0,,,0.0,0.0,2023,290200000.0,2023
ROST,Ross Stores,Consumer Discretionary,Apparel Retail,0000745732,Ross Stores,Consumer Discretionary,Apparel Retail,California,74017030144.0,335172000.0,,,,,14801601000.0,2023,,,20376941000.0,2023,2307663000.0,2023,2727095000.0,2023,1751678000.0,2023,762812000.0,2023,,,0.0,,,,,,1.0,,,,1.0,1.0,,,,1.0,949996000.0,2023,454814000.0,2023
RSG,Republic Services,Industrials,Environmental & Facilities Services,0001060391,Republic Services,Industrials,Environmental & Facilities Services,Arizona,68205883392.0,316665000.0,10721712.3,2023,177.0,2023,8943000000.0,2023,,,17279000000.0,2023,2780000000.0,2023,4281000000.0,2023,1987000000.0,2023,1631000000.0,2023,,,0.0,near-term,2030.0,,,,,,,,1.0,1.0,3.0,,,0.0,262000000.0,2023,638000000.0,2023
RTX,RTX Corporation,Industrials,Aerospace & Defense,0000101829,RTX Corporation,Industrials,Aerospace & Defense,Massachusetts,266424811520.0,1435400000.0,154646.3,2023,3.0,2023,,,,,68920000000.0,2023,3561000000.0,2023,7772000000.0,2023,5468000000.0,2023,2415000000.0,2023,2805000000.0,2023,0.0,,,,,,,,,,1.0,1.0,3.0,,,1.0,12870000000.0,2023,3239000000.0,2023
RVTY,Revvity,Health Care,Health Care Equipment,0000031791,Revvity,Health Care,Health Care Equipment,Massachusetts,13871304704.0,123426000.0,,,,,,,,,2750571000.0,2023,300562000.0,2023,732331000.0,2023,9904000.0,2023,81368000.0,2023,216578000.0,2023,0.0,commitment,,,,,,,,,1.0,0.0,3.0,9.0,10.0,1.0,388882000.0,2023,34966000.0,2023
SBAC,SBA Communications,Real Estate,Telecom Tower REITs,0001034054,SBA Communications,Real Estate,Telecom Tower REITs,Florida,19676162048.0,108050000.0,,,,,139935000.0,2023,,,2711584000.0,2023,923659000.0,2023,1639968000.0,2023,1307695000.0,2023,236698000.0,2023,,,0.0,near-term,2033.0,2023.0,54.6,1 and 2,,,,,1.0,1.0,3.0,,,1.0,100010000.0,2023,369960000.0,2023
SBUX,Starbucks,Consumer Discretionary,Restaurants,0000829224,Starbucks,Consumer Discretionary,Restaurants,Washington,112563601408.0,1142600000.0,,,,,,,,,35975600000.0,2023,5870800000.0,2023,7321100000.0,2023,3675100000.0,2023,2333600000.0,2023,,,0.0,near-term,,,,,,1.0,reasonable,,1.0,0.0,,,,1.0,984400000.0,2023,2431800000.0,2023
SCHW,Charles Schwab Corporation,Financials,Investment Banking & Brokerage,0000316709,Charles Schwab Corporation,Financials,Investment Banking & Brokerage,Texas,185471254528.0,1831000000.0,,,,,,,,,18837000000.0,2023,6378000000.0,2023,7182000000.0,2023,18887000000.0,2023,700000000.0,2023,,,0.0,,,,,,,,,,1.0,1.0,3.0,,,1.0,2842000000.0,2023,2276000000.0,2023
SHW,Sherwin-Williams,Materials,Specialty Chemicals,0000089800,Sherwin-Williams,Materials,Specialty Chemicals,Ohio,78486134784.0,254500000.0,,,,,12293800000.0,2023,,,23051900000.0,2023,4161700000.0,2023,,,2633500000.0,2023,888400000.0,2023,,,0.0,,,,,,,,,,1.0,1.0,3.0,,,1.0,,,623700000.0,2023
SJM,J.M. Smucker Company (The),Consumer Staples,Packaged Foods & Meats,0000091419,J.M. Smucker Company (The),Consumer Staples,Packaged Foods & Meats,Ohio,12940560384.0,106194281.0,,,,,5063300000.0,2023,,,8178700000.0,2023,1305800000.0,2023,,,642900000.0,2023,586500000.0,2023,,,0.0,near-term,2030.0,2019.0,28.0,1 and 2,,,,,1.0,0.0,3.0,,,1.0,372800000.0,2023,437500000.0,2023
SLB,Schlumberger,Energy,Oil & Gas Equipment & Services,0000087347,Schlumberger,Energy,Oil & Gas Equipment & Services,Texas,83201073152.0,1427000000.0,,,,,,,,,33135000000.0,2023,6523000000.0,2023,8835000000.0,2023,4698000000.0,2023,1939000000.0,2023,711000000.0,2023,0.0,,,,,,,,,,1.0,1.0,3.0,,,1.0,,,1317000000.0,2023
SMCI,Supermicro,Information Technology,"Technology Hardware, Storage & Peripherals",0001375365,Supermicro,Information Technology,"Technology Hardware, Storage & Peripherals",California,26344310784.0,529014000.0,,,,,5840470000.0,2023,,,7123482000.0,2023,761142000.0,2023,788042000.0,2023,626787000.0,2023,36793000.0,2023,307260000.0,2023,0.0,,,,,,,,,,1.0,1.0,,,,1.0,,,,
SNA,Snap-on,Industrials,Industrial Machinery & Supplies & Components,0000091440,Snap-on,Industrials,Industrial Machinery & Supplies & Components,Wisconsin,19420432384.0,53900000.0,,,,,,,,,5108300000.0,2023,1310400000.0,2023,1409700000.0,2023,,,,,64700000.0,2023,0.0,,,,,,,,,1.0,1.0,1.0,3.0,,,1.0,294700000.0,2023,355600000.0,2023
SNDK,Sandisk,Information Technology,"Technology Hardware, Storage & Peripherals",0002023554,Sandisk,Information Technology,"Technology Hardware, Storage & Peripherals",California,239153479680.0,145000000.0,,,,,5656000000.0,2023,,,6086000000.0,2023,-2035000000.0,2023,-1587000000.0,2023,-932000000.0,2023,219000000.0,2023,1167000000.0,2023,0.0,commitment,,,,,,,,,1.0,1.0,3.0,6.0,7.0,1.0,,,,
SNPS,Synopsys,Information Technology,Application Software,0000883241,Synopsys,Information Technology,Application Software,California,76152569856.0,152053000.0,,,,,1030843000.0,2023,,,5318014000.0,2023,1273239000.0,2023,1520359000.0,2023,1513656000.0,2023,189618000.0,2023,1849935000.0,2023,0.0,near-term,2032.0,2019.0,55.0,1 and 2,,,,,1.0,1.0,3.0,,,1.0,1160724000.0,2023,,
SO,Southern Company,Utilities,Electric Utilities,0000092122,Southern Company,Utilities,Electric Utilities,Georgia,100277141504.0,1098000000.0,76660447.7,2023,54.0,2023,,,,,25253000000.0,2023,5826000000.0,2023,10812000000.0,2023,-1542000000.0,2023,9095000000.0,2023,,,0.0,,,,,,,,,,1.0,1.0,3.0,11.0,12.0,1.0,,,3035000000.0,2023
SOLV,Solventum,Health Care,Health Care Technology,0001964738,Solventum,Health Care,Health Care Technology,Minnesota,14886064128.0,0.0,,,,,,,,,8197000000.0,2023,1692000000.0,2023,2253000000.0,2023,1625000000.0,2023,290000000.0,2023,758000000.0,2023,0.0,commitment,,,,,,,,,1.0,1.0,3.0,,,1.0,,,,
SPG,Simon Property Group,Real Estate,Retail REITs,0001063761,Simon Property Group,Real Estate,Retail REITs,Indiana,77758283776.0,326807326.0,,,,,,,,,5658836000.0,2023,2807022000.0,2023,4069129000.0,2023,3137510000.0,2023,793283000.0,2023,,,0.0,near-term,2035.0,2019.0,68.0,1 and 2,,,,,1.0,0.0,1.0,,,1.0,140593000.0,2023,,
SPGI,S&P Global,Financials,Financial Exchanges & Data,0000064040,S&P Global,Financials,Financial Exchanges & Data,New York,121077309440.0,314100000.0,,,,,4141000000.0,2023,,,12497000000.0,2023,4020000000.0,2023,5163000000.0,2023,3567000000.0,2023,143000000.0,2023,,,1.0,near-term,2025.0,2019.0,90.0,"1, 2, and 3",,,,,1.0,1.0,3.0,,,0.0,3301000000.0,2023,1147000000.0,2023
SRE,Sempra,Utilities,Multi-Utilities,0001032208,Sempra,Utilities,Multi-Utilities,California,54496051200.0,631431732.0,,,,,,,,,16720000000.0,2023,3260000000.0,2023,5487000000.0,2023,-2179000000.0,2023,8397000000.0,2023,,,0.0,,,,,,,,,,1.0,1.0,3.0,9.0,11.0,1.0,32000000.0,2023,1483000000.0,2023
STE,Steris,Health Care,Health Care Equipment,0001757898,Steris,Health Care,Health Care Equipment,Ireland,20549122048.0,98883000.0,,,,,2920500000.0,2023,,,5138700000.0,2023,836100000.0,2023,1401300000.0,2023,613000000.0,2023,360300000.0,2023,103700000.0,2023,0.0,commitment,,,,,,,,,1.0,0.0,,,,0.0,11800000.0,2023,200600000.0,2023
STLD,Steel Dynamics,Materials,Steel,0001022671,Steel Dynamics,Materials,Steel,Indiana,34368643072.0,160018100.0,2569896.6,2023,11.0,2023,14749433000.0,2023,,,18795316000.0,2023,3151181000.0,2023,3588985000.0,2023,1862023000.0,2023,1657905000.0,2023,,,0.0,,,,,,1.0,1.0,reasonable,,1.0,0.0,3.0,,,1.0,1452203000.0,2023,271317000.0,2023
STT,State Street Corporation,Financials,Asset Management & Custody Banks,0000093751,State Street Corporation,Financials,Asset Management & Custody Banks,Massachusetts,53127319552.0,301944043.0,,,,,,,,,11945000000.0,2023,2316000000.0,2023,,,-126000000.0,2023,816000000.0,2023,,,0.0,,,,,,,,,,1.0,1.0,3.0,12.0,13.0,1.0,3781000000.0,2023,970000000.0,2023
STX,Seagate Technology,Information Technology,"Technology Hardware, Storage & Peripherals",0001137789,Seagate Technology,Information Technology,"Technology Hardware, Storage & Peripherals",Ireland,188774842368.0,207389381.0,,,,,6033000000.0,2023,,,7384000000.0,2023,-342000000.0,2023,171000000.0,2023,626000000.0,2023,316000000.0,2023,797000000.0,2023,0.0,near-term,,,,,,1.0,reasonable,1.0,1.0,1.0,3.0,,,1.0,408000000.0,2023,582000000.0,2023
STZ,Constellation Brands,Consumer Staples,Distillers & Vintners,0000016918,Constellation Brands,Consumer Staples,Distillers & Vintners,New York,20914993152.0,170752511.0,,,,,4944300000.0,2023,,,9961800000.0,2023,3169700000.0,2023,3598900000.0,2023,1510900000.0,2023,1269100000.0,2023,,,0.0,,,,,,,,,,1.0,1.0,3.0,,,1.0,249700000.0,2023,653800000.0,2023
SW,Smurfit Westrock,Materials,Paper & Plastic Packaging Products & Materials,0002005951,Smurfit Westrock,Materials,Paper & Plastic Packaging Products & Materials,Ireland,22669881344.0,260354342.0,,,,,9039000000.0,2023,,,12093000000.0,2023,1372000000.0,2023,1952000000.0,2023,630000000.0,2023,929000000.0,2023,,,0.0,,,,,,1.0,,,,1.0,1.0,3.0,10.0,12.0,0.0,30000000.0,2023,391000000.0,2023
SWK,Stanley Black & Decker,Industrials,Industrial Machinery & Supplies & Components,0000093556,Stanley Black & Decker,Industrials,Industrial Machinery & Supplies & Components,Connecticut,13476724736.0,153620088.0,,,,,11848500000.0,2023,,,15781100000.0,2023,-375700000.0,2023,56700000.0,2023,852600000.0,2023,338700000.0,2023,362000000.0,2023,0.0,near-term,2030.0,2022.0,42.0,1 and 2,,,,,1.0,1.0,3.0,,,1.0,16100000.0,2023,482600000.0,2023
SWKS,Skyworks Solutions,Information Technology,Semiconductors,0000004127,Skyworks Solutions,Information Technology,Semiconductors,California,13294270464.0,159500000.0,24116.7,2023,1.0,2023,2665100000.0,2023,,,4772400000.0,2023,1125000000.0,2023,,,1646100000.0,2023,210300000.0,2023,606800000.0,2023,0.0,,,,,,,,,1.0,1.0,0.0,4.0,,,1.0,175300000.0,2023,405200000.0,2023
SYF,Synchrony Financial,Financials,Consumer Finance,0001601712,Synchrony Financial,Financials,Consumer Finance,Connecticut,24724930560.0,406875775.0,,,,,,,,,,,2904000000.0,2023,3362000000.0,2023,,,,,,,0.0,,,,,,,,,,1.0,1.0,3.0,,,1.0,1112000000.0,2023,406000000.0,2023
SYK,Stryker Corporation,Health Care,Health Care Equipment,0000310764,Stryker Corporation,Health Care,Health Care Equipment,Michigan,105697386496.0,383700000.0,,,,,7440000000.0,2023,,,20498000000.0,2023,3888000000.0,2023,5229000000.0,2023,3136000000.0,2023,575000000.0,2023,1388000000.0,2023,0.0,commitment,,,,,,,,,1.0,1.0,3.0,,,1.0,,,1139000000.0,2023
SYY,Sysco,Consumer Staples,Food Distributors,0000096021,Sysco,Consumer Staples,Food Distributors,Texas,39865577472.0,509719756.0,,,,,62370000000.0,2023,,,76325000000.0,2023,3039000000.0,2023,3815000000.0,2023,2075000000.0,2023,793000000.0,2023,,,0.0,near-term,2030.0,2019.0,27.5,1 and 2,,1.0,limited,,1.0,1.0,3.0,,,1.0,500000000.0,2023,996000000.0,2023
T,AT&T,Communication Services,Integrated Telecommunication Services,0000732717,AT&T,Communication Services,Integrated Telecommunication Services,Texas,178573164544.0,7258000000.0,,,,,,,,,122428000000.0,2023,23461000000.0,2023,42238000000.0,2023,20461000000.0,2023,17853000000.0,2023,,,0.0,near-term,2030.0,,,,,,,,1.0,1.0,3.0,,,1.0,194000000.0,2023,8136000000.0,2023
TAP,Molson Coors Beverage Company,Consumer Staples,Brewers,0000024545,Molson Coors Beverage Company,Consumer Staples,Brewers,Illinois,7258651648.0,217300000.0,377025.7,2023,6.0,2023,7333300000.0,2023,,,13884600000.0,2023,1438200000.0,2023,2121000000.0,2023,1407500000.0,2023,671500000.0,2023,,,0.0,,,,,,,,,,1.0,1.0,3.0,,,0.0,205800000.0,2023,354700000.0,2023
TDG,TransDigm Group,Industrials,Aerospace & Defense,0001260221,TransDigm Group,Industrials,Aerospace & Defense,Ohio,63032922112.0,57200000.0,,,,,2743000000.0,2023,,,6585000000.0,2023,2923000000.0,2023,3191000000.0,2023,1236000000.0,2023,139000000.0,2023,105000000.0,2023,0.0,,,,,,,,,,1.0,0.0,,8.0,10.0,1.0,0.0,2023,38000000.0,2023
TDY,Teledyne Technologies,Information Technology,Electronic Equipment & Instruments,0001094285,Teledyne Technologies,Information Technology,Electronic Equipment & Instruments,California,27989090304.0,47331845.0,,,,,3196100000.0,2023,,,5635500000.0,2023,1034400000.0,2023,1350800000.0,2023,721200000.0,2023,114900000.0,2023,356300000.0,2023,0.0,,,,,,,,,1.0,1.0,1.0,3.0,,,1.0,0.0,2023,,
TECH,Bio-Techne,Health Care,Life Sciences Tools & Services,0000842023,Bio-Techne,Health Care,Life Sciences Tools & Services,Minnesota,11309731840.0,157641914.0,,,,,366887000.0,2023,,,1136702000.0,2023,298944000.0,2023,406182000.0,2023,216149000.0,2023,38244000.0,2023,,,0.0,near-term,2031.0,2025.0,70.0,1 and 2,,1.0,limited,,1.0,1.0,3.0,,,1.0,19562000.0,2023,50285000.0,2023
TEL,TE Connectivity,Information Technology,Electronic Manufacturing Services,0001385157,TE Connectivity,Information Technology,Electronic Manufacturing Services,Ireland,61365223424.0,317000000.0,,,,,10979000000.0,2023,,,16034000000.0,2023,2304000000.0,2023,3098000000.0,2023,2400000000.0,2023,732000000.0,2023,593000000.0,2023,0.0,near-term,2032.0,,,,,1.0,reasonable,,1.0,1.0,3.0,,,0.0,945000000.0,2023,725000000.0,2023
TER,Teradyne,Information Technology,Semiconductor Materials & Equipment,0000097210,Teradyne,Information Technology,Semiconductor Materials & Equipment,Massachusetts,59365711872.0,152698000.0,,,,,1139550000.0,2023,,,2676298000.0,2023,501068000.0,2023,611954000.0,2023,425589000.0,2023,159642000.0,2023,,,1.0,near-term,2030.0,2024.0,42.0,1 and 2,,,,,1.0,1.0,3.0,,,0.0,397241000.0,2023,67878000.0,2023
TFC,Truist Financial,Financials,Diversified Banks,0000092230,Truist Financial,Financials,Diversified Banks,North Carolina,61569966080.0,1333743000.0,,,,,,,,,24452000000.0,2023,-765000000.0,2023,,,,,,,,,0.0,,,,,,1.0,,,,1.0,1.0,3.0,,,1.0,0.0,2023,2770000000.0,2023
TGT,Target Corporation,Consumer Staples,Consumer Staples Merchandise Retail,0000027419,Target Corporation,Consumer Staples,Consumer Staples Merchandise Retail,Minnesota,70793060352.0,461675441.0,,,,,77828000000.0,2023,,,107412000000.0,2023,5707000000.0,2023,8508000000.0,2023,3815000000.0,2023,4806000000.0,2023,,,0.0,near-term,2030.0,,,,,,,,1.0,1.0,3.0,,,1.0,0.0,2023,2011000000.0,2023
TJX,TJX Companies,Consumer Discretionary,Apparel Retail,0000109198,TJX Companies,Consumer Discretionary,Apparel Retail,Massachusetts,138618716160.0,1133586545.0,,,,,37951000000.0,2023,,,54217000000.0,2023,5967000000.0,2023,6931000000.0,2023,4335000000.0,2023,1722000000.0,2023,,,0.0,,,,,,,,,,1.0,1.0,3.0,,,1.0,2484000000.0,2023,1484000000.0,2023
TKO,TKO Group Holdings,Communication Services,Movies & Entertainment,0001973266,TKO Group Holdings,Communication Services,Movies & Entertainment,New York,36019916800.0,82808019.0,,,,,,,,,3224796000.0,2023,375780000.0,2023,599831000.0,2023,,,,,,,0.0,,,,,,,,,,1.0,1.0,,,,1.0,100000000.0,2023,,
TMO,Thermo Fisher Scientific,Health Care,Life Sciences Tools & Services,0000097745,Thermo Fisher Scientific,Health Care,Life Sciences Tools & Services,Massachusetts,225479294976.0,388000000.0,28392.3,2023,1.0,2023,,,,,42857000000.0,2023,6859000000.0,2023,,,6927000000.0,2023,1479000000.0,2023,1337000000.0,2023,1.0,near-term,2030.0,2018.0,50.4,1 and 2,,,,,1.0,1.0,3.0,,,1.0,3000000000.0,2023,523000000.0,2023
TMUS,T-Mobile US,Communication Services,Wireless Telecommunication Services,0001283699,T-Mobile US,Communication Services,Wireless Telecommunication Services,Washington,195580215296.0,1195807331.0,,,,,,,,,78558000000.0,2023,14266000000.0,2023,27084000000.0,2023,8758000000.0,2023,9801000000.0,2023,,,0.0,near-term,2030.0,,,,,,,,1.0,0.0,3.0,,,1.0,13074000000.0,2023,747000000.0,2023
TPL,Texas Pacific Land Corporation,Energy,Oil & Gas Exploration & Production,0001811074,Texas Pacific Land Corporation,Energy,Oil & Gas Exploration & Production,Texas,25458554880.0,23007681.0,,,,,,,,,631595000.0,2023,486053000.0,2023,500810000.0,2023,,,,,,,0.0,,,,,,,,,,1.0,1.0,3.0,,,1.0,42573000.0,2023,99972000.0,2023
TPR,"Tapestry, Inc.",Consumer Discretionary,"Apparel, Accessories & Luxury Goods",0001116132,"Tapestry, Inc.",Consumer Discretionary,"Apparel, Accessories & Luxury Goods",New York,23625920512.0,227400000.0,,,,,1946000000.0,2023,,,6660900000.0,2023,1172400000.0,2023,1354600000.0,2023,791000000.0,2023,184200000.0,2023,,,1.0,net-zero,2030.0,2022.0,75.59,1 and 2,,,,,1.0,0.0,3.0,9.0,10.0,0.0,703500000.0,2023,283300000.0,2023
TRGP,Targa Resources,Energy,Oil & Gas Storage & Transportation,0001389170,Targa Resources,Energy,Oil & Gas Storage & Transportation,Texas,62238605312.0,222611259.0,3858294.2,2023,37.0,2023,10676400000.0,2023,,,16060300000.0,2023,2626200000.0,2023,3955800000.0,2023,826200000.0,2023,2385400000.0,2023,,,0.0,,,,,,,,,,1.0,1.0,3.0,,,1.0,,,,
TRMB,Trimble Inc.,Information Technology,Application Software,0000864749,Trimble Inc.,Information Technology,Application Software,Colorado,13445149696.0,246500000.0,,,,,1465900000.0,2023,,,3798700000.0,2023,448800000.0,2023,699400000.0,2023,555100000.0,2023,42000000.0,2023,664300000.0,2023,0.0,near-term,2030.0,2019.0,50.0,1 and 2,,,,,1.0,1.0,,,,0.0,100000000.0,2023,,
TROW,T. Rowe Price,Financials,Asset Management & Custody Banks,0001113169,T. Rowe Price,Financials,Asset Management & Custody Banks,Maryland,22673342464.0,224800000.0,,,,,,,,,6460500000.0,2023,1986200000.0,2023,,,911200000.0,2023,307900000.0,2023,,,0.0,,,,,,,1.0,limited,1.0,1.0,1.0,3.0,,,1.0,254400000.0,2023,1121700000.0,2023
TRV,Travelers Companies (The),Financials,Property & Casualty Insurance,0000086312,Travelers Companies (The),Financials,Property & Casualty Insurance,New York,78257348608.0,228200000.0,,,,,,,,,41364000000.0,2023,3371000000.0,2023,4093000000.0,2023,,,,,,,0.0,,,,,,,,,,1.0,0.0,3.0,,,1.0,958000000.0,2023,908000000.0,2023
TSCO,Tractor Supply,Consumer Discretionary,Other Specialty Retail,0000916365,Tractor Supply,Consumer Discretionary,Other Specialty Retail,Tennessee,17199534080.0,539878000.0,,,,,9327522000.0,2023,,,14555741000.0,2023,1478912000.0,2023,1871961000.0,2023,580150000.0,2023,753883000.0,2023,,,0.0,commitment,,,,,,,,,1.0,1.0,5.0,9.0,10.0,0.0,594390000.0,2023,449620000.0,2023
TSLA,"Tesla, Inc.",Consumer Discretionary,Automobile Manufacturers,0001318605,"Tesla, Inc.",Consumer Discretionary,Automobile Manufacturers,Texas,1443322658816.0,3185000000.0,80515.2,2023,2.0,2023,79113000000.0,2023,,,96773000000.0,2023,8891000000.0,2023,,,4357000000.0,2023,8899000000.0,2023,3969000000.0,2023,0.0,commitment,,,,,,,,,1.0,1.0,,,,0.0,,,,
TSN,Tyson Foods,Consumer Staples,Packaged Foods & Meats,0000100493,Tyson Foods,Consumer Staples,Packaged Foods & Meats,Arkansas,18638444544.0,284000000.0,1874907.5,2023,34.0,2023,50250000000.0,2023,,,52881000000.0,2023,-395000000.0,2023,934000000.0,2023,-187000000.0,2023,1939000000.0,2023,114000000.0,2023,0.0,near-term,2030.0,,30.0,1 and 2,,,,,1.0,0.0,,10.0,16.0,1.0,,,670000000.0,2023
TT,Trane Technologies,Industrials,Building Products,0001466258,Trane Technologies,Industrials,Building Products,Ireland,97364656128.0,251700000.0,,,,,,,,,17677600000.0,2023,2894000000.0,2023,3242100000.0,2023,2088900000.0,2023,300700000.0,2023,252300000.0,2023,0.0,near-term,2030.0,,,,,1.0,reasonable,,1.0,1.0,3.0,,,1.0,669300000.0,2023,683700000.0,2023
TTD,Trade Desk (The),Communication Services,Advertising,0001671933,Trade Desk (The),Communication Services,Advertising,California,6738081792.0,500182000.0,,,,,365598000.0,2023,,,1946120000.0,2023,200480000.0,2023,280898000.0,2023,551532000.0,2023,46790000.0,2023,411794000.0,2023,0.0,,,,,,,,,,1.0,0.0,,,,1.0,646597000.0,2023,,
TTWO,Take-Two Interactive,Communication Services,Interactive Home Entertainment,0000946581,Take-Two Interactive,Communication Services,Interactive Home Entertainment,New York,40288677888.0,170800000.0,,,,,3107800000.0,2023,,,5349600000.0,2023,-3590600000.0,2023,-3419400000.0,2023,-157800000.0,2023,141700000.0,2023,,,0.0,,,,,,1.0,,,,1.0,0.0,3.0,,,1.0,0.0,2023,,
TXN,Texas Instruments,Information Technology,Semiconductors,0000097476,Texas Instruments,Information Technology,Semiconductors,Texas,245389656064.0,916000000.0,1057774.3,2023,5.0,2023,6500000000.0,2023,,,17519000000.0,2023,7331000000.0,2023,,,1349000000.0,2023,5071000000.0,2023,1863000000.0,2023,0.0,near-term,2030.0,2023.0,42.0,1 and 2,,,,,1.0,0.0,,,,0.0,293000000.0,2023,4557000000.0,2023
TXT,Textron,Industrials,Aerospace & Defense,0000217346,Textron,Industrials,Aerospace & Defense,Rhode Island,13930939392.0,192898000.0,55579.6,2023,2.0,2023,,,,,13683000000.0,2023,1087000000.0,2023,1482000000.0,2023,864000000.0,2023,402000000.0,2023,570000000.0,2023,0.0,,,,,,,,,,1.0,1.0,3.0,9.0,11.0,0.0,1168000000.0,2023,16000000.0,2023
TYL,Tyler Technologies,Information Technology,Application Software,0000860731,Tyler Technologies,Information Technology,Application Software,Texas,13787402240.0,42769000.0,,,,,1090652000.0,2023,,,1951751000.0,2023,218537000.0,2023,372616000.0,2023,359921000.0,2023,20519000.0,2023,,,0.0,,,,,,,,,,1.0,1.0,3.0,,,1.0,0.0,2023,,
UAL,United Airlines Holdings,Industrials,Passenger Airlines,0000100517,United Airlines Holdings,Industrials,Passenger Airlines,Illinois,35644248064.0,328018739.0,,,,,,,12651000000.0,2023,53717000000.0,2023,4211000000.0,2023,6882000000.0,2023,-260000000.0,2023,7171000000.0,2023,,,0.0,near-term,2035.0,,,,,1.0,reasonable,1.0,1.0,1.0,3.0,,,1.0,0.0,2023,,
UBER,Uber,Industrials,Passenger Ground Transportation,0001543151,Uber,Industrials,Passenger Ground Transportation,California,146390286336.0,2071144000.0,,,,,,,,,37281000000.0,2023,1110000000.0,2023,1933000000.0,2023,3362000000.0,2023,223000000.0,2023,3164000000.0,2023,0.0,,,,,,,,,,1.0,1.0,3.0,,,0.0,0.0,2023,,
UDR,"UDR, Inc.",Real Estate,Multi-Family Residential REITs,0000074208,"UDR, Inc.",Real Estate,Multi-Family Residential REITs,Colorado,12901830656.0,329014512.0,,,,,,,,,1627501000.0,2023,635008000.0,2023,1326846000.0,2023,,,,,,,0.0,commitment,,,,,1.0,1.0,,,1.0,1.0,3.0,7.0,8.0,1.0,25009000.0,2023,539852000.0,2023
UHS,Universal Health Services,Health Care,Health Care Facilities,0000352915,Universal Health Services,Health Care,Health Care Facilities,Pennsylvania,10303870976.0,70125000.0,,,,,,,,,14281976000.0,2023,1175381000.0,2023,1743422000.0,2023,524742000.0,2023,743055000.0,2023,,,0.0,,,,,,,,,,1.0,1.0,,,,1.0,547363000.0,2023,55480000.0,2023
ULTA,Ulta Beauty,Consumer Discretionary,Other Specialty Retail,0001403568,Ulta Beauty,Consumer Discretionary,Other Specialty Retail,Illinois,23378931712.0,48324000.0,,,,,6826203000.0,2023,,,11207303000.0,2023,1678029000.0,2023,1921869000.0,2023,1040999000.0,2023,435267000.0,2023,,,0.0,near-term,2030.0,2019.0,90.0,1 and 2,,,,,1.0,0.0,,,,1.0,995738000.0,2023,,
UNH,UnitedHealth Group,Health Care,Managed Health Care,0000731766,UnitedHealth Group,Health Care,Managed Health Care,Minnesota,340269203456.0,924000000.0,,,,,38770000000.0,2023,,,371622000000.0,2023,32358000000.0,2023,36330000000.0,2023,25682000000.0,2023,3386000000.0,2023,,,0.0,near-term,2030.0,2023.0,60.0,1 and 2,,,,,1.0,0.0,3.0,,,1.0,8000000000.0,2023,6761000000.0,2023
UNP,Union Pacific Corporation,Industrials,Rail Transportation,0000100885,Union Pacific Corporation,Industrials,Rail Transportation,Nebraska,168955068416.0,609703814.0,,,,,,,2891000000.0,2023,24119000000.0,2023,9082000000.0,2023,,,4773000000.0,2023,3606000000.0,2023,,,0.0,near-term,2030.0,2018.0,50.4,1 and 2,,,,,1.0,1.0,3.0,,,1.0,705000000.0,2023,3173000000.0,2023
UPS,United Parcel Service,Industrials,Air Freight & Logistics,0001090727,United Parcel Service,Industrials,Air Freight & Logistics,Georgia,85316378624.0,860000000.0,,,,,,,4775000000.0,2023,90958000000.0,2023,9141000000.0,2023,11941000000.0,2023,5080000000.0,2023,5158000000.0,2023,,,0.0,,,,,,,1.0,,,1.0,0.0,3.0,,,1.0,2250000000.0,2023,5372000000.0,2023
URI,United Rentals,Industrials,Trading Companies & Distributors,0001067701,United Rentals,Industrials,Trading Companies & Distributors,Connecticut,61565288448.0,67269577.0,,,,,8519000000.0,2023,,,14332000000.0,2023,3827000000.0,2023,4258000000.0,2023,840000000.0,2023,3864000000.0,2023,,,0.0,,,,,,,,,,1.0,1.0,3.0,9.0,11.0,1.0,1070000000.0,2023,406000000.0,2023
USB,U.S. Bancorp,Financials,Diversified Banks,0000036104,U.S. Bancorp,Financials,Diversified Banks,Minnesota,97907957760.0,1600000000.0,,,,,,,,,28144000000.0,2023,6865000000.0,2023,,,,,,,,,0.0,,,,,,,,,,1.0,1.0,3.0,,,1.0,62000000.0,2023,2970000000.0,2023
V,Visa Inc.,Financials,Transaction & Payment Processing Services,0001403161,Visa Inc.,Financials,Transaction & Payment Processing Services,California,691647676416.0,1704112694.0,,,,,,,,,32653000000.0,2023,21000000000.0,2023,21943000000.0,2023,19696000000.0,2023,1059000000.0,2023,,,1.0,net-zero,2030.0,2019.0,81.22,1 and 2,,,,,1.0,0.0,3.0,,,1.0,12101000000.0,2023,3751000000.0,2023
VEEV,Veeva Systems,Health Care,Health Care Technology,0001393052,Veeva Systems,Health Care,Health Care Technology,California,42484879360.0,161260172.0,,,,,677291000.0,2023,,,2363673000.0,2023,429334000.0,2023,,,,,,,629031000.0,2023,0.0,near-term,2035.0,2024.0,58.8,1 and 2,,1.0,,,1.0,0.0,,,,1.0,0.0,2023,,
VICI,Vici Properties,Real Estate,Hotel & Resort REITs,0001705696,Vici Properties,Real Estate,Hotel & Resort REITs,New York,27339753472.0,1042702763.0,,,,,27089000.0,2023,,,3611988000.0,2023,2548481000.0,2023,,,,,,,,,0.0,,,,,,,,,1.0,1.0,1.0,2.0,,,1.0,,,1583840000.0,2023
VLO,Valero Energy,Energy,Oil & Gas Refining & Marketing,0001035002,Valero Energy,Energy,Oil & Gas Refining & Marketing,Texas,112412639232.0,353000000.0,23517862.3,2023,27.0,2023,131834000000.0,2023,,,144766000000.0,2023,11858000000.0,2023,14559000000.0,2023,7313000000.0,2023,1916000000.0,2023,,,0.0,,,,,,1.0,1.0,limited,,1.0,0.0,3.0,,,1.0,5136000000.0,2023,1452000000.0,2023
VLTO,Veralto,Industrials,Environmental & Facilities Services,0001967680,Veralto,Industrials,Environmental & Facilities Services,Massachusetts,22940952576.0,246300000.0,,,,,2120000000.0,2023,,,5021000000.0,2023,1140000000.0,2023,1227000000.0,2023,909000000.0,2023,54000000.0,2023,225000000.0,2023,0.0,commitment,,,,,1.0,,,,1.0,1.0,3.0,,,1.0,,,0.0,2023
VMC,Vulcan Materials Company,Materials,Construction Materials,0001396009,Vulcan Materials Company,Materials,Construction Materials,Alabama,32749729792.0,132100000.0,,,,,5833400000.0,2023,,,7781900000.0,2023,1427400000.0,2023,2044400000.0,2023,664200000.0,2023,872600000.0,2023,,,0.0,,,,,,,,,,1.0,1.0,3.0,11.0,13.0,1.0,200000000.0,2023,228400000.0,2023
VMRK,Vivmark Residential,Real Estate,Multi-Family Residential REITs,0000906107,Vivmark Residential,Real Estate,Multi-Family Residential REITs,Illinois,50713485312.0,379291417.0,,,,,,,,,,,1160585000.0,2023,,,,,,,,,0.0,,,,,,,,,,1.0,0.0,3.0,,,0.0,49105000.0,2023,990148000.0,2023
VRSK,Verisk Analytics,Industrials,Research & Consulting Services,0001442145,Verisk Analytics,Industrials,Research & Consulting Services,New Jersey,22933489664.0,143308729.0,,,,,876500000.0,2023,,,2681400000.0,2023,1131700000.0,2023,1338500000.0,2023,830700000.0,2023,230000000.0,2023,36800000.0,2023,1.0,near-term,2034.0,2022.0,58.8,1 and 2,,,,,1.0,1.0,3.0,,,0.0,2762300000.0,2023,196800000.0,2023
VRSN,Verisign,Information Technology,Internet Services & Infrastructure,0001014473,Verisign,Information Technology,Internet Services & Infrastructure,Virginia,26460983296.0,101300000.0,,,,,197300000.0,2023,,,1493100000.0,2023,1000600000.0,2023,1044700000.0,2023,808000000.0,2023,45800000.0,2023,91000000.0,2023,0.0,,,,,,,1.0,reasonable,,1.0,1.0,3.0,,,1.0,901400000.0,2023,0.0,2023
VRT,Vertiv,Industrials,Electrical Components & Equipment,0001674101,Vertiv,Industrials,Electrical Components & Equipment,Ohio,98965053440.0,381788876.0,,,,,4462700000.0,2023,,,6863200000.0,2023,872200000.0,2023,1143200000.0,2023,772600000.0,2023,127900000.0,2023,303500000.0,2023,0.0,,,,,,,,,,1.0,0.0,3.0,,,0.0,0.0,2023,9500000.0,2023
VRTX,Vertex Pharmaceuticals,Health Care,Biotechnology,0000875320,Vertex Pharmaceuticals,Health Care,Biotechnology,Massachusetts,130643902464.0,257695221.0,,,,,1262200000.0,2023,,,9869200000.0,2023,3832000000.0,2023,4013300000.0,2023,3336900000.0,2023,200400000.0,2023,,,0.0,,,,,,,,,1.0,1.0,1.0,3.0,9.0,11.0,1.0,427600000.0,2023,,
VST,Vistra Corp.,Utilities,Electric Utilities,0001692819,Vistra Corp.,Utilities,Electric Utilities,Texas,49801551872.0,351457016.0,86320993.1,2023,40.0,2023,,,,,14779000000.0,2023,2661000000.0,2023,4163000000.0,2023,3777000000.0,2023,1676000000.0,2023,,,0.0,near-term,2028.0,2018.0,58.0,1 and 2,,,,1.0,1.0,1.0,3.0,,,0.0,1245000000.0,2023,313000000.0,2023
VTR,Ventas,Real Estate,Health Care REITs,0000740260,Ventas,Real Estate,Health Care REITs,Illinois,46160044032.0,405670000.0,,,,,,,,,4497827000.0,2023,-115581000.0,2023,1276880000.0,2023,470402000.0,2023,649471000.0,2023,,,0.0,near-term,2030.0,,,,,,,,1.0,1.0,3.0,,,1.0,,,723559000.0,2023
VTRS,Viatris,Health Care,Pharmaceuticals,0001792044,Viatris,Health Care,Pharmaceuticals,Pennsylvania,18963234816.0,1206900000.0,26031.8,2023,1.0,2023,8988300000.0,2023,,,15426900000.0,2023,766200000.0,2023,3506700000.0,2023,2523000000.0,2023,377000000.0,2023,,,0.0,near-term,2030.0,2020.0,42.0,1 and 2,,,,,1.0,0.0,3.0,,,1.0,250000000.0,2023,,
VZ,Verizon,Communication Services,Integrated Telecommunication Services,0000732712,Verizon,Communication Services,Integrated Telecommunication Services,New York,210273173504.0,4215000000.0,,,,,,,,,133974000000.0,2023,22877000000.0,2023,40501000000.0,2023,,,,,,,0.0,near-term,2035.0,2019.0,53.0,1 and 2,1.0,,,,1.0,1.0,3.0,9.0,11.0,0.0,,,11025000000.0,2023
WAB,Wabtec,Industrials,Construction Machinery & Heavy Transportation Equipment,0000943452,Wabtec,Industrials,Construction Machinery & Heavy Transportation Equipment,Pennsylvania,47838928896.0,177800000.0,,,,,6733000000.0,2023,,,9677000000.0,2023,1266000000.0,2023,1797000000.0,2023,1015000000.0,2023,186000000.0,2023,218000000.0,2023,0.0,,,,,,1.0,,,,1.0,0.0,3.0,,,1.0,409000000.0,2023,123000000.0,2023
WAT,Waters Corporation,Health Care,Life Sciences Tools & Services,0001000697,Waters Corporation,Health Care,Life Sciences Tools & Services,Massachusetts,40093212672.0,59176.0,,,,,1195223000.0,2023,,,2956416000.0,2023,817676000.0,2023,,,442177000.0,2023,160632000.0,2023,174945000.0,2023,1.0,near-term,2030.0,2024.0,42.0,1 and 2,,,,,1.0,1.0,3.0,,,0.0,70277000.0,2023,,
WBD,Warner Bros. Discovery,Communication Services,Broadcasting,0001437107,Warner Bros. Discovery,Communication Services,Broadcasting,New York,70300114944.0,2439000000.0,,,,,,,,,41321000000.0,2023,-1548000000.0,2023,6437000000.0,2023,6161000000.0,2023,1316000000.0,2023,,,0.0,,,,,,,1.0,reasonable,,1.0,0.0,1.0,12.0,13.0,0.0,,,,
WDAY,"Workday, Inc.",Information Technology,Application Software,0001327811,"Workday, Inc.",Information Technology,Application Software,California,44753698816.0,265285000.0,,,,,,,,,7259000000.0,2023,183000000.0,2023,,,1917000000.0,2023,232000000.0,2023,2464000000.0,2023,0.0,near-term,,,,,,,,,1.0,1.0,3.0,,,1.0,423000000.0,2023,,
WDC,Western Digital,Information Technology,"Technology Hardware, Storage & Peripherals",0000106040,Western Digital,Information Technology,"Technology Hardware, Storage & Peripherals",California,161226686464.0,322000000.0,,,,,4864000000.0,2023,,,6255000000.0,2023,-548000000.0,2023,280000000.0,2023,-1229000000.0,2023,821000000.0,2023,,,0.0,near-term,2030.0,2020.0,42.0,1 and 2,,,,1.0,1.0,1.0,3.0,7.0,8.0,1.0,0.0,2023,0.0,2023
WEC,WEC Energy Group,Utilities,Electric Utilities,0000783325,WEC Energy Group,Utilities,Electric Utilities,Wisconsin,34321715200.0,315434531.0,17942097.2,2023,22.0,2023,3191200000.0,2023,,,8893000000.0,2023,1908000000.0,2023,3172200000.0,2023,,,,,,,0.0,,,,,,,1.0,reasonable,,1.0,0.0,3.0,11.0,12.0,1.0,16600000.0,2023,984200000.0,2023
WELL,Welltower,Real Estate,Health Care REITs,0000766704,Welltower,Real Estate,Health Care REITs,Ohio,169781182464.0,564241181.0,,,,,3947776000.0,2023,286066000.0,2023,6637995000.0,2023,,,,,,,,,,,0.0,near-term,2030.0,,,,,,,,1.0,1.0,5.0,,,0.0,,,1259676000.0,2023
WFC,Wells Fargo,Financials,Diversified Banks,0000072971,Wells Fargo,Financials,Diversified Banks,California,273036886016.0,3598900000.0,,,,,,,,,82597000000.0,2023,21636000000.0,2023,27907000000.0,2023,,,,,,,0.0,,,,,,,,,,1.0,0.0,3.0,,,1.0,11851000000.0,2023,4789000000.0,2023
WM,Waste Management,Industrials,Environmental & Facilities Services,0000823768,Waste Management,Industrials,Environmental & Facilities Services,Texas,85323210752.0,401500000.0,11650459.6,2023,225.0,2023,12606000000.0,2023,,,20426000000.0,2023,3575000000.0,2023,5646000000.0,2023,1824000000.0,2023,2895000000.0,2023,,,0.0,,,,,,,,,,1.0,1.0,3.0,,,0.0,1302000000.0,2023,1136000000.0,2023
WMB,Williams Companies,Energy,Oil & Gas Storage & Transportation,0000107263,Williams Companies,Energy,Oil & Gas Storage & Transportation,Oklahoma,89107750912.0,1223000000.0,,,,,,,,,11996000000.0,2023,4311000000.0,2023,6382000000.0,2023,3422000000.0,2023,2516000000.0,2023,,,0.0,,,,,,1.0,,,,1.0,1.0,1.0,9.0,11.0,1.0,130000000.0,2023,2179000000.0,2023
WMT,Walmart,Consumer Staples,Consumer Staples Merchandise Retail,0000104169,Walmart,Consumer Staples,Consumer Staples Merchandise Retail,Arkansas,852708163584.0,8108000000.0,,,,,490142000000.0,2023,,,648125000000.0,2023,27012000000.0,2023,38865000000.0,2023,15120000000.0,2023,20606000000.0,2023,,,0.0,near-term,,,,,1.0,,,,1.0,1.0,1.0,,,1.0,2779000000.0,2023,6140000000.0,2023
WRB,W. R. Berkley Corporation,Financials,Property & Casualty Insurance,0000011544,W. R. Berkley Corporation,Financials,Property & Casualty Insurance,Connecticut,25948805120.0,384817136.0,,,,,,,,,12142938000.0,2023,1754403000.0,2023,1733542000.0,2023,,,,,,,0.0,,,,,,,,,,1.0,1.0,3.0,,,1.0,537163000.0,2023,501456000.0,2023
WSM,"Williams-Sonoma, Inc.",Consumer Discretionary,Homefurnishing Retail,0000719955,"Williams-Sonoma, Inc.",Consumer Discretionary,Homefurnishing Retail,California,26645182464.0,128301000.0,,,,,4447051000.0,2023,,,7750652000.0,2023,1244193000.0,2023,1476783000.0,2023,1491815000.0,2023,188458000.0,2023,,,0.0,near-term,2030.0,2019.0,50.0,1 and 2,,1.0,limited,,1.0,1.0,,7.0,8.0,0.0,313001000.0,2023,232475000.0,2023
WST,West Pharmaceutical Services,Health Care,Health Care Supplies,0000105770,West Pharmaceutical Services,Health Care,Health Care Supplies,Pennsylvania,24366200832.0,73500000.0,,,,,1820600000.0,2023,,,2949800000.0,2023,676000000.0,2023,813300000.0,2023,414500000.0,2023,362000000.0,2023,68400000.0,2023,0.0,near-term,2035.0,2024.0,42.0,1 and 2,,,,,1.0,1.0,3.0,10.0,11.0,1.0,438300000.0,2023,57000000.0,2023
WTW,Willis Towers Watson,Financials,Insurance Brokers,0001140536,Willis Towers Watson,Financials,Insurance Brokers,United Kingdom,29311309824.0,106000000.0,,,,,,,,,9483000000.0,2023,1365000000.0,2023,,,1103000000.0,2023,242000000.0,2023,,,0.0,,,,,,,,,,1.0,1.0,,,,1.0,1000000000.0,2023,352000000.0,2023
WY,Weyerhaeuser,Real Estate,Timber REITs,0000106535,Weyerhaeuser,Real Estate,Timber REITs,Washington,15899436032.0,729753000.0,41144.5,2023,2.0,2023,5992000000.0,2023,,,7674000000.0,2023,1186000000.0,2023,1686000000.0,2023,,,,,7000000.0,2023,0.0,near-term,2030.0,2020.0,42.0,1 and 2,,,,,0.0,1.0,3.0,10.0,11.0,1.0,131000000.0,2023,1216000000.0,2023
WYNN,Wynn Resorts,Consumer Discretionary,Casinos & Gaming,0001174922,Wynn Resorts,Consumer Discretionary,Casinos & Gaming,Nevada,9030809600.0,111737245.0,,,,,,,,,6531897000.0,2023,840171000.0,2023,1527441000.0,2023,805086000.0,2023,442793000.0,2023,,,0.0,,,,,,,,,,1.0,1.0,3.0,8.0,9.0,0.0,212455000.0,2023,84733000.0,2023
XEL,Xcel Energy,Utilities,Multi-Utilities,0000072903,Xcel Energy,Utilities,Multi-Utilities,Minnesota,47159889920.0,554941703.0,36005568.1,2023,36.0,2023,,,,,14206000000.0,2023,2481000000.0,2023,4952000000.0,2023,-527000000.0,2023,5854000000.0,2023,,,0.0,,,,,,,1.0,,,1.0,1.0,3.0,,,1.0,,,1092000000.0,2023
XOM,ExxonMobil,Energy,Integrated Oil & Gas,0002115436,ExxonMobil,Energy,Integrated Oil & Gas,Texas,682536271872.0,3971000000.0,32238522.1,2023,36.0,2023,,,,,344582000000.0,2023,52783000000.0,2023,73424000000.0,2023,33450000000.0,2023,21919000000.0,2023,900000000.0,2023,0.0,,,,,,,,,,1.0,0.0,,12.0,13.0,1.0,17748000000.0,2023,14941000000.0,2023
XYL,Xylem Inc.,Industrials,Industrial Machinery & Supplies & Components,0001524472,Xylem Inc.,Industrials,Industrial Machinery & Supplies & Components,New York,24973750272.0,241504000.0,,,,,4647000000.0,2023,,,7364000000.0,2023,652000000.0,2023,1088000000.0,2023,566000000.0,2023,271000000.0,2023,232000000.0,2023,0.0,near-term,2030.0,2023.0,42.0,1 and 2,,,,,1.0,1.0,5.0,,,1.0,25000000.0,2023,299000000.0,2023
XYZ,"Block, Inc.",Financials,Transaction & Payment Processing Services,0001512673,"Block, Inc.",Financials,Transaction & Payment Processing Services,none,47588970496.0,614024000.0,,,,,14410737000.0,2023,,,21915623000.0,2023,-278839000.0,2023,129721000.0,2023,-50190000.0,2023,151151000.0,2023,2720819000.0,2023,0.0,near-term,2030.0,2019.0,46.2,1 and 2,,,,,1.0,0.0,,,,1.0,156812000.0,2023,,
YUM,Yum! Brands,Consumer Discretionary,Restaurants,0001041061,Yum! Brands,Consumer Discretionary,Restaurants,Kentucky,38443573248.0,285000000.0,,,,,1774000000.0,2023,,,7076000000.0,2023,2318000000.0,2023,2471000000.0,2023,1318000000.0,2023,285000000.0,2023,,,0.0,near-term,2030.0,2019.0,46.0,1 and 2,,,,,1.0,1.0,3.0,,,1.0,50000000.0,2023,678000000.0,2023
ZBH,Zimmer Biomet,Health Care,Health Care Equipment,0001136869,Zimmer Biomet,Health Care,Health Care Equipment,Indiana,17832067072.0,209700000.0,,,,,2083800000.0,2023,,,7394200000.0,2023,1277700000.0,2023,2229400000.0,2023,1290500000.0,2023,291100000.0,2023,,,1.0,near-term,2030.0,2017.0,55.0,1 and 2,,,,,1.0,1.0,3.0,,,1.0,692200000.0,2023,200900000.0,2023
ZBRA,Zebra Technologies,Information Technology,Electronic Equipment & Instruments,0000877212,Zebra Technologies,Information Technology,Electronic Equipment & Instruments,Illinois,16576235520.0,51710962.0,,,,,2461000000.0,2023,,,4584000000.0,2023,481000000.0,2023,657000000.0,2023,-91000000.0,2023,87000000.0,2023,519000000.0,2023,0.0,near-term,2030.0,,,,,1.0,reasonable,,1.0,1.0,3.0,9.0,11.0,1.0,52000000.0,2023,,
ZTS,Zoetis,Health Care,Pharmaceuticals,0001555280,Zoetis,Health Care,Pharmaceuticals,New Jersey,30152927232.0,458367358.0,,,,,2561000000.0,2023,,,8544000000.0,2023,2936000000.0,2023,3427000000.0,2023,1621000000.0,2023,732000000.0,2023,,,0.0,,,,,,,,,,1.0,0.0,3.0,,,1.0,1092000000.0,2023,,
