ticker,company,sector,sub_industry,cik,legal_name,lei,ultimate_parent_lei,gics_sector,gics_sub_industry,hq_state,market_cap_usd,shares_outstanding,scope1_tco2e,scope1_tco2e_fy,ghg_facility_count,ghg_facility_count_fy,grid_intensity_kgco2e_per_mwh,grid_intensity_kgco2e_per_mwh_fy,cogs_usd,cogs_usd_fy,energy_cost_usd,energy_cost_usd_fy,revenue_usd,revenue_usd_fy,ebit_usd,ebit_usd_fy,ebitda_usd,ebitda_usd_fy,free_cash_flow_usd,free_cash_flow_usd_fy,capex_usd,capex_usd_fy,rnd_expense_usd,rnd_expense_usd_fy,sbti_target_validated,sbti_target_type,target_year,target_baseline_year,target_reduction_pct,target_scope_coverage,risk_hitword_density,risk_hitword_density_fy,has_climate_oversight_committee,has_third_party_assurance,assurance_level,emissions_boundary_stated,has_clawback_policy,has_psu_plan,performance_period_years,independent_director_count,board_size,lead_independent_director,buybacks_usd,buybacks_usd_fy,dividends_paid_usd,dividends_paid_usd_fy,penalty_total_usd,penalty_total_usd_fy,penalty_count,penalty_count_fy,flows_all_target_year
A,Agilent Technologies,Health Care,Life Sciences Tools & Services,0001090872,Agilent Technologies,QUIX8Y7A2WP0XRMW7G29,,Health Care,Life Sciences Tools & Services,California,41429237760.0,283054377.0,,,,,178.4824,2023,3305000000.0,2025,,,6948000000.0,2025,1479000000.0,2025,1767000000.0,2025,1152000000.0,2025,407000000.0,2025,455000000.0,2025,1.0,net-zero,2030.0,2019.0,50.0,1 and 2,0.16666666666666666,2025,,,,,1.0,1.0,3.0,10.0,11.0,1.0,425000000.0,2025,282000000.0,2025,156320.0,2026,9.0,2026,False
AAPL,Apple Inc.,Information Technology,"Technology Hardware, Storage & Peripherals",0000320193,Apple Inc.,HWUPKR0MPOU8FGXBT394,,Information Technology,"Technology Hardware, Storage & Peripherals",California,4849207869440.0,14773260000.0,,,,,178.4824,2023,220960000000.0,2025,,,416161000000.0,2025,133050000000.0,2025,144748000000.0,2025,98767000000.0,2025,12715000000.0,2025,34550000000.0,2025,0.0,near-term,,,,,,,,,,,1.0,0.0,3.0,,,0.0,90711000000.0,2025,15421000000.0,2025,0.0,2026,0.0,2026,False
ABBV,AbbVie,Health Care,Biotechnology,0001551152,AbbVie,FR5LCKFTG8054YNNRU85,,Health Care,Biotechnology,Illinois,454361186304.0,1773000000.0,99777.8,2023,2.0,2023,213.9618,2023,18204000000.0,2025,,,61160000000.0,2025,15075000000.0,2025,15075000000.0,2025,17816000000.0,2025,1214000000.0,2025,,,0.0,near-term,2030.0,2021.0,42.0,1 and 2,0.5,2025,,,,,1.0,1.0,3.0,,,1.0,980000000.0,2025,11657000000.0,2025,0.0,2026,2.0,2026,False
ABNB,Airbnb,Consumer Discretionary,"Hotels, Resorts & Cruise Lines",0001559720,Airbnb,549300HMUDNO0RY56D37,,Consumer Discretionary,"Hotels, Resorts & Cruise Lines",California,101907333120.0,623000000.0,,,,,178.4824,2023,2086000000.0,2025,,,12241000000.0,2025,2544000000.0,2025,2586600000.0,2025,3405000000.0,2022,25000000.0,2022,2354000000.0,2025,0.0,near-term,2030.0,2019.0,78.4,1 and 2,,,,,,,1.0,0.0,,,,1.0,3789000000.0,2025,,,0.0,2026,0.0,2026,False
ABT,Abbott Laboratories,Health Care,Health Care Equipment,0000001800,Abbott Laboratories,HQD377W2YR662HK5JX27,,Health Care,Health Care Equipment,Illinois,176412573696.0,1748000000.0,134386.9,2023,4.0,2023,213.9618,2023,19319000000.0,2025,,,44328000000.0,2025,8053000000.0,2025,,,7395000000.0,2025,2171000000.0,2025,2942000000.0,2025,0.0,,,,,,0.16666666666666666,2025,,,,,1.0,1.0,,11.0,12.0,1.0,893000000.0,2025,4116000000.0,2025,0.0,2026,7.0,2026,False
ACGL,Arch Capital Group,Financials,Property & Casualty Insurance,0000947484,Arch Capital Group,549300AYR4P8AFKDCE43,,Financials,Property & Casualty Insurance,Bermuda,32788705280.0,359000000.0,,,,,,,,,,,19929000000.0,2025,5159000000.0,2025,,,6128000000.0,2025,44000000.0,2025,,,0.0,,,,,,,,,,,,1.0,1.0,3.0,,,0.0,1889000000.0,2025,,,0.0,2026,0.0,2026,False
ACN,Accenture,Information Technology,IT Consulting & Other Services,0001467373,Accenture,,,Information Technology,IT Consulting & Other Services,Ireland,112536141824.0,632435108.0,,,,,,,47437576000.0,2025,,,69672977000.0,2025,10225664000.0,2025,11668889000.0,2025,10874360000.0,2025,600039000.0,2025,817300000.0,2025,0.0,near-term,,,,,0.25,2025,,,,,1.0,0.0,3.0,,,1.0,4619497000.0,2025,2457306000.0,2022,0.0,2026,0.0,2026,False
ADBE,Adobe Inc.,Information Technology,Application Software,0000796343,Adobe Inc.,FU4LY2G4933NH2E1CP29,,Information Technology,Application Software,California,100261421056.0,413000000.0,,,,,178.4824,2023,2551000000.0,2025,,,23769000000.0,2025,8706000000.0,2025,9524000000.0,2025,9852000000.0,2025,179000000.0,2025,,,1.0,net-zero,2030.0,2022.0,42.0,1 and 2,0.3333333333333333,2025,,,,,1.0,1.0,3.0,10.0,11.0,1.0,11281000000.0,2025,,,0.0,2026,0.0,2026,False
ADI,Analog Devices,Information Technology,Semiconductors,0000006281,Analog Devices,GYVOE5EZ4GDAVTU4CQ61,,Information Technology,Semiconductors,Massachusetts,183543709696.0,489654097.0,117771.6,2023,3.0,2023,373.0301,2023,4246229000.0,2025,,,11019707000.0,2025,2932496000.0,2025,2932496000.0,2025,4278650000.0,2025,533552000.0,2025,1766001000.0,2025,0.0,near-term,2030.0,2019.0,50.0,1 and 2,,,,,,,1.0,1.0,3.0,,,1.0,2164638000.0,2025,1924413000.0,2025,0.0,2026,2.0,2026,False
ADM,Archer Daniels Midland,Consumer Staples,Agricultural Products & Services,0000007084,Archer Daniels Midland,549300LO13MQ9HYSTR83,,Consumer Staples,Agricultural Products & Services,Illinois,41795534848.0,484000000.0,10585367.6,2023,18.0,2023,213.9618,2023,75236000000.0,2025,,,80269000000.0,2025,1255000000.0,2025,2436000000.0,2025,4204000000.0,2025,1248000000.0,2025,246000000.0,2025,0.0,commitment,,,,,,,,,,,1.0,1.0,3.0,12.0,13.0,1.0,0.0,2025,987000000.0,2025,637658.0,2026,34.0,2026,False
ADP,Automatic Data Processing,Industrials,Human Resource & Employment Services,0000008670,Automatic Data Processing,HGBOLILQXWER4SAL2I23,,Industrials,Human Resource & Employment Services,New Jersey,106569711616.0,405300000.0,,,,,212.4217,2023,11097300000.0,2025,,,20560900000.0,2025,5310100000.0,2025,5892500000.0,2025,,,,,988600000.0,2025,0.0,,,,,,,,,,,,1.0,1.0,3.0,10.0,12.0,0.0,1280500000.0,2025,2398900000.0,2025,0.0,2026,0.0,2026,False
ADSK,Autodesk,Information Technology,Application Software,0000769397,Autodesk,FRKKVKAIQEF3FCSTPG55,,Information Technology,Application Software,California,44391600128.0,212000000.0,,,,,178.4824,2023,650000000.0,2025,,,7206000000.0,2025,1578000000.0,2025,1773000000.0,2025,2409000000.0,2025,43000000.0,2025,1643000000.0,2025,0.0,near-term,2031.0,2020.0,50.0,1 and 2,,,,,,1.0,1.0,1.0,3.0,,,1.0,1402000000.0,2025,0.0,2024,0.0,2026,0.0,2026,False
AEE,Ameren,Utilities,Multi-Utilities,0001002910,Ameren,XRZQ5S7HYJFPHJ78L959,,Utilities,Multi-Utilities,Missouri,29040859136.0,276400000.0,19790344.7,2023,15.0,2023,655.0494,2023,,,,,8799000000.0,2025,2026000000.0,2025,3638000000.0,2025,-775000000.0,2025,4128000000.0,2025,,,0.0,,,,,,,,,,,,1.0,1.0,3.0,,,1.0,,,768000000.0,2025,20477.0,2026,14.0,2026,False
AEP,American Electric Power,Utilities,Electric Utilities,0000004904,American Electric Power,1B4S6S7G0TW5EE83BO58,,Utilities,Electric Utilities,Ohio,67140530176.0,537467865.0,48971842.6,2023,26.0,2023,482.5511,2023,,,,,21876000000.0,2025,5319000000.0,2025,8644000000.0,2025,3491000000.0,2025,3453000000.0,2025,,,0.0,,,,,,,,,,,,1.0,0.0,3.0,,,1.0,,,2008000000.0,2025,169029.0,2026,17.0,2026,False
AES,AES Corporation,Utilities,Independent Power Producers & Energy Traders,0000874761,AES Corporation,2NUNNB7D43COUIRE5295,,Utilities,Independent Power Producers & Energy Traders,Virginia,10551757824.0,712201777.0,15564932.7,2023,11.0,2023,243.5116,2023,10022000000.0,2025,,,12233000000.0,2025,96000000.0,2022,-976000000.0,2022,-1623000000.0,2025,5929000000.0,2025,,,0.0,,,,,,0.4166666666666667,2025,,,,,1.0,1.0,3.0,,,1.0,,,501000000.0,2025,0.0,2026,0.0,2026,False
AFL,Aflac,Financials,Life & Health Insurance,0000004977,Aflac,549300N0B7DOGLXWPP39,,Financials,Life & Health Insurance,Georgia,57794854912.0,518690000.0,,,,,323.7885,2023,,,,,17164000000.0,2025,4533000000.0,2025,4569000000.0,2025,,,,,,,0.0,,,,,,0.4166666666666667,2025,,,,,1.0,1.0,3.0,,,1.0,3530000000.0,2025,1198000000.0,2025,0.0,2026,0.0,2026,False
AIG,American International Group,Financials,Multi-line Insurance,0000005272,American International Group,ODVCVCQG2BP6VHV36M30,,Financials,Multi-line Insurance,New York,39389544448.0,538200000.0,,,,,210.982,2023,,,,,26775000000.0,2025,3879000000.0,2025,7334000000.0,2025,6003000000.0,2023,240000000.0,2023,,,0.0,,,,,,,,,,,,1.0,1.0,3.0,,,1.0,5836000000.0,2025,976000000.0,2025,0.0,2026,0.0,2026,False
AIZ,Assurant,Financials,Multi-line Insurance,0001267238,Assurant,H3F39CAXWQRVWURFXL38,,Financials,Multi-line Insurance,Georgia,13931991040.0,49792919.0,,,,,323.7885,2023,,,,,12814300000.0,2025,1087400000.0,2025,1337400000.0,2025,1598400000.0,2025,235500000.0,2025,,,0.0,,,,,,,,,1.0,,,1.0,1.0,3.0,,,1.0,303700000.0,2025,168400000.0,2025,0.0,2026,0.0,2026,False
AJG,Arthur J. Gallagher & Co.,Financials,Insurance Brokers,0000354190,Arthur J. Gallagher & Co.,54930049QLLMPART6V29,,Financials,Insurance Brokers,Illinois,61603868672.0,257000000.0,,,,,213.9618,2023,22900000.0,2022,,,13942000000.0,2025,1871000000.0,2025,2993000000.0,2025,,,,,,,0.0,,,,,,,,,,,,1.0,1.0,3.0,,,1.0,,,667000000.0,2025,0.0,2026,0.0,2026,False
AKAM,Akamai Technologies,Information Technology,Internet Services & Infrastructure,0001086222,Akamai Technologies,OC1LZNN2LF5WTJ5RIL89,,Information Technology,Internet Services & Infrastructure,Massachusetts,15347496960.0,144711094.0,,,,,373.0301,2023,1727513000.0,2025,,,4208175000.0,2025,566944000.0,2025,1275555000.0,2025,1010979000.0,2025,507786000.0,2025,513560000.0,2025,0.0,commitment,,,,,,,,,,1.0,1.0,0.0,1.0,,,0.0,799963000.0,2025,,,0.0,2026,0.0,2026,False
ALB,Albemarle Corporation,Materials,Specialty Chemicals,0000915913,Albemarle Corporation,HDBLS2Q6GV1LSKQPBS54,,Materials,Specialty Chemicals,North Carolina,13867954176.0,117716000.0,229671.7,2023,3.0,2023,283.0228,2023,4474014000.0,2025,,,5142733000.0,2025,-367084000.0,2025,291594000.0,2025,692466000.0,2025,589801000.0,2025,51398000.0,2025,0.0,,,,,,,,,,,,1.0,1.0,3.0,,,1.0,,,190530000.0,2025,254535.0,2026,10.0,2026,False
ALGN,Align Technology,Health Care,Health Care Supplies,0001097149,Align Technology,549300N5YSE0U3LCP840,,Health Care,Health Care Supplies,Arizona,10714231808.0,71364000.0,,,,,311.4764,2023,1323951000.0,2025,,,4034964000.0,2025,545755000.0,2025,783191000.0,2025,490778000.0,2025,102445000.0,2025,369911000.0,2025,0.0,,,,,,,,,1.0,limited,,1.0,0.0,3.0,,,0.0,465939000.0,2025,,,0.0,2026,0.0,2026,False
ALL,Allstate,Financials,Property & Casualty Insurance,0000899051,Allstate,OBT0W1ED8G0NWVOLOJ77,,Financials,Property & Casualty Insurance,Illinois,64152592384.0,260000000.0,,,,,213.9618,2023,,,,,67685000000.0,2025,13156000000.0,2025,13638000000.0,2025,9882000000.0,2025,228000000.0,2025,,,0.0,,,,,,,,,,,,1.0,1.0,3.0,,,1.0,1233000000.0,2025,1036000000.0,2025,15775.0,2026,9.0,2026,False
ALLE,Allegion,Industrials,Building Products,0001579241,Allegion,,,Industrials,Building Products,Ireland,13040391168.0,86066997.0,,,,,,,2229000000.0,2025,,,4067300000.0,2025,859500000.0,2025,989200000.0,2025,685700000.0,2025,98100000.0,2025,132000000.0,2025,0.0,,,,,,,,,,,,1.0,1.0,1.0,7.0,8.0,0.0,80000000.0,2025,175300000.0,2025,0.0,2026,2.0,2026,False
AMAT,Applied Materials,Information Technology,Semiconductor Materials & Equipment,0000006951,Applied Materials,41BNNE1AFPNAZELZ6K07,,Information Technology,Semiconductor Materials & Equipment,California,362269278208.0,793000000.0,,,,,178.4824,2023,14560000000.0,2025,,,28368000000.0,2025,8289000000.0,2025,8724000000.0,2025,5698000000.0,2025,2260000000.0,2025,3570000000.0,2025,0.0,near-term,2030.0,2019.0,50.0,1 and 2,,,,,,,1.0,1.0,3.0,,,1.0,4895000000.0,2025,1384000000.0,2025,0.0,2026,3.0,2026,False
AMCR,Amcor,Materials,Paper & Plastic Packaging Products & Materials,0001748790,Amcor,549300MHU26181T1TS43,,Materials,Paper & Plastic Packaging Products & Materials,United Kingdom,19566469120.0,318600000.0,,,,,,,12175000000.0,2025,,,15009000000.0,2025,1009000000.0,2025,1731000000.0,2025,810000000.0,2025,580000000.0,2025,120000000.0,2025,0.0,near-term,,,,,,,,,,,1.0,1.0,3.0,,,0.0,0.0,2025,845000000.0,2025,123029.0,2026,36.0,2026,False
AMD,Advanced Micro Devices,Information Technology,Semiconductors,0000002488,Advanced Micro Devices,R2I72C950HOYXII45366,,Information Technology,Semiconductors,California,842569351168.0,1630000000.0,,,,,178.4824,2023,17487000000.0,2025,,,34639000000.0,2025,3694000000.0,2025,3916000000.0,2025,6735000000.0,2025,974000000.0,2025,8091000000.0,2025,0.0,near-term,2020.0,2014.0,20.0,1 and 2,0.3333333333333333,2025,,,,1.0,1.0,1.0,3.0,,,1.0,1316000000.0,2025,,,0.0,2026,0.0,2026,False
AME,Ametek,Industrials,Electrical Components & Equipment,0001037868,Ametek,549300WZDEF9KKE40E98,,Industrials,Electrical Components & Equipment,Pennsylvania,55451418624.0,229000000.0,,,,,292.9175,2023,4733677000.0,2025,,,7401116000.0,2025,1910317000.0,2025,2333121000.0,2025,1671515000.0,2025,130248000.0,2025,236100000.0,2025,0.0,,,,,,,,,,,,1.0,1.0,3.0,7.0,8.0,1.0,434048000.0,2025,285345000.0,2025,0.0,2026,10.0,2026,False
AMGN,Amgen,Health Care,Biotechnology,0000318154,Amgen,62QBXGPJ34PQ72Z12S66,,Health Care,Biotechnology,California,204007489536.0,538800000.0,61780.4,2023,1.0,2023,178.4824,2023,12037000000.0,2025,,,36751000000.0,2025,9080000000.0,2025,14247000000.0,2025,8100000000.0,2025,1858000000.0,2025,,,0.0,near-term,2030.0,2019.0,55.0,1 and 2,,,,,,,1.0,0.0,3.0,11.0,12.0,1.0,0.0,2025,5124000000.0,2025,0.0,2026,1.0,2026,False
AMP,Ameriprise Financial,Financials,Asset Management & Custody Banks,0000820027,Ameriprise Financial,6ZLKQF7QB6JAEKQS5388,,Financials,Asset Management & Custody Banks,Minnesota,49255481344.0,98200000.0,,,,,339.0806,2023,,,,,18911000000.0,2025,4504000000.0,2025,4655000000.0,2025,8161000000.0,2025,162000000.0,2025,,,0.0,,,,,,,,,,,,1.0,1.0,3.0,7.0,8.0,0.0,2907000000.0,2025,596000000.0,2025,0.0,2026,0.0,2026,False
AMT,American Tower,Real Estate,Telecom Tower REITs,0001053507,American Tower,5493006ORUSIL88JOE18,,Real Estate,Telecom Tower REITs,Massachusetts,82871001088.0,466318000.0,,,,,373.0301,2023,,,,,10644600000.0,2025,4845800000.0,2025,6887400000.0,2025,3783600000.0,2025,1680400000.0,2025,,,0.0,near-term,2035.0,2019.0,40.0,"1, 2 and 3",,,,,,,1.0,1.0,1.0,10.0,11.0,0.0,364600000.0,2025,3180800000.0,2025,0.0,2026,0.0,2026,False
AMZN,Amazon,Consumer Discretionary,Broadline Retail,0001018724,Amazon,558600XWS1M9EKL4H752,,Consumer Discretionary,Broadline Retail,Washington,2769709432832.0,10731000000.0,,,,,120.2561,2023,356414000000.0,2025,,,716924000000.0,2025,79975000000.0,2025,145731000000.0,2025,7695000000.0,2025,131819000000.0,2025,,,0.0,commitment,,,,,,,,,,,1.0,0.0,,,,1.0,0.0,2024,,,182961.0,2026,181.0,2026,False
ANET,Arista Networks,Information Technology,Communications Equipment,0001596532,Arista Networks,635400H1WKBLOQERUU95,,Information Technology,Communications Equipment,California,251727839232.0,1256500000.0,,,,,178.4824,2023,3237000000.0,2025,,,9005700000.0,2025,3856100000.0,2025,3928700000.0,2025,4252400000.0,2025,119500000.0,2025,1237300000.0,2025,1.0,near-term,2030.0,2023.0,42.0,1 and 2,,,1.0,1.0,,,1.0,1.0,,,,1.0,1603100000.0,2025,,,0.0,2026,0.0,2026,False
AON,Aon plc,Financials,Insurance Brokers,0000315293,Aon plc,,,Financials,Insurance Brokers,United Kingdom,64208248832.0,217100000.0,,,,,,,,,,,17181000000.0,2025,4344000000.0,2025,4520000000.0,2025,3218000000.0,2025,263000000.0,2025,,,0.0,near-term,2032.0,,,,,,,,,,1.0,1.0,3.0,12.0,13.0,0.0,,,629000000.0,2025,0.0,2026,0.0,2026,False
AOS,A. O. Smith,Industrials,Building Products,0000091142,A. O. Smith,549300XG4US7UJNECY36,,Industrials,Building Products,Wisconsin,7799793152.0,141914840.0,,,,,524.8046,2023,2342800000.0,2025,,,3830200000.0,2025,728600000.0,2025,813700000.0,2025,546000000.0,2025,70800000.0,2025,95000000.0,2025,0.0,,,,,,0.3333333333333333,2025,,,,,1.0,1.0,3.0,8.0,10.0,0.0,400800000.0,2025,195700000.0,2025,1500.0,2026,3.0,2026,False
APA,APA Corporation,Energy,Oil & Gas Exploration & Production,0001841666,APA Corporation,549300VCIWLRHYVSHC79,,Energy,Oil & Gas Exploration & Production,Texas,15671223296.0,352964646.0,304822.8,2023,14.0,2023,348.5027,2023,,,,,,,3087000000.0,2025,5391000000.0,2025,,,,,,,0.0,,,,,,,,,,,,1.0,0.0,3.0,,,0.0,,,360000000.0,2025,0.0,2026,0.0,2026,False
APD,Air Products,Materials,Industrial Gases,0000002969,Air Products,549300TWUESJXW0P4Q61,,Materials,Industrial Gases,Pennsylvania,64897245184.0,222588256.0,,,,,292.9175,2023,8256000000.0,2025,,,12037300000.0,2025,-877000000.0,2025,687200000.0,2025,-3765800000.0,2025,7022600000.0,2025,96300000.0,2025,0.0,,,,,,,,,,,,1.0,0.0,1.0,,,0.0,,,1584100000.0,2025,11658683.0,2026,46.0,2026,False
APH,Amphenol,Information Technology,Electronic Components,0000820313,Amphenol,549300D3L3G0R4U4VT04,,Information Technology,Electronic Components,Connecticut,206943928320.0,1226600000.0,,,,,244.1532,2023,14577000000.0,2025,,,23094700000.0,2025,5868600000.0,2025,6791000000.0,2025,4378100000.0,2025,996600000.0,2025,647000000.0,2025,0.0,,,,,,,,1.0,,,,1.0,0.0,,,,1.0,665200000.0,2025,802200000.0,2025,985000.0,2026,8.0,2026,False
APO,Apollo Global Management,Financials,Asset Management & Custody Banks,0001858681,Apollo Global Management,254900LMFT1CY9IYB476,,Financials,Asset Management & Custody Banks,New York,76168257536.0,578981398.0,,,,,210.982,2023,,,,,32049000000.0,2025,6677000000.0,2025,8108000000.0,2025,,,,,,,0.0,,,,,,,,,,,,1.0,0.0,5.0,,,1.0,773000000.0,2025,1201000000.0,2025,0.0,2026,0.0,2026,False
APP,AppLovin,Communication Services,Advertising,0001751008,AppLovin,549300LLVXMUAOL3SQ07,,Communication Services,Advertising,California,108830965760.0,338313000.0,,,,,178.4824,2023,665140000.0,2025,,,5480717000.0,2025,4151914000.0,2025,4346692000.0,2025,2094235000.0,2024,4776000.0,2024,226510000.0,2025,0.0,,,,,,,,,,,,1.0,1.0,,6.0,9.0,1.0,2191944000.0,2025,,,0.0,2026,0.0,2026,False
APTV,Aptiv,Consumer Discretionary,Automotive Parts & Equipment,0001521332,Aptiv,,,Consumer Discretionary,Automotive Parts & Equipment,Switzerland,9455622144.0,212746899.0,,,,,,,16500000000.0,2025,,,20398000000.0,2025,1184000000.0,2025,2175000000.0,2025,1529000000.0,2025,656000000.0,2025,1129000000.0,2025,0.0,near-term,2030.0,,,,,,,,,,1.0,1.0,3.0,10.0,11.0,1.0,397000000.0,2025,0.0,2022,0.0,2026,1.0,2026,False
ARE,Alexandria Real Estate Equities,Real Estate,Office REITs,0001035443,Alexandria Real Estate Equities,MGCJBT4MKTQBVLNUIS88,,Real Estate,Office REITs,California,8800952320.0,170537867.0,,,,,178.4824,2023,,,,,3026556000.0,2025,,,,,,,,,,,0.0,,,,,,,,,,,,1.0,1.0,3.0,7.0,8.0,1.0,208187000.0,2025,911450000.0,2025,0.0,2026,0.0,2026,False
ARES,Ares Management,Financials,Asset Management & Custody Banks,0001176948,Ares Management,,,Financials,Asset Management & Custody Banks,California,43674984448.0,313170171.0,1454174.1,2023,1.0,2023,178.4824,2023,,,,,5601482000.0,2025,1286893000.0,2025,,,,,,,,,0.0,,,,,,,,,,,,1.0,0.0,,,,0.0,,,,,0.0,2026,0.0,2026,False
ATO,Atmos Energy,Utilities,Gas Utilities,0000731802,Atmos Energy,QVLWEGTD2S8GJMO8D383,,Utilities,Gas Utilities,Texas,27577243648.0,161568384.0,737121.0,2023,12.0,2023,348.5027,2023,1452173000.0,2023,,,4702755000.0,2025,1559971000.0,2025,2294716000.0,2025,-1511943000.0,2025,3561399000.0,2025,,,0.0,,,,,,,,,,,,1.0,1.0,3.0,11.0,12.0,1.0,,,553761000.0,2025,0.0,2026,0.0,2026,False
AVGO,Broadcom,Information Technology,Semiconductors,0001730168,Broadcom,,,Information Technology,Semiconductors,California,1728006324224.0,4741000000.0,34457.1,2023,1.0,2023,178.4824,2023,20593000000.0,2025,,,63887000000.0,2025,25484000000.0,2025,25484000000.0,2025,26914000000.0,2025,623000000.0,2025,10977000000.0,2025,0.0,commitment,,,,,,,,,,,1.0,1.0,3.0,7.0,8.0,1.0,2450000000.0,2025,11142000000.0,2025,0.0,2026,1.0,2026,False
AVY,Avery Dennison,Materials,Paper & Plastic Packaging Products & Materials,0000008818,Avery Dennison,549300PW7VPFCYKLIV37,,Materials,Paper & Plastic Packaging Products & Materials,Ohio,12836996096.0,76877487.0,,,,,482.5511,2023,6309200000.0,2025,,,8855500000.0,2025,925100000.0,2025,1253300000.0,2025,712400000.0,2025,169000000.0,2025,136600000.0,2025,0.0,near-term,2030.0,2015.0,70.0,1 and 2,,,,,,,1.0,0.0,3.0,8.0,10.0,1.0,572300000.0,2025,288400000.0,2025,50550.0,2026,16.0,2026,False
AWK,American Water Works,Utilities,Water Utilities,0001410636,American Water Works,549300DXHIJQMD5WFW18,,Utilities,Water Utilities,New Jersey,27362996224.0,195000000.0,,,,,212.4217,2023,,,,,5121000000.0,2025,1879000000.0,2025,2773000000.0,2025,-1067000000.0,2025,3126000000.0,2025,,,0.0,,,,,,,,,,,,1.0,1.0,3.0,,,1.0,0.0,2021,633000000.0,2025,0.0,2026,0.0,2026,False
AXON,Axon Enterprise,Industrials,Aerospace & Defense,0001069183,Axon Enterprise,549300QP2IEEGFE16681,,Industrials,Aerospace & Defense,Arizona,38940344320.0,80211537.0,,,,,311.4764,2023,1121411000.0,2025,,,2779536000.0,2025,-62076000.0,2025,21085000.0,2025,75081000.0,2025,136258000.0,2025,684308000.0,2025,0.0,,,,,,,,,,,,1.0,0.0,,,,1.0,,,,,0.0,2026,0.0,2026,False
AXP,American Express,Financials,Consumer Finance,0000004962,American Express,,,Financials,Consumer Finance,New York,219266351104.0,686000000.0,,,,,210.982,2023,,,,,41304000000.0,2025,13795000000.0,2025,15572000000.0,2025,16003000000.0,2025,2425000000.0,2025,,,1.0,near-term,2033.0,2019.0,60.0,1 and 2,,,,,,,1.0,1.0,3.0,,,1.0,5814000000.0,2025,2271000000.0,2025,0.0,2026,0.0,2026,False
AZO,AutoZone,Consumer Discretionary,Automotive Retail,0000866787,AutoZone,GA3JGKJ41LJKXDN23E90,,Consumer Discretionary,Automotive Retail,Tennessee,,17245000.0,,,,,298.1312,2023,8972243000.0,2025,,,18938717000.0,2025,3610156000.0,2025,4223355000.0,2025,1790080000.0,2025,1327257000.0,2025,,,0.0,,,,,,,,,,,,1.0,1.0,4.0,,,1.0,1578186000.0,2025,,,27456.0,2026,27.0,2026,False
BA,Boeing,Industrials,Aerospace & Defense,0000012927,Boeing,RVHJWBXLJ1RFUBSY1F30,,Industrials,Aerospace & Defense,Virginia,166333366272.0,1012261159.0,151144.8,2023,4.0,2023,243.5116,2023,85174000000.0,2025,,,89463000000.0,2025,4281000000.0,2025,6234000000.0,2025,-1877000000.0,2025,2942000000.0,2025,3615000000.0,2025,0.0,,,,,,,,,,,,1.0,1.0,3.0,,,0.0,,,331000000.0,2025,444525.0,2026,28.0,2026,False
BAC,Bank of America,Financials,Diversified Banks,0000070858,Bank of America,9DJT3UXIJIZJI4WXO774,,Financials,Diversified Banks,North Carolina,438375383040.0,7212464345.0,,,,,283.0228,2023,,,,,113097000000.0,2025,37695000000.0,2025,40009000000.0,2025,,,,,,,0.0,,,,,,,,,,,,1.0,0.0,3.0,,,1.0,21433000000.0,2025,,,42546.0,2026,2.0,2026,False
BALL,Ball Corporation,Materials,"Metal, Glass & Plastic Containers",0000009389,Ball Corporation,0BGI85ALH27ZJP15DY16,,Materials,"Metal, Glass & Plastic Containers",Colorado,15855731712.0,275972000.0,,,,,492.1572,2023,,,,,13161000000.0,2025,1273000000.0,2025,1895000000.0,2025,788000000.0,2025,474000000.0,2025,55000000.0,2023,0.0,near-term,2030.0,,,,,,,,,,1.0,1.0,3.0,8.0,9.0,1.0,1321000000.0,2025,220000000.0,2025,37250.0,2026,2.0,2026,False
BAX,Baxter International,Health Care,Health Care Equipment,0000010456,Baxter International,J5OIVXX3P24RJRW5CK77,,Health Care,Health Care Equipment,Illinois,12304504832.0,513000000.0,43203.8,2023,1.0,2023,213.9618,2023,7865000000.0,2025,,,11244000000.0,2025,-308000000.0,2025,673000000.0,2025,332000000.0,2025,513000000.0,2025,518000000.0,2025,0.0,,,,,,,,,,,,1.0,1.0,3.0,8.0,9.0,1.0,0.0,2024,348000000.0,2025,0.0,2026,0.0,2026,False
BBY,Best Buy,Consumer Discretionary,Computer & Electronics Retail,0000764478,Best Buy,HL5XPTVRV0O8TUN5LL90,,Consumer Discretionary,Computer & Electronics Retail,Minnesota,19043274752.0,209100000.0,,,,,339.0806,2023,32318000000.0,2025,,,41691000000.0,2025,1389000000.0,2025,2220000000.0,2025,1258000000.0,2025,704000000.0,2025,,,0.0,near-term,2030.0,,,,,,,,,,1.0,0.0,3.0,12.0,13.0,1.0,273000000.0,2025,801000000.0,2025,199821.0,2026,3.0,2026,False
BDX,Becton Dickinson,Health Care,Health Care Equipment,0000010795,Becton Dickinson,ICE2EP6D98PQUILVRZ91,,Health Care,Health Care Equipment,New Jersey,48443998208.0,288509000.0,,,,,212.4217,2023,11915000000.0,2025,,,21840000000.0,2025,2579000000.0,2025,5041000000.0,2025,2670000000.0,2025,760000000.0,2025,1265000000.0,2025,0.0,,,,,,,,,,,,1.0,1.0,3.0,,,0.0,1000000000.0,2025,1196000000.0,2025,58794.0,2026,8.0,2026,False
BEN,Franklin Resources,Financials,Asset Management & Custody Banks,0000038777,Franklin Resources,,,Financials,Asset Management & Custody Banks,California,17096787968.0,520951796.0,,,,,178.4824,2023,,,,,8770700000.0,2025,604100000.0,2025,729400000.0,2025,911600000.0,2025,154500000.0,2025,,,0.0,,,,,,,,,,,,1.0,1.0,3.0,8.0,11.0,1.0,240300000.0,2025,683700000.0,2025,0.0,2026,0.0,2026,False
BF.B,Brown–Forman,Consumer Staples,Distillers & Vintners,0000014693,Brown–Forman,549300873K3LXF7ARU34,,Consumer Staples,Distillers & Vintners,Kentucky,12031420416.0,466733000.0,90072.8,2023,2.0,2023,786.9867,2023,1550000000.0,2025,,,3928000000.0,2025,1001000000.0,2025,1093000000.0,2025,893000000.0,2025,107000000.0,2025,,,0.0,,,,,,,,,,,,1.0,1.0,3.0,6.0,11.0,1.0,400000000.0,2025,427000000.0,2025,0.0,2026,0.0,2026,False
BG,Bunge Global,Consumer Staples,Agricultural Products & Services,0001996862,Bunge Global,254900IVXSV9K0B7PO26,,Consumer Staples,Agricultural Products & Services,Missouri,23517302784.0,166466940.0,,,,,655.0494,2023,66920000000.0,2025,,,70329000000.0,2025,1134000000.0,2025,1837000000.0,2025,-879000000.0,2025,1723000000.0,2025,28000000.0,2025,0.0,,,,,,,,1.0,1.0,reasonable,1.0,1.0,1.0,3.0,,,1.0,551000000.0,2025,459000000.0,2025,0.0,2026,0.0,2026,False
BIIB,Biogen,Health Care,Biotechnology,0000875045,Biogen,W8J5WZB5IY3K0NDQT671,,Health Care,Biotechnology,Massachusetts,32084781056.0,146800000.0,28268.2,2023,1.0,2023,373.0301,2023,2404200000.0,2025,,,9890600000.0,2025,1556500000.0,2025,2336400000.0,2025,2050800000.0,2025,153800000.0,2025,,,0.0,commitment,,,,,,,,,,,1.0,1.0,3.0,9.0,10.0,0.0,0.0,2024,,,0.0,2026,6.0,2026,False
BKNG,Booking Holdings,Consumer Discretionary,"Hotels, Resorts & Cruise Lines",0001075531,Booking Holdings,FXM8FAOHMYDIPD38UZ17,,Consumer Discretionary,"Hotels, Resorts & Cruise Lines",Connecticut,130680094720.0,32639000.0,,,,,244.1532,2023,,,,,26917000000.0,2025,8825000000.0,2025,9448000000.0,2025,9087000000.0,2025,322000000.0,2025,,,1.0,near-term,2030.0,2019.0,95.0,1 and 2,,,,,,,1.0,1.0,3.0,10.0,11.0,1.0,6440000000.0,2025,1248000000.0,2025,0.0,2026,0.0,2026,False
BKR,Baker Hughes,Energy,Oil & Gas Equipment & Services,0001701605,Baker Hughes,549300XU3XH6F05YEQ93,,Energy,Oil & Gas Equipment & Services,Texas,58627330048.0,992674071.0,,,,,348.5027,2023,,,,,27733000000.0,2025,2877000000.0,2025,4065000000.0,2025,2537000000.0,2025,1273000000.0,2025,600000000.0,2025,0.0,,,,,,,,,,,,1.0,1.0,3.0,,,1.0,384000000.0,2025,910000000.0,2025,69748.0,2026,16.0,2026,False
BLDR,Builders FirstSource,Industrials,Building Products,0001316835,Builders FirstSource,549300W0SKP6L3H7DP63,,Industrials,Building Products,Texas,6495598080.0,110585000.0,,,,,348.5027,2023,10574861000.0,2025,,,15190638000.0,2025,786276000.0,2025,1377708000.0,2025,853284000.0,2025,362602000.0,2025,,,0.0,,,,,,,,,,,,1.0,1.0,3.0,11.0,13.0,0.0,413958000.0,2025,,,0.0,2026,1.0,2026,False
BLK,BlackRock,Financials,Asset Management & Custody Banks,0002012383,BlackRock,529900VBK42Y5HHRMD23,,Financials,Asset Management & Custody Banks,New York,175417425920.0,155069171.0,187749.9,2023,1.0,2023,210.982,2023,,,,,24216000000.0,2025,7045000000.0,2025,8171000000.0,2025,3552000000.0,2025,375000000.0,2025,,,0.0,,,,,,,,,,,,1.0,0.0,3.0,,,1.0,1930000000.0,2024,3101000000.0,2024,0.0,2026,0.0,2026,False
BMY,Bristol Myers Squibb,Health Care,Pharmaceuticals,0000014272,Bristol Myers Squibb,HLYYNH7UQUORYSJQCN42,,Health Care,Pharmaceuticals,New York,129998356480.0,2039000000.0,95102.7,2023,2.0,2023,210.982,2023,13936000000.0,2025,,,48194000000.0,2025,9328000000.0,2025,13339000000.0,2025,12845000000.0,2025,1311000000.0,2025,9951000000.0,2025,1.0,near-term,2033.0,2022.0,54.6,1 and 2,,,,1.0,reasonable,,1.0,1.0,3.0,,,1.0,0.0,2025,5045000000.0,2025,21215.0,2026,9.0,2026,False
BNY,BNY Mellon,Financials,Asset Management & Custody Banks,0001390777,BNY Mellon,,,Financials,Asset Management & Custody Banks,New York,110365483008.0,688236337.0,,,,,210.982,2023,,,,,20080000000.0,2025,,,,,5177000000.0,2025,1553000000.0,2025,,,0.0,,,,,,,,,,,,1.0,1.0,3.0,,,1.0,3535000000.0,2025,1447000000.0,2025,0.0,2026,0.0,2026,False
BR,Broadridge Financial Solutions,Industrials,Data Processing & Outsourced Services,0001383312,Broadridge Financial Solutions,549300KZDJZQ2YIHRC28,,Industrials,Data Processing & Outsourced Services,New York,19126018048.0,117100000.0,,,,,210.982,2023,4752300000.0,2025,,,6889100000.0,2025,1188600000.0,2025,1319300000.0,2025,1127500000.0,2025,43800000.0,2025,,,1.0,net-zero,2033.0,2023.0,54.6,1 and 2,,,,,,,1.0,1.0,2.0,,,1.0,134900000.0,2025,402300000.0,2025,0.0,2026,0.0,2026,False
BRK.B,Berkshire Hathaway,Financials,Multi-Sector Holdings,0001067983,Berkshire Hathaway,5493000C01ZX7D35SD85,,Financials,Multi-Sector Holdings,Nebraska,1092553998336.0,1408035161.0,52955850.8,2023,127.0,2023,461.827,2023,,,,,371444000000.0,2025,82459000000.0,2025,95935000000.0,2025,25042000000.0,2025,20927000000.0,2025,,,0.0,,,,,,,,,,,,0.0,0.0,,,,1.0,2918000000.0,2024,,,0.0,2026,0.0,2026,False
BRO,Brown & Brown,Financials,Insurance Brokers,0000079282,Brown & Brown,549300PC8KTJ71XKFY89,,Financials,Insurance Brokers,Florida,22147860480.0,336000000.0,,,,,356.816,2023,,,,,5902000000.0,2025,1371000000.0,2025,,,1382000000.0,2025,68000000.0,2025,,,0.0,,,,,,,,,,,,1.0,1.0,3.0,,,1.0,100000000.0,2025,193000000.0,2025,0.0,2026,0.0,2026,False
BSX,Boston Scientific,Health Care,Health Care Equipment,0000885725,Boston Scientific,Y6ZDD9FP4P8JSSJMW954,,Health Care,Health Care Equipment,Massachusetts,62287884288.0,1494500000.0,,,,,373.0301,2023,6221000000.0,2025,,,20074000000.0,2025,3613000000.0,2025,4981000000.0,2025,3658000000.0,2025,876000000.0,2025,,,1.0,near-term,2030.0,2019.0,46.2,1 and 2,,,,,,,1.0,1.0,3.0,,,1.0,0.0,2022,0.0,2024,11186.0,2026,3.0,2026,False
BX,Blackstone Inc.,Financials,Asset Management & Custody Banks,0001393818,Blackstone Inc.,5299004LW4QWGZUB8Y96,,Financials,Asset Management & Custody Banks,New York,153607716864.0,748688068.0,23084.7,2017,1.0,2017,210.982,2023,,,,,14450265000.0,2025,7171646000.0,2025,,,4547458000.0,2025,115703000.0,2025,,,0.0,,,,,,,,,,,,,,,,,,,,6013385000.0,2025,0.0,2026,0.0,2026,False
BXP,"BXP, Inc.",Real Estate,Office REITs,0001037540,"BXP, Inc.",549300OF70FSEUQBT254,,Real Estate,Office REITs,Massachusetts,11702768640.0,158548298.0,,,,,373.0301,2023,,,,,3482279000.0,2025,908110000.0,2025,1820198000.0,2025,,,,,,,0.0,near-term,2030.0,2018.0,73.57,1 and 2,,,,,,1.0,1.0,0.0,3.0,,,1.0,,,643107000.0,2025,0.0,2026,2.0,2026,False
C,Citigroup,Financials,Diversified Banks,0000831001,Citigroup,6SHGI4ZSSLCXXQSBB395,,Financials,Diversified Banks,New York,232861794304.0,1873100000.0,,,,,210.982,2023,,,,,85225000000.0,2025,19828000000.0,2025,24201000000.0,2025,-74152000000.0,2025,6520000000.0,2025,,,0.0,,,,,,,,1.0,,,,1.0,1.0,3.0,,,1.0,13250000000.0,2025,5372000000.0,2025,0.0,2026,2.0,2026,False
CAH,Cardinal Health,Health Care,Health Care Distributors,0000721371,Cardinal Health,CCU46N3GJMF4OK4N7U60,,Health Care,Health Care Distributors,Ohio,54555291648.0,242000000.0,,,,,482.5511,2023,214410000000.0,2025,,,222578000000.0,2025,2275000000.0,2025,3065000000.0,2025,1850000000.0,2025,547000000.0,2025,,,0.0,near-term,2030.0,2019.0,50.0,1 and 2,,,,,,,1.0,1.0,3.0,,,1.0,765000000.0,2025,494000000.0,2025,13000.0,2026,14.0,2026,False
CARR,Carrier Global,Industrials,Building Products,0001783180,Carrier Global,549300JE3W6CWY2NAN77,,Industrials,Building Products,Florida,47365718016.0,836141122.0,,,,,356.816,2023,16505000000.0,2024,,,21747000000.0,2025,2172000000.0,2025,3446000000.0,2025,2121000000.0,2025,392000000.0,2025,625000000.0,2025,1.0,near-term,2030.0,2021.0,42.0,1 and 2,,,,,,,1.0,1.0,3.0,,,1.0,2892000000.0,2025,772000000.0,2025,0.0,2026,0.0,2026,False
CASY,Casey's,Consumer Staples,Food Retail,0000726958,Casey's,,,Consumer Staples,Food Retail,Iowa,22747873280.0,36904285.0,,,,,285.8481,2023,,,,,17561101000.0,2025,,,,,721620000.0,2025,655920000.0,2025,,,0.0,,,,,,,,,,,,1.0,1.0,3.0,10.0,11.0,1.0,200505000.0,2025,83136000.0,2025,0.0,2026,2.0,2026,False
CAT,Caterpillar Inc.,Industrials,Construction Machinery & Heavy Transportation Equipment,0000018230,Caterpillar Inc.,WRJR7GS4GTRECRRTVX92,,Industrials,Construction Machinery & Heavy Transportation Equipment,Texas,376276058112.0,465300000.0,456901.7,2023,7.0,2023,348.5027,2023,49000000.0,2025,,,67589000000.0,2025,11151000000.0,2025,13413000000.0,2025,8918000000.0,2025,2821000000.0,2025,2148000000.0,2025,0.0,,,,,,,,,1.0,limited,,1.0,1.0,3.0,,,1.0,5190000000.0,2025,2749000000.0,2025,0.0,2026,4.0,2026,False
CB,Chubb Limited,Financials,Property & Casualty Insurance,0000896159,Chubb Limited,E0JAN6VLUDI1HITHT809,,Financials,Property & Casualty Insurance,Switzerland,130496806912.0,391101227.0,,,,,,,,,,,59402000000.0,2025,13044000000.0,2025,,,,,,,,,0.0,,,,,,,,1.0,1.0,reasonable,,1.0,1.0,3.0,,,1.0,3694000000.0,2025,1505000000.0,2025,0.0,2026,0.0,2026,False
CBOE,Cboe Global Markets,Financials,Financial Exchanges & Data,0001374310,Cboe Global Markets,529900RLNSGA90UPEH54,,Financials,Financial Exchanges & Data,Illinois,29349294080.0,104647739.0,,,,,213.9618,2023,2285100000.0,2025,,,4714200000.0,2025,1467100000.0,2025,1589500000.0,2025,1681600000.0,2025,71000000.0,2025,,,0.0,,,,,,,,,,,,1.0,1.0,3.0,,,1.0,66700000.0,2025,284300000.0,2025,0.0,2026,0.0,2026,False
CBRE,CBRE Group,Real Estate,Real Estate Services,0001138118,CBRE Group,52990016II9MJ2OSWA10,,Real Estate,Real Estate Services,Texas,40688222208.0,295731478.0,,,,,348.5027,2023,32984000000.0,2025,,,40550000000.0,2025,1753000000.0,2025,2482000000.0,2025,1193000000.0,2025,366000000.0,2025,,,1.0,net-zero,2030.0,2019.0,50.0,1 and 2,,,,,,,1.0,1.0,3.0,,,1.0,968000000.0,2025,,,0.0,2026,0.0,2026,False
CCI,Crown Castle,Real Estate,Telecom Tower REITs,0001051470,Crown Castle,54930012H97VSM0I2R19,,Real Estate,Telecom Tower REITs,Texas,33045940224.0,435000000.0,,,,,348.5027,2023,113000000.0,2025,,,4264000000.0,2025,2075000000.0,2025,2765000000.0,2025,2875000000.0,2025,182000000.0,2025,,,0.0,,,,,,,,,1.0,limited,,1.0,1.0,3.0,,,1.0,-23000000.0,2025,-2080000000.0,2025,0.0,2026,2.0,2026,False
CCL,Carnival Corporation,Consumer Discretionary,"Hotels, Resorts & Cruise Lines",0000815097,Carnival Corporation,F1OF2ZSX47CR0BCWA982,,Consumer Discretionary,"Hotels, Resorts & Cruise Lines",Florida,31159517184.0,1402000000.0,,,,,356.816,2023,15638000000.0,2024,,,26622000000.0,2025,4483000000.0,2025,7273000000.0,2025,2607000000.0,2025,3611000000.0,2025,,,0.0,,,,,,,,,,,,1.0,1.0,3.0,9.0,11.0,0.0,0.0,2022,0.0,2022,0.0,2026,0.0,2026,False
CDNS,Cadence Design Systems,Information Technology,Application Software,0000813672,Cadence Design Systems,GCT7RXJOGLXPV0NXZY22,,Information Technology,Application Software,California,79690465280.0,271799000.0,,,,,178.4824,2023,,,,,5296759000.0,2025,1492042000.0,2025,1719870000.0,2025,1586910000.0,2025,141871000.0,2025,,,1.0,near-term,2030.0,2019.0,89.78,1 and 2,,,,,,,1.0,1.0,5.0,,,1.0,925034000.0,2025,,,0.0,2026,0.0,2026,False
CDW,CDW Corporation,Information Technology,Technology Distributors,0001402057,CDW Corporation,9845001B052ABF0B6755,,Information Technology,Technology Distributors,Illinois,19226429440.0,129400000.0,,,,,213.9618,2023,17550700000.0,2025,,,22424100000.0,2025,1655600000.0,2025,1951200000.0,2025,1088100000.0,2025,117100000.0,2025,,,0.0,near-term,2030.0,2022.0,42.0,1 and 2,,,,,,,1.0,1.0,3.0,8.0,9.0,1.0,653000000.0,2025,328600000.0,2025,0.0,2026,0.0,2026,False
CEG,Constellation Energy,Utilities,Electric Utilities,0001868275,Constellation Energy,,,Utilities,Electric Utilities,Maryland,100889026560.0,312000000.0,8941320.5,2023,10.0,2023,235.8781,2023,,,,,25533000000.0,2025,3086000000.0,2025,5687000000.0,2025,1288000000.0,2025,2949000000.0,2025,,,0.0,,,,,,,,1.0,,,1.0,1.0,1.0,3.0,,,1.0,400000000.0,2025,486000000.0,2025,6481.0,2026,8.0,2026,False
CF,CF Industries,Materials,Fertilizers & Agricultural Chemicals,0001324404,CF Industries,,,Materials,Fertilizers & Agricultural Chemicals,Illinois,20138565632.0,153552162.0,20579424.2,2023,6.0,2023,213.9618,2023,4360000000.0,2025,,,7084000000.0,2025,2300000000.0,2025,3198000000.0,2025,1802000000.0,2025,950000000.0,2025,,,0.0,,,,,,,,,,,1.0,1.0,0.0,3.0,,,1.0,1365000000.0,2025,326000000.0,2025,45342.0,2026,13.0,2026,False
CFG,Citizens Financial Group,Financials,Regional Banks,0000759944,Citizens Financial Group,2138004JDDA4ZQUPFW65,,Financials,Regional Banks,Rhode Island,29684541440.0,429242174.0,,,,,380.6256,2023,,,,,8247000000.0,2025,2328000000.0,2025,2806000000.0,2025,,,,,,,0.0,,,,,,,,,,,1.0,1.0,1.0,3.0,,,1.0,600000000.0,2025,755000000.0,2025,0.0,2026,0.0,2026,False
CHD,Church & Dwight,Consumer Staples,Household Products,0000313927,Church & Dwight,POOXSI30AWAQGYJZC921,,Consumer Staples,Household Products,New Jersey,22332747776.0,244300000.0,,,,,212.4217,2023,3428400000.0,2025,,,6203200000.0,2025,1077600000.0,2025,1325000000.0,2025,1093000000.0,2025,122400000.0,2025,145600000.0,2025,0.0,near-term,2031.0,2020.0,46.2,1 and 2,,,1.0,,,,1.0,1.0,3.0,10.0,11.0,1.0,900000000.0,2025,287200000.0,2025,0.0,2026,2.0,2026,False
CHRW,C.H. Robinson,Industrials,Air Freight & Logistics,0001043277,C.H. Robinson,,,Industrials,Air Freight & Logistics,Minnesota,17852534784.0,118429000.0,,,,,339.0806,2023,,,,,16232763000.0,2025,794961000.0,2025,897779000.0,2025,894891000.0,2025,19628000.0,2025,,,0.0,,,,,,,,,,,,1.0,1.0,,9.0,10.0,1.0,354652000.0,2025,301376000.0,2025,0.0,2026,0.0,2026,False
CHTR,Charter Communications,Communication Services,Cable & Satellite,0001091667,Charter Communications,0J0XRGZE3PBRFEZ7MV65,,Communication Services,Cable & Satellite,Connecticut,19646515200.0,137743676.0,,,,,244.1532,2023,,,,,54774000000.0,2025,12908000000.0,2025,21619000000.0,2025,4418000000.0,2025,11659000000.0,2025,,,0.0,,,,,,,,,,,,1.0,0.0,,12.0,13.0,1.0,5132000000.0,2025,,,0.0,2026,4.0,2026,False
CI,Cigna,Health Care,Health Care Services,0001739940,Cigna,,,Health Care,Health Care Services,Connecticut,74188161024.0,263464000.0,,,,,244.1532,2023,214991000000.0,2025,,,274900000000.0,2025,9200000000.0,2025,11975000000.0,2025,,,,,,,0.0,commitment,,,,,,,,1.0,limited,,1.0,0.0,3.0,,,1.0,3621000000.0,2025,401000000.0,2025,0.0,2026,0.0,2026,False
CIEN,Ciena,Information Technology,Communications Equipment,0000936395,Ciena,W0CZ7N0GH8UIGXDM1H41,,Information Technology,Communications Equipment,Maryland,49567752192.0,141016300.0,,,,,235.8781,2023,2764590000.0,2025,,,4769507000.0,2025,197531000.0,2025,197531000.0,2025,665292000.0,2025,140801000.0,2025,848329000.0,2025,0.0,near-term,2030.0,2019.0,80.6,1 and 2,,,,1.0,reasonable,,1.0,1.0,1.0,8.0,9.0,1.0,334507000.0,2025,,,0.0,2026,0.0,2026,False
CINF,Cincinnati Financial,Financials,Property & Casualty Insurance,0000020286,Cincinnati Financial,254900Q4WEDMZBOZ0002,,Financials,Property & Casualty Insurance,Ohio,26060572672.0,157700000.0,,,,,482.5511,2023,,,,,12631000000.0,2025,2980000000.0,2025,3791000000.0,2021,3092000000.0,2025,20000000.0,2025,,,0.0,,,,,,,,,,,,1.0,1.0,3.0,,,1.0,205000000.0,2025,525000000.0,2025,0.0,2026,0.0,2026,False
CL,Colgate-Palmolive,Consumer Staples,Household Products,0000021665,Colgate-Palmolive,YMEGZFW4SBUSS5BQXF88,,Consumer Staples,Household Products,New York,69194604544.0,801239524.0,,,,,210.982,2023,8131000000.0,2025,,,20382000000.0,2025,3306000000.0,2025,3936000000.0,2025,3634000000.0,2025,564000000.0,2025,366000000.0,2025,1.0,near-term,2030.0,2020.0,90.0,"1, 2 and 3",,,,,,,1.0,1.0,3.0,,,1.0,1210000000.0,2025,,,942060.0,2026,4.0,2026,False
CLX,Clorox,Consumer Staples,Household Products,0000021076,Clorox,54930044KVSC06Z79I06,,Consumer Staples,Household Products,California,10612905984.0,122694263.0,,,,,178.4824,2023,3891000000.0,2025,,,7104000000.0,2025,1078000000.0,2025,1297000000.0,2025,761000000.0,2025,220000000.0,2025,121000000.0,2025,0.0,near-term,2030.0,2020.0,50.0,1 and 2,,,,1.0,reasonable,,1.0,1.0,3.0,,,1.0,332000000.0,2025,602000000.0,2025,7090.0,2026,9.0,2026,False
CMCSA,Comcast,Communication Services,Cable & Satellite,0001166691,Comcast,51M0QTTNCGUN7KFCFZ59,,Communication Services,Cable & Satellite,Pennsylvania,89425649664.0,3709000000.0,,,,,292.9175,2023,,,,,123707000000.0,2025,20672000000.0,2025,36882000000.0,2025,21893000000.0,2025,11750000000.0,2025,,,0.0,near-term,2030.0,2019.0,50.0,1 and 2,,,,,,,1.0,1.0,3.0,9.0,11.0,1.0,7155000000.0,2025,4894000000.0,2025,53808.0,2026,7.0,2026,False
CME,CME Group,Financials,Financial Exchanges & Data,0001156375,CME Group,,,Financials,Financial Exchanges & Data,Illinois,99078471680.0,360310000.0,,,,,213.9618,2023,,,,,6520600000.0,2025,4229500000.0,2025,4337000000.0,2025,4193600000.0,2025,83500000.0,2025,,,0.0,,,,,,,,,,,,1.0,0.0,3.0,,,1.0,,,3933000000.0,2025,0.0,2026,0.0,2026,False
CMG,Chipotle Mexican Grill,Consumer Discretionary,Restaurants,0001058090,Chipotle Mexican Grill,529900REP5VGTPCP1J71,,Consumer Discretionary,Restaurants,California,45808132096.0,1342616000.0,,,,,178.4824,2023,,,,,11925601000.0,2025,1935798000.0,2025,2297180000.0,2025,1447590000.0,2025,666336000.0,2025,,,0.0,near-term,2030.0,2019.0,50.0,1 and 2,,,,,,1.0,1.0,1.0,3.0,,,1.0,2425516000.0,2025,,,0.0,2026,0.0,2026,False
CMI,Cummins,Industrials,Construction Machinery & Heavy Transportation Equipment,0000026172,Cummins,ZUNI8PYC725B6H8JU438,,Industrials,Construction Machinery & Heavy Transportation Equipment,Indiana,76644696064.0,138700000.0,,,,,660.9703,2023,25154000000.0,2025,,,33670000000.0,2025,4025000000.0,2025,5130000000.0,2025,2386000000.0,2025,1235000000.0,2025,1396000000.0,2025,0.0,near-term,2030.0,2018.0,50.0,1 and 2,,,,,,,1.0,1.0,1.0,10.0,11.0,1.0,0.0,2024,1055000000.0,2025,1675086583.0,2026,34.0,2026,False
CMS,CMS Energy,Utilities,Multi-Utilities,0000811156,CMS Energy,549300IA9XFBAGNIBW29,,Utilities,Multi-Utilities,Michigan,21056706560.0,306400000.0,16989121.6,2023,14.0,2023,359.7763,2023,,,657000000.0,2025,8539000000.0,2025,1727000000.0,2025,3033000000.0,2025,-1519000000.0,2022,2374000000.0,2022,,,0.0,,,,,,,,,,,,1.0,1.0,3.0,,,0.0,,,,,0.0,2026,1.0,2026,False
CNC,Centene Corporation,Health Care,Managed Health Care,0001071739,Centene Corporation,549300Z7JJ4TQSQGT333,,Health Care,Managed Health Care,Missouri,32811147264.0,491757000.0,,,,,655.0494,2023,2670000000.0,2025,,,194777000000.0,2025,-7623000000.0,2025,-6348000000.0,2025,4321000000.0,2025,767000000.0,2025,,,0.0,,,,,,,,,,,,1.0,1.0,3.0,,,1.0,475000000.0,2025,,,0.0,2026,0.0,2026,False
CNP,CenterPoint Energy,Utilities,Multi-Utilities,0001130310,CenterPoint Energy,21TPXMRRHFKOBHDC8J74,,Utilities,Multi-Utilities,Texas,25762549760.0,652869575.0,4192299.9,2023,10.0,2023,348.5027,2023,4000000.0,2025,,,9357000000.0,2025,2110000000.0,2025,3640000000.0,2025,-2384000000.0,2025,4870000000.0,2025,,,0.0,,,,,,,,,,,,1.0,1.0,3.0,,,1.0,,,574000000.0,2025,81500.0,2026,4.0,2026,False
COF,Capital One,Financials,Consumer Finance,0000927628,Capital One,,,Financials,Consumer Finance,Virginia,127788900352.0,625102271.0,,,,,243.5116,2023,,,,,53434000000.0,2025,2281000000.0,2025,7541000000.0,2025,26140000000.0,2025,1578000000.0,2025,,,0.0,,,,,,,,,,,,1.0,1.0,3.0,12.0,13.0,1.0,4099000000.0,2025,1516000000.0,2025,0.0,2026,1.0,2026,False
COHR,Coherent Corp.,Information Technology,Electronic Components,0000820318,Coherent Corp.,549300O5C25A0MMHHU33,,Information Technology,Electronic Components,Pennsylvania,59801288704.0,154755000.0,,,,,292.9175,2023,3766793000.0,2025,,,5810115000.0,2025,94181000.0,2025,647779000.0,2025,192764000.0,2025,440836000.0,2025,581924000.0,2025,0.0,,,,,,,,,,,,1.0,1.0,1.0,,,1.0,0.0,2022,,,0.0,2026,1.0,2026,False
COIN,Coinbase,Financials,Financial Exchanges & Data,0001679788,Coinbase,549300QHD76EP6ZKTT48,,Financials,Financial Exchanges & Data,New York,46240059392.0,267836000.0,,,,,210.982,2023,,,,,7181325000.0,2025,1435441000.0,2025,1623869000.0,2025,-1588352000.0,2022,2933000.0,2022,1670605000.0,2025,0.0,,,,,,,,,,,,1.0,0.0,,7.0,9.0,1.0,790195000.0,2025,,,0.0,2026,0.0,2026,False
COO,Cooper Companies (The),Health Care,Health Care Supplies,0000711404,Cooper Companies (The),QJKMVPIGLH7530PCUE20,,Health Care,Health Care Supplies,California,10251272192.0,195900000.0,,,,,178.4824,2023,1410300000.0,2025,,,4092400000.0,2025,682900000.0,2025,1060300000.0,2025,433700000.0,2025,362400000.0,2025,172200000.0,2025,0.0,,,,,,,,,,,,1.0,1.0,3.0,,,1.0,290100000.0,2025,0.0,2025,0.0,2026,0.0,2026,False
COP,ConocoPhillips,Energy,Oil & Gas Exploration & Production,0001163165,ConocoPhillips,,,Energy,Oil & Gas Exploration & Production,Texas,165003706368.0,1253446000.0,1133099.9,2023,7.0,2023,348.5027,2023,22325000000.0,2025,,,58944000000.0,2025,12656000000.0,2025,24156000000.0,2025,18155000000.0,2022,10159000000.0,2022,78000000.0,2025,0.0,,,,,,,,,,,,1.0,1.0,3.0,11.0,13.0,1.0,5018000000.0,2025,3995000000.0,2025,70718597.0,2026,60.0,2026,False
COR,Cencora,Health Care,Health Care Distributors,0001140859,Cencora,AI8GXW8LG5WK7E9UD086,,Health Care,Health Care Distributors,Pennsylvania,61364293632.0,193937673.0,,,,,292.9175,2023,309854280000.0,2025,,,321332819000.0,2025,2628601000.0,2025,3679676000.0,2025,3207139000.0,2025,667981000.0,2025,,,0.0,near-term,2032.0,2019.0,54.6,1 and 2,,,,,,,1.0,0.0,3.0,,,1.0,435471000.0,2025,437081000.0,2025,0.0,2026,0.0,2026,False
COST,Costco,Consumer Staples,Consumer Staples Merchandise Retail,0000909832,Costco,,,Consumer Staples,Consumer Staples Merchandise Retail,Washington,401246322688.0,443237000.0,,,,,120.2561,2023,239886000000.0,2025,,,275235000000.0,2025,10383000000.0,2025,12809000000.0,2025,7837000000.0,2025,5498000000.0,2025,,,0.0,,,,,,,,,,,,1.0,0.0,,,,1.0,903000000.0,2025,2183000000.0,2025,3082756.0,2026,27.0,2026,False
CPAY,Corpay,Financials,Transaction & Payment Processing Services,0001175454,Corpay,549300DG6RR0NQSFLN74,,Financials,Transaction & Payment Processing Services,Georgia,26803562496.0,68362289.0,,,,,323.7885,2023,,,,,4528403000.0,2025,1994108000.0,2025,2387411000.0,2025,1299145000.0,2025,200756000.0,2025,,,0.0,,,,,,,,,,,,1.0,0.0,1.0,,,1.0,782818000.0,2025,,,0.0,2026,0.0,2026,False
CPRT,Copart,Industrials,Diversified Support Services,0000900075,Copart,549300KVYX3JWMYEHU61,,Industrials,Diversified Support Services,Texas,27728054272.0,967478690.0,,,,,348.5027,2023,,,,,4646958000.0,2025,1696714000.0,2025,1912563000.0,2025,1230760000.0,2025,568990000.0,2025,,,0.0,,,,,,,,,,,,0.0,0.0,,,,1.0,0.0,2021,,,49600.0,2026,9.0,2026,False
CPT,Camden Property Trust,Real Estate,Multi-Family Residential REITs,0000906345,Camden Property Trust,5493002MYX22OHYJBD89,,Real Estate,Multi-Family Residential REITs,Texas,11921612800.0,104300000.0,,,,,348.5027,2023,566710000.0,2025,,,12967000.0,2025,,,,,,,,,,,0.0,,,,,,,,,,,,1.0,1.0,3.0,,,0.0,270654000.0,2025,460950000.0,2025,0.0,2026,0.0,2026,False
CRH,CRH plc,Materials,Construction Materials,0000849395,CRH plc,,,Materials,Construction Materials,Ireland,58910941184.0,706946142.0,,,,,,,23919000000.0,2025,,,37447000000.0,2025,5440000000.0,2025,7596000000.0,2025,2912000000.0,2025,2713000000.0,2025,,,0.0,near-term,2030.0,,,,,,,,,,1.0,1.0,3.0,,,0.0,1181000000.0,2025,,,0.0,2026,0.0,2026,False
CRL,Charles River Laboratories,Health Care,Life Sciences Tools & Services,0001100682,Charles River Laboratories,5493008S8WYPIT0LWO97,,Health Care,Life Sciences Tools & Services,Massachusetts,13403152384.0,49217000.0,,,,,373.0301,2023,,,,,4015382000.0,2025,25162000.0,2025,428474000.0,2025,518494000.0,2025,219152000.0,2025,,,0.0,near-term,2030.0,2018.0,50.0,1 and 2,,,,,,,1.0,1.0,3.0,,,1.0,360673000.0,2025,,,0.0,2026,4.0,2026,False
CRM,Salesforce,Information Technology,Application Software,0001108524,Salesforce,RCGZFPDMRW58VJ54VR07,,Information Technology,Application Software,California,203873566720.0,929000000.0,,,,,178.4824,2023,9270000000.0,2025,,,41525000000.0,2025,8331000000.0,2025,9531000000.0,2025,14402000000.0,2025,594000000.0,2025,5993000000.0,2025,0.0,,,,,,,,,1.0,limited,,1.0,1.0,3.0,,,1.0,12596000000.0,2025,1587000000.0,2025,0.0,2026,0.0,2026,False
CRWD,CrowdStrike,Information Technology,Systems Software,0001535527,CrowdStrike,,,Information Technology,Systems Software,Texas,211688292352.0,250576000.0,,,,,348.5027,2023,1218929000.0,2025,,,4812005000.0,2025,-293292000.0,2025,-293292000.0,2026,1310241000.0,2025,302108000.0,2025,1384770000.0,2025,0.0,near-term,2031.0,2025.0,35.39,1 and 2,,,,1.0,limited,1.0,1.0,1.0,1.0,,,0.0,,,,,0.0,2026,0.0,2026,False
CSCO,Cisco,Information Technology,Communications Equipment,0000858877,Cisco,,,Information Technology,Communications Equipment,California,442082263040.0,3960000000.0,,,,,178.4824,2023,19864000000.0,2025,,,56654000000.0,2025,11760000000.0,2025,12460000000.0,2025,13288000000.0,2025,905000000.0,2025,9300000000.0,2025,0.0,,,,,,,,,,,1.0,1.0,0.0,3.0,,,1.0,6000000000.0,2025,6437000000.0,2025,0.0,2026,3.0,2026,False
CSGP,CoStar Group,Real Estate,Real Estate Services,0001057352,CoStar Group,984500Q1D53D08E2E698,,Real Estate,Real Estate Services,D.C.,12342318080.0,417900000.0,,,,,178.7602,2023,686000000.0,2025,,,3247000000.0,2025,-72000000.0,2025,191000000.0,2025,123000000.0,2025,307000000.0,2025,,,1.0,near-term,2033.0,2023.0,54.6,1 and 2,,,1.0,,,,1.0,1.0,1.0,,,0.0,500000000.0,2025,,,0.0,2026,0.0,2026,False
CSX,CSX Corporation,Industrials,Rail Transportation,0000277948,CSX Corporation,549300JVQR4N1MMP3Q88,,Industrials,Rail Transportation,Florida,90678648832.0,1860000000.0,,,,,356.816,2023,,,1095000000.0,2025,14092000000.0,2025,4521000000.0,2025,6201000000.0,2025,1711000000.0,2025,2902000000.0,2025,,,0.0,near-term,2029.0,,,,,,,,,,1.0,0.0,3.0,,,1.0,1396000000.0,2025,972000000.0,2025,0.0,2026,1.0,2026,False
CTAS,Cintas,Industrials,Diversified Support Services,0000723254,Cintas,,,Industrials,Diversified Support Services,Ohio,80634167296.0,400147000.0,,,,,482.5511,2023,5556968000.0,2025,,,11264761000.0,2025,2606512000.0,2025,3119358000.0,2025,1881175000.0,2025,395105000.0,2025,,,0.0,,,,,,,,,,,,1.0,0.0,,,,1.0,952104000.0,2025,701485000.0,2025,33004.0,2026,31.0,2026,False
CTSH,Cognizant,Information Technology,IT Consulting & Other Services,0001058290,Cognizant,549300B0UI41Y56MP043,,Information Technology,IT Consulting & Other Services,New Jersey,27026653184.0,479000000.0,,,,,212.4217,2023,,,,,21108000000.0,2025,3389000000.0,2025,3939000000.0,2025,2595000000.0,2025,288000000.0,2025,,,0.0,,,,,,,,,,,,1.0,1.0,3.0,,,0.0,1378000000.0,2025,610000000.0,2025,0.0,2026,0.0,2026,False
CTVA,Corteva,Materials,Fertilizers & Agricultural Chemicals,0001755672,Corteva,549300WZN9I2QKLS0O94,,Materials,Fertilizers & Agricultural Chemicals,Indiana,55977746432.0,672163000.0,82753.7,2023,2.0,2023,660.9703,2023,9172000000.0,2025,,,17401000000.0,2025,1688000000.0,2025,2891000000.0,2025,2815000000.0,2025,591000000.0,2025,1474000000.0,2025,0.0,,,,,,,,,,,,1.0,1.0,3.0,11.0,12.0,1.0,1071000000.0,2025,475000000.0,2025,315634.0,2026,13.0,2026,False
CVNA,Carvana,Consumer Discretionary,Automotive Retail,0001690820,Carvana,,,Consumer Discretionary,Automotive Retail,Arizona,76661358592.0,224277000.0,,,,,311.4764,2023,16130000000.0,2025,,,20322000000.0,2025,1881000000.0,2025,1881000000.0,2025,889000000.0,2025,147000000.0,2025,,,0.0,,,,,,,,,,,,1.0,1.0,,,,1.0,,,,,12800.0,2026,8.0,2026,False
CVS,CVS Health,Health Care,Health Care Services,0000064803,CVS Health,549300EJG376EN5NQE29,,Health Care,Health Care Services,Rhode Island,121067339776.0,1271000000.0,,,,,380.6256,2023,221167000000.0,2025,,,402067000000.0,2025,4660000000.0,2025,9266000000.0,2025,7807000000.0,2025,2832000000.0,2025,,,1.0,near-term,2030.0,2019.0,47.0,1 and 2,,,,,,,1.0,1.0,3.0,,,1.0,0.0,2025,3397000000.0,2025,0.0,2026,0.0,2026,False
CVX,Chevron Corporation,Energy,Integrated Oil & Gas,0000093410,Chevron Corporation,,,Energy,Integrated Oil & Gas,Texas,419900817408.0,1856000000.0,15866256.5,2023,31.0,2023,348.5027,2023,108214000000.0,2025,,,189031000000.0,2025,,,,,16592000000.0,2025,17347000000.0,2025,427000000.0,2025,0.0,,,,,,,,,,,,1.0,1.0,3.0,,,1.0,12079000000.0,2025,12751000000.0,2025,0.0,2026,1.0,2026,False
D,Dominion Energy,Utilities,Multi-Utilities,0000715957,Dominion Energy,,,Utilities,Multi-Utilities,Virginia,56606289920.0,879000000.0,29193868.7,2023,33.0,2023,243.5116,2023,,,,,16523000000.0,2025,4414000000.0,2025,6801000000.0,2025,,,,,,,0.0,,,,,,,,,,,1.0,1.0,1.0,3.0,10.0,11.0,1.0,,,2278000000.0,2025,70767.0,2026,25.0,2026,False
DAL,Delta Air Lines,Industrials,Passenger Airlines,0000027904,Delta Air Lines,Q2CCMS6R0AS67HJMBN42,,Industrials,Passenger Airlines,Georgia,52550660096.0,654000000.0,1256096.9,2023,2.0,2023,323.7885,2023,,,9819000000.0,2025,63364000000.0,2025,5822000000.0,2025,8265000000.0,2025,3843000000.0,2025,4499000000.0,2025,,,0.0,near-term,2035.0,,,,,,,,,,1.0,0.0,3.0,12.0,14.0,1.0,0.0,2022,440000000.0,2025,5315275.0,2026,18.0,2026,False
DASH,DoorDash,Consumer Discretionary,Specialized Consumer Services,0001792789,DoorDash,549300NUQ43FGGSK5051,,Consumer Discretionary,Specialized Consumer Services,California,87504519168.0,439686000.0,,,,,178.4824,2023,,,,,13717000000.0,2025,723000000.0,2025,1470000000.0,2025,2174000000.0,2025,257000000.0,2025,1431000000.0,2025,0.0,,,,,,,,,,,,1.0,0.0,,,,1.0,0.0,2025,,,0.0,2026,0.0,2026,False
DD,DuPont,Industrials,Industrial Conglomerates,0001666700,DuPont,,,Industrials,Industrial Conglomerates,Delaware,17149107200.0,419200000.0,,,,,318.9636,2023,4486000000.0,2025,,,6849000000.0,2025,200000000.0,2025,847000000.0,2025,227000000.0,2025,333000000.0,2025,193000000.0,2025,0.0,,,,,,,,,,,,1.0,1.0,3.0,,,1.0,2143000000.0,2021,597000000.0,2025,11265686.0,2026,98.0,2026,False
DDOG,Datadog,Information Technology,Application Software,0001561550,Datadog,549300F6JNO0KRPO1K63,,Information Technology,Application Software,New York,79430983680.0,363472000.0,,,,,210.982,2023,686957000.0,2025,,,3427158000.0,2025,-44373000.0,2025,4827000.0,2025,1000557000.0,2025,49578000.0,2025,1548451000.0,2025,0.0,,,,,,,,,,,,1.0,1.0,1.0,,,1.0,,,,,0.0,2026,0.0,2026,False
DE,Deere & Company,Industrials,Agricultural & Farm Machinery,0000315189,Deere & Company,PWFTNG3EI0Y73OXWDH08,,Industrials,Agricultural & Farm Machinery,Illinois,182196666368.0,270400000.0,45075.9,2023,1.0,2023,213.9618,2023,,,,,45684000000.0,2025,9039000000.0,2025,11268000000.0,2025,6099000000.0,2025,1360000000.0,2025,2311000000.0,2025,0.0,near-term,2030.0,2021.0,50.0,1 and 2,,,1.0,,,1.0,1.0,1.0,3.0,,,1.0,1138000000.0,2025,1720000000.0,2025,0.0,2026,0.0,2026,False
DECK,Deckers Brands,Consumer Discretionary,Footwear,0000910521,Deckers Brands,,,Consumer Discretionary,Footwear,California,11067498496.0,139978000.0,,,,,178.4824,2023,2314570000.0,2025,,,5472296000.0,2025,1262903000.0,2025,1338676000.0,2025,1097332000.0,2025,84623000.0,2025,68899000.0,2025,0.0,near-term,2030.0,2019.0,46.0,1 and 2,,,1.0,1.0,limited,,1.0,1.0,3.0,,,0.0,1075100000.0,2025,,,0.0,2026,0.0,2026,False
DELL,Dell Technologies,Information Technology,"Technology Hardware, Storage & Peripherals",0001571996,Dell Technologies,549300TJB5YBRUPOG437,,Information Technology,"Technology Hardware, Storage & Peripherals",Texas,360690188288.0,652000000.0,,,,,348.5027,2023,90831000000.0,2025,,,113538000000.0,2025,8149000000.0,2025,11178000000.0,2025,8552000000.0,2025,2633000000.0,2025,3142000000.0,2025,1.0,net-zero,2031.0,2020.0,50.0,1 and 2,,,,,,,1.0,1.0,3.0,6.0,8.0,1.0,6014000000.0,2025,1459000000.0,2025,0.0,2026,0.0,2026,False
DG,Dollar General,Consumer Staples,Consumer Staples Merchandise Retail,0000029534,Dollar General,OPX52SQVOZI8IVSWYU66,,Consumer Staples,Consumer Staples Merchandise Retail,Tennessee,27484438528.0,220222000.0,,,,,298.1312,2023,29624680000.0,2025,,,42724369000.0,2025,2203668000.0,2025,3249986000.0,2025,2393338000.0,2025,1241162000.0,2025,,,0.0,,,,,,,,,,,,1.0,1.0,1.0,,,1.0,2748014000.0,2022,519510000.0,2025,27973.0,2026,549.0,2026,False
DGX,Quest Diagnostics,Health Care,Health Care Services,0001022079,Quest Diagnostics,8MCWUBXQ0WE04KMXBX50,,Health Care,Health Care Services,New Jersey,25939947520.0,113000000.0,,,,,212.4217,2023,7370000000.0,2025,,,11035000000.0,2025,1556000000.0,2025,2126000000.0,2025,1359000000.0,2025,527000000.0,2025,,,0.0,,,,,,,,,,,,1.0,0.0,3.0,10.0,11.0,1.0,450000000.0,2025,353000000.0,2025,18375.0,2026,9.0,2026,False
DHI,D. R. Horton,Consumer Discretionary,Homebuilding,0000882184,D. R. Horton,,,Consumer Discretionary,Homebuilding,Texas,38568009728.0,294475153.0,,,,,348.5027,2023,26134200000.0,2025,,,34250400000.0,2025,4739900000.0,2025,4841200000.0,2025,3283500000.0,2025,137400000.0,2025,,,0.0,,,,,,,,,1.0,limited,,1.0,1.0,3.0,6.0,8.0,0.0,4300000000.0,2025,494800000.0,2025,0.0,2026,0.0,2026,False
DHR,Danaher Corporation,Health Care,Life Sciences Tools & Services,0000313616,Danaher Corporation,,,Health Care,Life Sciences Tools & Services,D.C.,140695633920.0,706900000.0,,,,,178.7602,2023,10045000000.0,2025,,,24568000000.0,2025,4690000000.0,2025,6856000000.0,2025,5260000000.0,2025,1156000000.0,2025,1598000000.0,2025,1.0,near-term,2035.0,2021.0,54.6,1 and 2,,,,,,,1.0,1.0,3.0,,,1.0,3088000000.0,2025,878000000.0,2025,0.0,2026,0.0,2026,False
DIS,Walt Disney Company (The),Communication Services,Movies & Entertainment,0001744489,Walt Disney Company (The),549300GZKULIZ0WOW665,,Communication Services,Movies & Entertainment,California,183978491904.0,1900000000.0,108269.9,2023,1.0,2023,178.4824,2023,,,,,94425000000.0,2025,17551000000.0,2025,22877000000.0,2025,10077000000.0,2025,8024000000.0,2025,,,0.0,near-term,2030.0,2019.0,46.2,1 and 2,,,,,,,1.0,1.0,3.0,,,0.0,3500000000.0,2025,1803000000.0,2025,0.0,2026,0.0,2026,False
DLR,Digital Realty,Real Estate,Data Center REITs,0001297996,Digital Realty,,,Real Estate,Data Center REITs,Texas,71219822592.0,343557000.0,,,,,348.5027,2023,,,,,6112692000.0,2025,658492000.0,2025,2553128000.0,2025,,,,,,,0.0,near-term,2030.0,2023.0,42.0,1 and 2,,,,,,,1.0,0.0,3.0,9.0,10.0,1.0,,,1728466000.0,2025,3663.0,2026,3.0,2026,False
DLTR,Dollar Tree,Consumer Staples,Consumer Staples Merchandise Retail,0000935703,Dollar Tree,549300PMSTQITB1WHR43,,Consumer Staples,Consumer Staples Merchandise Retail,Virginia,22172272640.0,198505205.0,,,,,243.5116,2023,12345000000.0,2025,,,19411800000.0,2025,1653100000.0,2025,2301200000.0,2025,1056700000.0,2025,1134000000.0,2025,,,0.0,,,,,,,,,,,,1.0,1.0,3.0,,,1.0,1548000000.0,2025,,,6304.0,2026,9.0,2026,False
DOC,Healthpeak Properties,Real Estate,Health Care REITs,0000765880,Healthpeak Properties,254900M6MTMZM0I22L81,,Real Estate,Health Care REITs,Colorado,14391628800.0,695036731.0,,,,,492.1572,2023,1074861000.0,2024,,,2822512000.0,2025,,,,,357010000.0,2025,894949000.0,2025,,,0.0,near-term,2033.0,2018.0,38.0,1 and 2,,,,,,,1.0,1.0,3.0,,,0.0,97145000.0,2025,849095000.0,2025,2500.0,2026,1.0,2026,False
DOV,Dover Corporation,Industrials,Industrial Machinery & Supplies & Components,0000029905,Dover Corporation,549300FMC2ALGA7N9E80,,Industrials,Industrial Machinery & Supplies & Components,Illinois,25461297152.0,137777000.0,,,,,213.9618,2023,4874402000.0,2025,,,8092571000.0,2025,1373361000.0,2025,1752938000.0,2025,1117742000.0,2025,220263000.0,2025,165342000.0,2025,0.0,near-term,2030.0,,15.0,3,,,,,,1.0,1.0,1.0,3.0,8.0,9.0,1.0,540700000.0,2025,283007000.0,2025,26120.0,2026,2.0,2026,False
DOW,Dow Inc.,Materials,Commodity Chemicals,0001751788,Dow Inc.,5493003S21INSLK2IP73,,Materials,Commodity Chemicals,Michigan,20969551872.0,711600000.0,11429962.2,2023,16.0,2023,359.7763,2023,37435000000.0,2025,,,39968000000.0,2025,-2511000000.0,2025,323000000.0,2025,-1447000000.0,2025,2479000000.0,2025,,,0.0,,,,,,,,,1.0,limited,1.0,1.0,1.0,3.0,11.0,12.0,1.0,0.0,2025,1490000000.0,2025,0.0,2026,0.0,2026,False
DPZ,Domino's,Consumer Discretionary,Restaurants,0001286681,Domino's,,,Consumer Discretionary,Restaurants,Michigan,10308269056.0,33627992.0,,,,,359.7763,2023,2966434000.0,2025,,,4939994000.0,2025,953974000.0,2025,1042801000.0,2025,671504000.0,2025,120558000.0,2025,,,0.0,,,,,,,,,,,,1.0,1.0,3.0,,,1.0,357697000.0,2025,236861000.0,2025,0.0,2026,0.0,2026,False
DRI,Darden Restaurants,Consumer Discretionary,Restaurants,0000940944,Darden Restaurants,CY1NFSCCB5GUXC7WZC70,,Consumer Discretionary,Restaurants,Florida,23831279616.0,114100000.0,,,,,356.816,2023,,,,,13210900000.0,2025,1582800000.0,2025,2143900000.0,2025,1119100000.0,2025,734000000.0,2025,,,0.0,,,,,,,,,,,,1.0,1.0,5.0,8.0,9.0,1.0,671700000.0,2025,693000000.0,2025,0.0,2026,0.0,2026,False
DTE,DTE Energy,Utilities,Multi-Utilities,0000936340,DTE Energy,549300IX8SD6XXD71I78,,Utilities,Multi-Utilities,Michigan,27588315136.0,207745154.0,23423239.4,2023,24.0,2023,359.7763,2023,,,,,15814000000.0,2025,2374000000.0,2025,4215000000.0,2025,,,,,,,0.0,,,,,,,,,,,,1.0,0.0,3.0,11.0,13.0,1.0,0.0,2024,871000000.0,2025,100000000.0,2026,4.0,2026,False
DUK,Duke Energy,Utilities,Electric Utilities,0001326160,Duke Energy,I1BZKREC126H0VB1BL91,,Utilities,Electric Utilities,North Carolina,93112033280.0,778000000.0,72776123.2,2023,49.0,2023,283.0228,2023,,,,,32237000000.0,2025,8626000000.0,2025,16330000000.0,2025,-1694000000.0,2025,14024000000.0,2025,,,0.0,,,,,,,,,,,,1.0,0.0,3.0,,,1.0,,,3179000000.0,2022,5405631.0,2026,41.0,2026,False
DVA,DaVita,Health Care,Health Care Services,0000927066,DaVita,M2XHYMU3TZNEZURC6H66,,Health Care,Health Care Services,Colorado,11582889984.0,68549000.0,,,,,492.1572,2023,,,,,13643069000.0,2025,2043615000.0,2025,2751867000.0,2025,1310636000.0,2025,575864000.0,2025,,,0.0,near-term,2030.0,2018.0,50.0,1 and 2,,,,,,,1.0,1.0,3.0,,,0.0,1308366000.0,2025,0.0,2025,0.0,2026,0.0,2026,False
DVN,Devon Energy,Energy,Oil & Gas Exploration & Production,0001090012,Devon Energy,54930042348RKR3ZPN35,,Energy,Oil & Gas Exploration & Production,Oklahoma,55253000192.0,633000000.0,36538.4,2023,6.0,2023,293.568,2023,,,,,17188000000.0,2025,3466000000.0,2025,7061000000.0,2025,3119000000.0,2025,3592000000.0,2025,,,0.0,,,,,,,,,1.0,reasonable,,1.0,1.0,3.0,,,1.0,1050000000.0,2025,937000000.0,2024,6300.0,2026,18.0,2026,False
DXCM,Dexcom,Health Care,Health Care Equipment,0001093557,Dexcom,549300YSK3QDSFR5EU59,,Health Care,Health Care Equipment,California,31332263936.0,384800000.0,,,,,178.4824,2023,1860100000.0,2025,,,4662000000.0,2025,911800000.0,2025,1163600000.0,2025,1077200000.0,2025,363500000.0,2025,599100000.0,2025,0.0,commitment,,,,,,,,,,,1.0,1.0,1.0,,,1.0,500000000.0,2025,,,0.0,2026,1.0,2026,False
EBAY,eBay Inc.,Consumer Discretionary,Broadline Retail,0001065088,eBay Inc.,OML71K8X303XQONU6T67,,Consumer Discretionary,Broadline Retail,California,47948750848.0,449000000.0,,,,,178.4824,2023,3169000000.0,2025,,,11100000000.0,2025,2277000000.0,2025,2698000000.0,2025,1434000000.0,2025,525000000.0,2025,1642000000.0,2025,1.0,near-term,2030.0,2019.0,90.0,1 and 2,,,,,,,1.0,1.0,3.0,11.0,12.0,1.0,2500000000.0,2025,531000000.0,2025,0.0,2026,0.0,2026,False
ECHO,EchoStar,Communication Services,Wireless Telecommunication Services,0001415404,EchoStar,549300EE20907QZ9GT38,,Communication Services,Wireless Telecommunication Services,Colorado,27056306176.0,287589000.0,,,,,492.1572,2023,,,,,15004989000.0,2025,-17723146000.0,2025,-16137597000.0,2025,-1065104000.0,2025,965730000.0,2025,68000000.0,2025,0.0,,,,,,,,,,,,0.0,1.0,,,,0.0,48512000.0,2025,,,0.0,2026,0.0,2026,False
ECL,Ecolab,Materials,Specialty Chemicals,0000031462,Ecolab,82DYEISM090VG8LTLS26,,Materials,Specialty Chemicals,Minnesota,77421150208.0,282000000.0,,,,,339.0806,2023,8930800000.0,2025,,,16081200000.0,2025,2737600000.0,2025,3452100000.0,2025,1904300000.0,2025,1048300000.0,2025,202000000.0,2025,1.0,near-term,2030.0,2018.0,50.4,1 and 2,,,1.0,,,,1.0,1.0,3.0,12.0,13.0,1.0,783800000.0,2025,753600000.0,2025,959538.0,2026,25.0,2026,False
ED,Consolidated Edison,Utilities,Multi-Utilities,0001047862,Consolidated Edison,54930033SBW53OO8T749,,Utilities,Multi-Utilities,New York,39371956224.0,361121447.0,2697757.7,2023,8.0,2023,210.982,2023,,,,,17049000000.0,2025,2935000000.0,2025,5256000000.0,2025,-530000000.0,2022,4465000000.0,2022,27000000.0,2022,0.0,,,,,,,,,,,,1.0,1.0,3.0,,,1.0,0.0,2025,1166000000.0,2025,104301.0,2026,6.0,2026,False
EFX,Equifax,Industrials,Research & Consulting Services,0000033185,Equifax,5493004MCF8JDC86VS77,,Industrials,Research & Consulting Services,Georgia,19854948352.0,120400000.0,,,,,323.7885,2023,,,,,6074500000.0,2025,1095200000.0,2025,1822100000.0,2025,1134300000.0,2025,481400000.0,2025,,,0.0,near-term,2032.0,2019.0,54.6,1 and 2,,,,,,,1.0,1.0,3.0,9.0,10.0,0.0,927500000.0,2025,232800000.0,2025,0.0,2026,0.0,2026,False
EG,Everest Group,Financials,Reinsurance,0001095073,Everest Group,549300N24XF2VV0B3570,,Financials,Reinsurance,Bermuda,14252378112.0,74400000.0,,,,,,,,,,,17496000000.0,2025,1887000000.0,2025,,,,,,,,,0.0,,,,,,,,,,,,1.0,1.0,1.0,,,0.0,797000000.0,2025,335000000.0,2025,0.0,2026,0.0,2026,False
EIX,Edison International,Utilities,Electric Utilities,0000827052,Edison International,549300I7ROF15MAEVP56,,Utilities,Electric Utilities,California,21549582336.0,384787056.0,1102588.9,2023,3.0,2023,178.4824,2023,,,,,19317000000.0,2025,7093000000.0,2025,10330000000.0,2025,-715000000.0,2025,6515000000.0,2025,,,0.0,,,,,,,,,,,,1.0,0.0,3.0,,,0.0,32000000.0,2025,1274000000.0,2025,0.0,2026,0.0,2026,False
EL,Estée Lauder Companies (The),Consumer Staples,Personal Care Products,0001001250,Estée Lauder Companies (The),,,Consumer Staples,Personal Care Products,New York,35137875968.0,360100000.0,,,,,210.982,2023,3729000000.0,2025,,,14326000000.0,2025,-785000000.0,2025,44000000.0,2025,670000000.0,2025,602000000.0,2025,,,0.0,near-term,2030.0,2018.0,50.4,1 and 2,,,,,,,1.0,1.0,3.0,,,1.0,35000000.0,2025,618000000.0,2025,0.0,2026,0.0,2026,False
ELV,Elevance Health,Health Care,Managed Health Care,0001156039,Elevance Health,8MYN82XMYQH89CTMTH67,,Health Care,Managed Health Care,Indiana,90807508992.0,220723898.0,,,,,660.9703,2023,21178000000.0,2025,,,199125000000.0,2025,7199000000.0,2025,8745000000.0,2025,3174000000.0,2025,1116000000.0,2025,,,0.0,near-term,2030.0,2019.0,46.2,1,,,,,,,1.0,1.0,3.0,11.0,12.0,0.0,2605000000.0,2025,1529000000.0,2025,0.0,2026,0.0,2026,False
EME,Emcor,Industrials,Construction & Engineering,0000105634,Emcor,529900X0SQJB2J7YDU43,,Industrials,Construction & Engineering,Connecticut,34434834432.0,44520367.0,,,,,244.1532,2023,13703434000.0,2025,,,16986422000.0,2025,1713418000.0,2025,1765240000.0,2025,1189313000.0,2025,112750000.0,2025,,,0.0,commitment,,,,,,,1.0,,,,1.0,0.0,,9.0,10.0,1.0,586258000.0,2025,45023000.0,2025,0.0,2026,2.0,2026,False
EMR,Emerson Electric,Industrials,Electrical Components & Equipment,0000032604,Emerson Electric,FGLT0EWZSUIRRITFOA30,,Industrials,Electrical Components & Equipment,Missouri,84891582464.0,562800000.0,,,,,655.0494,2023,8497000000.0,2025,,,18016000000.0,2025,2934000000.0,2025,4452000000.0,2025,2667000000.0,2025,431000000.0,2025,771000000.0,2025,1.0,net-zero,2030.0,2021.0,25.0,3,,,,,,,1.0,0.0,3.0,,,1.0,1167000000.0,2025,1192000000.0,2025,0.0,2026,3.0,2026,False
EOG,EOG Resources,Energy,Oil & Gas Exploration & Production,0000821189,EOG Resources,XWTZDRYZPBUHIQBKDB46,,Energy,Oil & Gas Exploration & Production,Texas,77294624768.0,546000000.0,318787.6,2023,7.0,2023,348.5027,2023,,,,,22632000000.0,2025,6385000000.0,2025,10846000000.0,2025,,,,,,,0.0,,,,,,,,,,,,1.0,0.0,3.0,,,1.0,2564000000.0,2025,,,8683500.0,2026,43.0,2026,False
EQIX,Equinix,Real Estate,Data Center REITs,0001101239,Equinix,,,Real Estate,Data Center REITs,California,102393577472.0,98226000.0,,,,,178.4824,2023,4508000000.0,2025,,,9217000000.0,2025,1848000000.0,2025,3898000000.0,2025,-400000000.0,2025,4311000000.0,2025,,,1.0,near-term,2030.0,2019.0,50.0,1 and 2,,,,,,,1.0,1.0,1.0,,,1.0,,,1856000000.0,2025,91229.0,2026,7.0,2026,False
EQT,EQT Corporation,Energy,Oil & Gas Exploration & Production,0000033213,EQT Corporation,4NT01YGM4X7ZX86ISY52,,Energy,Oil & Gas Exploration & Production,Pennsylvania,33821650944.0,615717000.0,162027.8,2017,5.0,2017,292.9175,2023,1532090000.0,2025,,,8644211000.0,2025,3249619000.0,2025,5850009000.0,2025,2837527000.0,2025,2288425000.0,2025,,,0.0,,,,,,,,,,,1.0,1.0,1.0,3.0,,,0.0,0.0,2025,389633000.0,2025,0.0,2026,0.0,2026,False
ERIE,Erie Indemnity,Financials,Insurance Brokers,0000922621,Erie Indemnity,549300WA5KP94KRUFZ80,,Financials,Insurance Brokers,Pennsylvania,12812585984.0,46189068.0,,,,,292.9175,2023,,,,,4067258000.0,2025,717184000.0,2025,786634000.0,2025,570965000.0,2025,115692000.0,2025,,,0.0,,,,,,,,,,,,,,,,,,,,254275000.0,2025,0.0,2026,0.0,2026,False
ES,Eversource Energy,Utilities,Electric Utilities,0000072741,Eversource Energy,SJ7XXD41SQU3ZNWUJ746,,Utilities,Electric Utilities,Connecticut,25809752064.0,375416880.0,206262.3,2023,3.0,2023,244.1532,2023,,,,,13547244000.0,2025,2988589000.0,2025,5393089000.0,2025,-45097000.0,2025,4158669000.0,2025,,,0.0,commitment,,,,,,,1.0,,,1.0,1.0,0.0,3.0,,,0.0,,,1093074000.0,2025,0.0,2026,3.0,2026,False
ESS,Essex Property Trust,Real Estate,Multi-Family Residential REITs,0000920522,Essex Property Trust,549300TR2H2VEFX0NC60,,Real Estate,Multi-Family Residential REITs,California,18812475392.0,64442290.0,,,,,178.4824,2023,,,,,1887345000.0,2025,899316000.0,2025,1506858000.0,2025,,,,,,,0.0,near-term,2034.0,,,,,,,1.0,limited,,1.0,1.0,3.0,8.0,9.0,1.0,0.0,2025,,,0.0,2026,0.0,2026,False
ETN,Eaton Corporation,Industrials,Electrical Components & Equipment,0001551182,Eaton Corporation,,,Industrials,Electrical Components & Equipment,Ireland,165213700096.0,387900000.0,,,,,,,17131000000.0,2025,,,27448000000.0,2025,4932000000.0,2025,5938000000.0,2025,3553000000.0,2025,919000000.0,2025,797000000.0,2025,0.0,near-term,2030.0,,,,,,,,,,1.0,1.0,3.0,,,0.0,1862000000.0,2025,1626000000.0,2025,23200.0,2026,9.0,2026,False
ETR,Entergy,Utilities,Electric Utilities,0000065984,Entergy,4XM3TW50JULSLG8BNC79,,Utilities,Electric Utilities,Louisiana,50324303872.0,450151884.0,38142109.1,2023,30.0,2023,345.367,2023,,,,,12946686000.0,2025,3202278000.0,2025,5507846000.0,2025,-2534271000.0,2025,7684922000.0,2025,,,0.0,,,,,,,,,,,,1.0,0.0,1.0,,,1.0,,,1074151000.0,2025,79237.0,2026,26.0,2026,False
EVRG,Evergy,Utilities,Electric Utilities,0001711269,Evergy,549300PGTHDQY6PSUI61,,Utilities,Electric Utilities,Missouri,18818893824.0,233600000.0,23109085.7,2023,14.0,2023,655.0494,2023,,,,,5961600000.0,2025,1532900000.0,2025,2695800000.0,2025,-751700000.0,2025,2796900000.0,2025,,,0.0,,,,,,,,,,,,1.0,1.0,3.0,,,1.0,0.0,2021,613100000.0,2025,123750.0,2026,6.0,2026,False
EW,Edwards Lifesciences,Health Care,Health Care Equipment,0001099800,Edwards Lifesciences,,,Health Care,Health Care Equipment,California,48630870016.0,580700000.0,,,,,178.4824,2023,1334200000.0,2025,,,6067600000.0,2025,1264200000.0,2025,1420800000.0,2025,1335000000.0,2025,260200000.0,2025,1079200000.0,2025,0.0,near-term,2030.0,2021.0,42.0,1 and 2,,,,,,,1.0,1.0,3.0,,,1.0,893400000.0,2025,,,500000.0,2026,2.0,2026,False
EXC,Exelon,Utilities,Electric Utilities,0001109357,Exelon,3SOUA6IRML7435B56G12,,Utilities,Electric Utilities,Illinois,44465762304.0,1023000000.0,301249.6,2023,4.0,2023,213.9618,2023,,,,,24258000000.0,2025,5148000000.0,2025,8791000000.0,2025,-2275000000.0,2025,8529000000.0,2025,,,0.0,,,,,,,,,,,,1.0,1.0,3.0,,,0.0,,,1617000000.0,2025,7934.0,2026,12.0,2026,False
EXE,Expand Energy,Energy,Oil & Gas Exploration & Production,0000895126,Expand Energy,X2MT1W32SPAZ9WSKLE78,,Energy,Oil & Gas Exploration & Production,Oklahoma,21953505280.0,240370000.0,,,,,293.568,2023,,,,,12124000000.0,2025,2471000000.0,2025,5451000000.0,2025,1839000000.0,2025,2736000000.0,2025,,,0.0,,,,,,,,,1.0,limited,,1.0,1.0,,,,1.0,100000000.0,2025,765000000.0,2025,0.0,2026,0.0,2026,False
EXPD,Expeditors International,Industrials,Air Freight & Logistics,0000746515,Expeditors International,,,Industrials,Air Freight & Logistics,Washington,25036195840.0,133884000.0,,,,,120.2561,2023,,,,,11069009000.0,2025,1052546000.0,2025,1109315000.0,2025,953400000.0,2025,53101000.0,2025,,,0.0,,,,,,,,,,,1.0,1.0,1.0,3.0,,,0.0,667306000.0,2025,207437000.0,2025,0.0,2026,0.0,2026,False
EXPE,Expedia Group,Consumer Discretionary,"Hotels, Resorts & Cruise Lines",0001324424,Expedia Group,2549009GW3Z3DQCB8H87,,Consumer Discretionary,"Hotels, Resorts & Cruise Lines",Washington,33705799680.0,116975000.0,,,,,120.2561,2023,,,,,14733000000.0,2025,1871000000.0,2025,2758000000.0,2025,3110000000.0,2025,770000000.0,2025,,,0.0,near-term,2030.0,2022.0,75.0,1 and 2,,,,,,,1.0,1.0,3.0,,,0.0,1930000000.0,2025,200000000.0,2025,0.0,2026,0.0,2026,False
EXR,Extra Space Storage,Real Estate,Self-Storage REITs,0001289490,Extra Space Storage,,,Real Estate,Self-Storage REITs,Utah,30377498624.0,211155322.0,,,,,640.9348,2023,918148000.0,2025,,,3377542000.0,2025,1412691000.0,2025,2127868000.0,2025,1288470000.0,2025,561723000.0,2025,,,0.0,,,,,,,,,,,,0.0,1.0,3.0,9.0,10.0,1.0,149548000.0,2025,1374298000.0,2025,0.0,2026,4.0,2026,False
F,Ford Motor Company,Consumer Discretionary,Automobile Manufacturers,0000037996,Ford Motor Company,20S05OYHG0MQM4VUIC57,,Consumer Discretionary,Automobile Manufacturers,Michigan,55706714112.0,3979000000.0,497625.1,2023,10.0,2023,359.7763,2023,174466000000.0,2025,,,187267000000.0,2025,-9169000000.0,2025,6805000000.0,2025,12467000000.0,2025,8815000000.0,2025,9400000000.0,2025,0.0,near-term,2035.0,,,,,,,,,,1.0,1.0,3.0,,,1.0,0.0,2025,2989000000.0,2025,75981.0,2026,17.0,2026,False
FANG,Diamondback Energy,Energy,Oil & Gas Exploration & Production,0001539838,Diamondback Energy,549300R22LSX6OHWEN64,,Energy,Oil & Gas Exploration & Production,Texas,57395654656.0,284594908.0,,,,,348.5027,2023,,,,,15026000000.0,2025,1266000000.0,2025,6304000000.0,2025,,,,,,,0.0,,,,,,,,,1.0,limited,1.0,1.0,1.0,3.0,,,1.0,959000000.0,2024,1156000000.0,2025,0.0,2026,0.0,2026,False
FAST,Fastenal,Industrials,Trading Companies & Distributors,0000815556,Fastenal,529900PP0C7H2HHPSJ32,,Industrials,Trading Companies & Distributors,Minnesota,56594579456.0,1148057473.0,,,,,339.0806,2023,4509300000.0,2025,,,8200500000.0,2025,1655700000.0,2025,1834900000.0,2025,1050600000.0,2025,245300000.0,2025,,,0.0,,,,,,,,,,,,1.0,0.0,,9.0,11.0,1.0,0.0,2024,1004200000.0,2025,0.0,2026,2.0,2026,False
FCX,Freeport-McMoRan,Materials,Copper,0000831259,Freeport-McMoRan,549300IRDTHJQ1PVET45,,Materials,Copper,Arizona,102057762816.0,1443000000.0,468238.0,2023,5.0,2023,311.4764,2023,18618000000.0,2025,,,25915000000.0,2025,6518000000.0,2025,8762000000.0,2025,1116000000.0,2025,4494000000.0,2025,,,0.0,commitment,,,,,,,,,,,1.0,1.0,3.0,10.0,12.0,1.0,107000000.0,2025,865000000.0,2025,0.0,2026,4.0,2026,False
FDS,FactSet,Financials,Financial Exchanges & Data,0001013237,FactSet,,,Financials,Financial Exchanges & Data,Connecticut,9236726784.0,37645870.0,,,,,244.1532,2023,1097782000.0,2025,,,2321748000.0,2025,748303000.0,2025,905994000.0,2025,617454000.0,2025,108806000.0,2025,300700000.0,2025,0.0,,,,,,,,,,,,1.0,1.0,5.0,,,1.0,300457000.0,2025,159973000.0,2025,0.0,2026,1.0,2026,False
FDX,FedEx,Industrials,Air Freight & Logistics,0001048911,FedEx,549300E707U7WNPZN687,,Industrials,Air Freight & Logistics,Tennessee,73838804992.0,239000000.0,,,,,298.1312,2023,,,4052000000.0,2025,94720000000.0,2025,5463000000.0,2025,9832000000.0,2025,5116000000.0,2025,3809000000.0,2025,,,0.0,near-term,2035.0,2024.0,58.8,1 and 2,,,,1.0,limited,1.0,1.0,1.0,,,,1.0,796000000.0,2025,1374000000.0,2025,1388002.0,2026,116.0,2026,False
FDXF,FedEx Freight,Industrials,Cargo Ground Transportation,0002082247,FedEx Freight,984500Y1DA5A58ICE336,,Industrials,Cargo Ground Transportation,Tennessee,19184670720.0,149505248.0,,,,,298.1312,2023,,,486000000.0,2025,8795000000.0,2025,540000000.0,2025,1052000000.0,2025,-212000000.0,2025,379000000.0,2025,,,0.0,,,,,,,,,,,,,,,,,,,,48000000.0,2025,860400.0,2026,50.0,2026,False
FE,FirstEnergy,Utilities,Electric Utilities,0001031296,FirstEnergy,549300SVYJS666PQJH88,,Utilities,Electric Utilities,Ohio,26692661248.0,577851052.0,15338451.1,2023,3.0,2023,482.5511,2023,,,652000000.0,2025,15090000000.0,2025,2206000000.0,2025,3523000000.0,2025,-1005000000.0,2025,4705000000.0,2025,,,0.0,,,,,,,,,,,,1.0,0.0,3.0,,,1.0,,,1016000000.0,2025,0.0,2026,6.0,2026,False
FERG,Ferguson Enterprises,Industrials,Trading Companies & Distributors,0002011641,Ferguson Enterprises,,,Industrials,Trading Companies & Distributors,Virginia,43050967040.0,199200000.0,,,,,243.5116,2023,21327000000.0,2025,,,30762000000.0,2025,2606000000.0,2025,2979000000.0,2025,1603000000.0,2025,305000000.0,2025,,,0.0,,,,,,,,,,,,1.0,1.0,3.0,,,1.0,948000000.0,2025,489000000.0,2025,13892.0,2026,6.0,2026,False
FFIV,"F5, Inc.",Information Technology,Communications Equipment,0001048695,"F5, Inc.",,,Information Technology,Communications Equipment,Washington,23313977344.0,57684000.0,,,,,120.2561,2023,573978000.0,2025,,,3088072000.0,2025,765949000.0,2025,858348000.0,2025,906406000.0,2025,43260000.0,2025,539815000.0,2025,0.0,near-term,2030.0,2021.0,50.0,1 and 2,,,,1.0,,,1.0,1.0,3.0,,,1.0,502085000.0,2025,,,0.0,2026,0.0,2026,False
FICO,Fair Isaac,Information Technology,Application Software,0000814547,Fair Isaac,RI6HET5SJUEY30V1PS26,,Information Technology,Application Software,Montana,21282095104.0,23764000.0,,,,,479.0692,2023,353722000.0,2025,,,1990869000.0,2025,924850000.0,2025,939802000.0,2025,769885000.0,2025,8922000.0,2025,188347000.0,2025,0.0,,,,,,,,,,,,1.0,1.0,1.0,,,0.0,1414502000.0,2025,,,0.0,2026,0.0,2026,False
FIS,Fidelity National Information Services,Financials,Transaction & Payment Processing Services,0001136893,Fidelity National Information Services,6WQI0GK1PRFVBA061U48,,Financials,Transaction & Payment Processing Services,Florida,19669022720.0,525000000.0,,,,,356.816,2023,6741000000.0,2025,,,10677000000.0,2025,1741000000.0,2025,3624000000.0,2025,2454000000.0,2025,154000000.0,2025,,,0.0,,,,,,,,,1.0,limited,,1.0,1.0,3.0,,,0.0,1425000000.0,2025,847000000.0,2025,0.0,2026,0.0,2026,False
FISV,Fiserv,Financials,Transaction & Payment Processing Services,0000798354,Fiserv,GI7UBEJLXYLGR2C7GV83,,Financials,Transaction & Payment Processing Services,Wisconsin,27428528128.0,549000000.0,,,,,524.8046,2023,,,,,21193000000.0,2025,5818000000.0,2025,8980000000.0,2025,4299000000.0,2025,1763000000.0,2025,,,0.0,,,,,,,,,,,,1.0,1.0,3.0,,,1.0,,,,,0.0,2026,0.0,2026,False
FITB,Fifth Third Bancorp,Financials,Regional Banks,0000035527,Fifth Third Bancorp,THRNG6BD57P9QWTQLG42,,Financials,Regional Banks,Ohio,49625161728.0,661197787.0,,,,,482.5511,2023,,,,,9903000000.0,2025,3211000000.0,2025,3765000000.0,2025,3930000000.0,2025,584000000.0,2025,,,0.0,,,,,,,,,,,,1.0,0.0,3.0,,,1.0,525000000.0,2025,1163000000.0,2025,0.0,2026,0.0,2026,False
FIX,Comfort Systems USA,Industrials,Construction & Engineering,0001035983,Comfort Systems USA,5299009DT1ZA5HTU6R38,,Industrials,Construction & Engineering,Texas,59507273728.0,35177000.0,,,,,348.5027,2023,6905742000.0,2025,,,9101641000.0,2025,1314589000.0,2025,1376989000.0,2025,1031453000.0,2025,154903000.0,2025,,,0.0,,,,,,,,,,,,1.0,1.0,3.0,,,0.0,215999000.0,2025,68833000.0,2025,0.0,2026,0.0,2026,False
FLEX,Flex Ltd.,Information Technology,Electronic Manufacturing Services,0000866374,Flex Ltd.,549300EAQH74YHD07T53,,Information Technology,Electronic Manufacturing Services,Texas,42769477632.0,365690291.0,,,,,348.5027,2023,25288000000.0,2025,,,27914000000.0,2025,1368000000.0,2025,1801413000.0,2026,1052000000.0,2025,633000000.0,2025,,,0.0,near-term,2030.0,,,,,,1.0,,,,1.0,1.0,3.0,7.0,9.0,1.0,944000000.0,2025,,,0.0,2026,0.0,2026,False
FOX,Fox Corporation (Class B),Communication Services,Broadcasting,0001754301,Fox Corporation (Class B),,,Communication Services,Broadcasting,New York,24574570496.0,461000000.0,,,,,210.982,2023,,,,,16300000000.0,2025,3061000000.0,2025,3446000000.0,2025,2993000000.0,2025,331000000.0,2025,,,0.0,,,,,,,,,,,,1.0,1.0,3.0,,,1.0,1000000000.0,2025,277000000.0,2025,0.0,2026,0.0,2026,False
FRT,Federal Realty Investment Trust,Real Estate,Retail REITs,0000034903,Federal Realty Investment Trust,549300FHEI1SLVZ0RB48,,Real Estate,Retail REITs,Maryland,9997160448.0,86266009.0,,,,,235.8781,2023,,,42703000.0,2025,1278975000.0,2025,602199000.0,2025,970041000.0,2025,,,,,,,0.0,near-term,2030.0,,,,,,,,,,1.0,0.0,3.0,,,1.0,,,,,0.0,2026,0.0,2026,False
FSLR,First Solar,Information Technology,Semiconductors,0001274494,First Solar,549300NPYMLM4NHTOF27,,Information Technology,Semiconductors,Arizona,22464409600.0,107309794.0,,,,,311.4764,2023,3099037000.0,2025,,,5219376000.0,2025,1596864000.0,2025,2126080000.0,2025,1187230000.0,2025,869875000.0,2025,233421000.0,2025,1.0,near-term,2028.0,2020.0,34.0,1 and 2,,,,,,,1.0,0.0,3.0,,,1.0,,,,,0.0,2026,3.0,2026,False
FTNT,Fortinet,Information Technology,Systems Software,0001262039,Fortinet,549300O0QJWDBAS0QX03,,Information Technology,Systems Software,California,114510700544.0,743000000.0,,,,,178.4824,2023,1328900000.0,2025,,,6799600000.0,2025,2084700000.0,2025,2236700000.0,2025,2225800000.0,2025,364800000.0,2025,815500000.0,2025,0.0,near-term,2030.0,2021.0,58.8,1 and 2,,,,,,,1.0,1.0,1.0,,,1.0,2289800000.0,2025,,,0.0,2026,0.0,2026,False
FTV,Fortive,Industrials,Industrial Machinery & Supplies & Components,0001659166,Fortive,549300MU9YQJYHDQEF63,,Industrials,Industrial Machinery & Supplies & Components,Washington,16517312512.0,313400000.0,,,,,120.2561,2023,1518000000.0,2025,,,4159100000.0,2025,720200000.0,2025,1157800000.0,2025,978100000.0,2025,105100000.0,2025,259200000.0,2025,0.0,,,,,,,,,,,,1.0,1.0,3.0,,,1.0,1610100000.0,2025,92200000.0,2025,0.0,2026,0.0,2026,False
GD,General Dynamics,Industrials,Aerospace & Defense,0000040533,General Dynamics,9C1X8XOOTYY2FNYTVH06,,Industrials,Aerospace & Defense,Virginia,96291299328.0,270389759.0,,,,,243.5116,2023,,,,,52550000000.0,2025,5356000000.0,2025,6280000000.0,2025,3959000000.0,2025,1161000000.0,2025,,,0.0,,,,,,,,,,,,1.0,1.0,3.0,11.0,12.0,1.0,637000000.0,2025,1593000000.0,2025,3843.0,2026,22.0,2026,False
GDDY,GoDaddy,Information Technology,Internet Services & Infrastructure,0001609711,GoDaddy,549300J8H1TB0I2CB447,,Information Technology,Internet Services & Infrastructure,Arizona,12420340736.0,134737000.0,,,,,311.4764,2023,,,,,4951100000.0,2025,1127300000.0,2025,1243900000.0,2025,1575500000.0,2025,23900000.0,2025,,,0.0,,,,,,,,,,,,1.0,1.0,3.0,,,0.0,1601900000.0,2025,,,0.0,2026,0.0,2026,False
GE,GE Aerospace,Industrials,Aerospace & Defense,0000040545,GE Aerospace,969500YUFGVIZA9XGH49,,Industrials,Aerospace & Defense,Ohio,335817474048.0,1048766702.0,,,,,482.5511,2023,,,,,45855000000.0,2025,10000000000.0,2025,10863000000.0,2025,7264000000.0,2025,1273000000.0,2025,1580000000.0,2025,0.0,,,,,,,,,1.0,reasonable,,1.0,1.0,3.0,,,0.0,7551000000.0,2025,,,7005.0,2026,9.0,2026,False
GEHC,GE HealthCare,Health Care,Health Care Equipment,0001932393,GE HealthCare,,,Health Care,Health Care Equipment,Illinois,28876302336.0,458000000.0,,,,,213.9618,2023,,,,,20625000000.0,2025,2763000000.0,2025,,,1505000000.0,2025,482000000.0,2025,1260000000.0,2025,1.0,near-term,2030.0,2022.0,42.0,1 and 2,,,1.0,,,,1.0,1.0,3.0,,,1.0,200000000.0,2025,64000000.0,2025,0.0,2026,4.0,2026,False
GEN,Gen Digital,Information Technology,Systems Software,0000849399,Gen Digital,YF6ZV0M6AU4FY94MK914,,Information Technology,Systems Software,Arizona,18113243136.0,598000000.0,,,,,311.4764,2023,1077000000.0,2025,,,5000000000.0,2025,2120000000.0,2025,2613000000.0,2025,1523000000.0,2025,22000000.0,2025,409000000.0,2025,0.0,,,,,,,,,,,,1.0,1.0,3.0,,,1.0,634000000.0,2025,312000000.0,2025,0.0,2026,0.0,2026,False
GEV,GE Vernova,Industrials,Heavy Electrical Equipment,0001996810,GE Vernova,,,Industrials,Heavy Electrical Equipment,Massachusetts,254953160704.0,269529464.0,,,,,373.0301,2023,30533000000.0,2025,,,38068000000.0,2025,1388000000.0,2025,1388000000.0,2025,3710000000.0,2025,1277000000.0,2025,1197000000.0,2025,0.0,,,,,,,,,,,1.0,1.0,1.0,3.0,,,1.0,3316000000.0,2025,275000000.0,2025,0.0,2026,1.0,2026,False
GILD,Gilead Sciences,Health Care,Biotechnology,0000882095,Gilead Sciences,549300WTZWR07K8MNV44,,Health Care,Biotechnology,California,178206359552.0,1241000000.0,,,,,178.4824,2023,6234000000.0,2025,,,29443000000.0,2025,10022000000.0,2025,10022000000.0,2025,9456000000.0,2025,563000000.0,2025,,,0.0,near-term,2030.0,2019.0,46.0,1 and 2,,,,,,,1.0,1.0,3.0,8.0,9.0,1.0,1922000000.0,2025,4003000000.0,2025,0.0,2026,0.0,2026,False
GIS,General Mills,Consumer Staples,Packaged Foods & Meats,0000040704,General Mills,2TGYMUGI08PO8X8L6150,,Consumer Staples,Packaged Foods & Meats,Minnesota,19166466048.0,537700000.0,70688.6,2023,2.0,2023,339.0806,2023,12228900000.0,2025,,,18424600000.0,2025,885800000.0,2025,1441000000.0,2025,1626300000.0,2025,539900000.0,2025,256000000.0,2025,1.0,net-zero,2030.0,2020.0,42.0,1 and 2,,,,,,,1.0,1.0,3.0,,,1.0,500300000.0,2025,1315300000.0,2025,296527.0,2026,18.0,2026,False
GL,Globe Life,Financials,Life & Health Insurance,0000320335,Globe Life,5493001JFHKQOPP6XA71,,Financials,Life & Health Insurance,Texas,13154320384.0,92218183.0,,,,,348.5027,2023,,,,,5994318000.0,2025,1435975000.0,2025,1265012000.0,2025,1253907000.0,2025,142484000.0,2025,,,0.0,,,,,,,,,,,,1.0,1.0,3.0,,,1.0,880983000.0,2025,86067000.0,2025,0.0,2026,0.0,2026,False
GLW,Corning Inc.,Information Technology,Electronic Components,0000024741,Corning Inc.,,,Information Technology,Electronic Components,New York,143335014400.0,871000000.0,171577.2,2023,4.0,2023,210.982,2023,10008000000.0,2025,,,15629000000.0,2025,2279000000.0,2025,2279000000.0,2025,,,,,800000000.0,2025,0.0,near-term,2028.0,2021.0,30.0,1 and 2,,,1.0,,,,1.0,1.0,3.0,,,1.0,163000000.0,2025,,,0.0,2026,0.0,2026,False
GM,General Motors,Consumer Discretionary,Automobile Manufacturers,0001467858,General Motors,,,Consumer Discretionary,Automobile Manufacturers,Michigan,77439139840.0,904000000.0,572171.0,2023,14.0,2023,359.7763,2023,100544000000.0,2021,,,185019000000.0,2025,2909000000.0,2025,14889000000.0,2025,17564000000.0,2025,9303000000.0,2025,,,0.0,near-term,2035.0,2018.0,72.0,1 and 2,,,,,,,1.0,1.0,3.0,,,1.0,6012000000.0,2025,657000000.0,2025,1298631.0,2026,30.0,2026,False
GNRC,Generac,Industrials,Heavy Electrical Equipment,0001474735,Generac,529900S2H2AHJHSFFI84,,Industrials,Heavy Electrical Equipment,Wisconsin,11033600000.0,59275781.0,,,,,524.8046,2023,2597410000.0,2025,,,4209147000.0,2025,289191000.0,2025,484026000.0,2025,268128000.0,2025,169850000.0,2025,243470000.0,2025,0.0,,,,,,,,,,,,1.0,1.0,3.0,,,1.0,147917000.0,2025,293000.0,2025,0.0,2026,6.0,2026,False
GOOGL,Alphabet Inc. (Class A),Communication Services,Interactive Media & Services,0001652044,Alphabet Inc. (Class A),,,Communication Services,Interactive Media & Services,California,4139833098240.0,12088000000.0,15853.46924,2023,1.0,2023,178.4824,2023,162535000000.0,2025,,,402836000000.0,2025,129039000000.0,2025,129039000000.0,2025,73266000000.0,2025,91447000000.0,2025,61087000000.0,2025,0.0,near-term,2030.0,,,,,,,,,,1.0,1.0,3.0,,,1.0,45709000000.0,2025,10049000000.0,2025,0.0,2026,0.0,2026,False
GPC,Genuine Parts Company,Consumer Discretionary,Distributors,0000040987,Genuine Parts Company,549300D46DQVEU651W04,,Consumer Discretionary,Distributors,Georgia,18429091840.0,137617832.0,,,,,323.7885,2023,15359443000.0,2025,,,24300141000.0,2025,52168000.0,2025,590191000.0,2025,420924000.0,2025,469838000.0,2025,,,0.0,,,,,,,,,,,,1.0,1.0,3.0,9.0,11.0,1.0,0.0,2025,563842000.0,2025,5500.0,2026,5.0,2026,False
GPN,Global Payments,Financials,Transaction & Payment Processing Services,0001123360,Global Payments,549300NOMHGVQBX6S778,,Financials,Transaction & Payment Processing Services,Georgia,23363158016.0,236692592.0,,,,,323.7885,2023,2113381000.0,2025,,,7705878000.0,2025,1754624000.0,2025,2983832000.0,2025,2038823000.0,2025,617769000.0,2025,,,0.0,,,,,,,,,,,,1.0,1.0,3.0,,,1.0,1191020000.0,2025,238521000.0,2025,0.0,2026,0.0,2026,False
GRMN,Garmin,Consumer Discretionary,Consumer Electronics,0001121788,Garmin,2549001E0HIPIJQ0W046,,Consumer Discretionary,Consumer Electronics,Switzerland,54513631232.0,192620000.0,,,,,,,2989216000.0,2025,,,7245519000.0,2025,1876076000.0,2025,,,1362913000.0,2025,270446000.0,2025,1126231000.0,2025,0.0,,,,,,,,,,,1.0,1.0,0.0,,,,1.0,,,663885000.0,2025,0.0,2026,1.0,2026,False
GS,Goldman Sachs,Financials,Investment Banking & Brokerage,0000886982,Goldman Sachs,FOR8UP27PHTHYVLBNG30,,Financials,Investment Banking & Brokerage,New York,299667783680.0,296476742.0,15642.1,2023,1.0,2023,210.982,2023,,,,,58283000000.0,2025,21852000000.0,2025,24034000000.0,2025,-47218000000.0,2025,2064000000.0,2025,,,0.0,,,,,,,,,,,,1.0,1.0,5.0,11.0,13.0,1.0,12360000000.0,2025,5277000000.0,2025,0.0,2026,0.0,2026,False
GWW,W. W. Grainger,Industrials,Industrial Machinery & Supplies & Components,0000277135,W. W. Grainger,,,Industrials,Industrial Machinery & Supplies & Components,Illinois,60289208320.0,48000000.0,,,,,213.9618,2023,10933000000.0,2025,,,17942000000.0,2025,2495000000.0,2025,2825000000.0,2025,1331000000.0,2025,684000000.0,2025,,,0.0,,,,,,,,,,,,1.0,1.0,3.0,11.0,12.0,1.0,1045000000.0,2025,467000000.0,2025,0.0,2026,0.0,2026,False
HAL,Halliburton,Energy,Oil & Gas Equipment & Services,0000045012,Halliburton,ENYF8GB5SMQZ25S06U51,,Energy,Oil & Gas Equipment & Services,Texas,29859393536.0,835000000.0,53414.5,2023,2.0,2023,348.5027,2023,,,,,22184000000.0,2025,2260000000.0,2025,3396000000.0,2025,1672000000.0,2025,1254000000.0,2025,411000000.0,2025,0.0,,,,,,,,1.0,,,,1.0,0.0,3.0,,,1.0,1007000000.0,2025,579000000.0,2025,1250.0,2026,9.0,2026,False
HAS,Hasbro,Consumer Discretionary,Leisure Products,0000046080,Hasbro,549300NUB6D2R1ITYR45,,Consumer Discretionary,Leisure Products,Rhode Island,12911210496.0,140200000.0,,,,,380.6256,2023,1296200000.0,2025,,,5365900000.0,2025,11100000.0,2025,146600000.0,2025,829900000.0,2025,63300000.0,2025,385600000.0,2025,1.0,near-term,2030.0,2020.0,47.5,1 and 2,,,,,,,1.0,1.0,3.0,,,0.0,0.0,2024,392500000.0,2025,175000.0,2026,6.0,2026,False
HBAN,Huntington Bancshares,Financials,Regional Banks,0000049196,Huntington Bancshares,549300XTVCVV9I7B5T19,,Financials,Regional Banks,Michigan,34064195584.0,1567732506.0,,,,,359.7763,2023,,,,,1562000000.0,2025,2688000000.0,2025,3450000000.0,2025,2215000000.0,2025,267000000.0,2025,,,0.0,,,,,,,,,,,,1.0,1.0,3.0,,,1.0,0.0,2023,908000000.0,2025,0.0,2026,0.0,2026,False
HCA,HCA Healthcare,Health Care,Health Care Facilities,0000860730,HCA Healthcare,529900PH4ZGUH2MNEU89,,Health Care,Health Care Facilities,Tennessee,92433154048.0,224605100.0,,,,,298.1312,2023,,,,,75600000000.0,2025,9832000000.0,2025,13355000000.0,2025,7692000000.0,2025,4944000000.0,2025,,,0.0,,,,,,,,,,,,1.0,1.0,,,,0.0,10067000000.0,2025,679000000.0,2025,4000.0,2026,2.0,2026,False
HD,Home Depot (The),Consumer Discretionary,Home Improvement Retail,0000354950,Home Depot (The),QEKMOTMBBKA8I816DO57,,Consumer Discretionary,Home Improvement Retail,Georgia,308026671104.0,996000000.0,,,,,323.7885,2023,109818000000.0,2025,,,164683000000.0,2025,20890000000.0,2025,24404000000.0,2025,12646000000.0,2025,3679000000.0,2025,,,0.0,near-term,2030.0,2020.0,42.0,1 and 2,,,,,,,1.0,1.0,3.0,,,1.0,0.0,2025,9152000000.0,2025,0.0,2026,0.0,2026,False
HIG,Hartford (The),Financials,Property & Casualty Insurance,0000874766,Hartford (The),,,Financials,Property & Casualty Insurance,Connecticut,36936105984.0,286500000.0,,,,,244.1532,2023,,,,,28368000000.0,2025,4760000000.0,2025,5156000000.0,2025,5753000000.0,2025,169000000.0,2025,,,0.0,,,,,,,,,,,,1.0,0.0,3.0,,,1.0,1615000000.0,2025,592000000.0,2025,0.0,2026,0.0,2026,False
HII,Huntington Ingalls Industries,Industrials,Aerospace & Defense,0001501585,Huntington Ingalls Industries,5TZLZ6WJTBVJ0QWBG121,,Industrials,Aerospace & Defense,Virginia,11021072384.0,39241527.0,49706.7,2023,1.0,2023,243.5116,2023,,,,,12484000000.0,2025,657000000.0,2025,986000000.0,2025,794000000.0,2025,402000000.0,2025,26000000.0,2025,0.0,,,,,,,,,1.0,limited,,1.0,0.0,3.0,,,0.0,162000000.0,2024,213000000.0,2025,3900.0,2026,1.0,2026,False
HLT,Hilton Worldwide,Consumer Discretionary,"Hotels, Resorts & Cruise Lines",0001585689,Hilton Worldwide,549300HVGPK36ICB0B89,,Consumer Discretionary,"Hotels, Resorts & Cruise Lines",Virginia,68912627712.0,230433192.0,,,,,243.5116,2023,,,,,12039000000.0,2025,2693000000.0,2025,2870000000.0,2025,2028000000.0,2025,101000000.0,2025,,,0.0,near-term,2030.0,,,,,,,,,,1.0,1.0,,,,1.0,3182000000.0,2025,143000000.0,2025,0.0,2026,0.0,2026,False
HON,Honeywell Technologies,Industrials,Industrial Conglomerates,0000773840,Honeywell Technologies,,,Industrials,Industrial Conglomerates,North Carolina,64135979008.0,635300000.0,,,,,283.0228,2023,23613000000.0,2025,,,37442000000.0,2025,8127000000.0,2025,9515000000.0,2025,5422000000.0,2025,986000000.0,2025,1812000000.0,2025,0.0,,,,,,,,,,,1.0,1.0,1.0,3.0,,,1.0,3804000000.0,2025,2976000000.0,2025,0.0,2026,0.0,2026,False
HONA,Honeywell Aerospace,Industrials,Aerospace & Defense,0002089271,Honeywell Aerospace,213800ZUAQRBYL67JS90,,Industrials,Aerospace & Defense,Arizona,50160939008.0,316952725.0,,,,,311.4764,2023,,,,,,,,,,,,,,,,,0.0,,,,,,,,,,,,,,,,,,,,,,62586.0,2026,11.0,2026,False
HOOD,Robinhood Markets,Financials,Investment Banking & Brokerage,0001783879,Robinhood Markets,213800FS5AO3YWIE6F63,,Financials,Investment Banking & Brokerage,California,101209694208.0,918781846.0,,,,,178.4824,2023,,,,,4473000000.0,2025,2108000000.0,2025,2194000000.0,2025,-880000000.0,2022,28000000.0,2022,355000000.0,2025,0.0,,,,,,,,,,,,1.0,1.0,,,,1.0,653000000.0,2025,,,0.0,2026,0.0,2026,False
HPE,Hewlett Packard Enterprise,Information Technology,"Technology Hardware, Storage & Peripherals",0001645590,Hewlett Packard Enterprise,549300BX44RGX6ANDV88,,Information Technology,"Technology Hardware, Storage & Peripherals",Texas,82422292480.0,1318292428.0,,,,,348.5027,2023,,,,,34296000000.0,2025,-437000000.0,2025,2300000000.0,2025,627000000.0,2025,2292000000.0,2025,2518000000.0,2025,1.0,net-zero,2030.0,2020.0,70.0,1 and 2,,,1.0,,,,1.0,0.0,2.0,11.0,12.0,1.0,202000000.0,2025,684000000.0,2025,0.0,2026,1.0,2026,False
HPQ,HP Inc.,Information Technology,"Technology Hardware, Storage & Peripherals",0000047217,HP Inc.,WHKXQACZ14C5XRO8LW03,,Information Technology,"Technology Hardware, Storage & Peripherals",California,31995543552.0,921000000.0,,,,,178.4824,2023,43903000000.0,2025,,,55295000000.0,2025,3174000000.0,2025,4090000000.0,2025,2800000000.0,2025,897000000.0,2025,1602000000.0,2025,1.0,net-zero,2030.0,2019.0,50.0,"1, 2 and 3",,,,,,,1.0,0.0,3.0,11.0,12.0,0.0,850000000.0,2025,1088000000.0,2025,0.0,2026,2.0,2026,False
HRL,Hormel Foods,Consumer Staples,Packaged Foods & Meats,0000048465,Hormel Foods,MSD54751OJP1FS2ND863,,Consumer Staples,Packaged Foods & Meats,Minnesota,11320715264.0,550496000.0,58585.7,2023,1.0,2023,339.0806,2023,10214344000.0,2025,,,12106160000.0,2025,718603000.0,2025,982504000.0,2025,534349000.0,2025,310902000.0,2025,35200000.0,2025,0.0,near-term,2030.0,2019.0,50.0,1 and 2,,,,,,,1.0,0.0,3.0,,,0.0,0.0,2025,633192000.0,2025,11846.0,2026,3.0,2026,False
HSIC,Henry Schein,Health Care,Health Care Distributors,0001000228,Henry Schein,VGO3WGL8H45T73F4RR92,,Health Care,Health Care Distributors,New York,9847416832.0,115771149.0,,,,,210.982,2023,9079000000.0,2025,,,13184000000.0,2025,653000000.0,2025,964000000.0,2025,573000000.0,2025,139000000.0,2025,,,1.0,near-term,2030.0,2022.0,42.0,1,,,,,,,1.0,1.0,3.0,,,1.0,850000000.0,2025,,,0.0,2026,0.0,2026,False
HST,Host Hotels & Resorts,Real Estate,Hotel & Resort REITs,0001070750,Host Hotels & Resorts,N6EL63S0K3PB1YFTDI24,,Real Estate,Hotel & Resort REITs,Maryland,15450716160.0,687800000.0,,,,,235.8781,2023,,,,,6114000000.0,2025,855000000.0,2025,1650000000.0,2025,,,,,,,0.0,near-term,2030.0,2019.0,54.0,1 and 2,,,,,,,1.0,1.0,3.0,,,1.0,205000000.0,2025,623000000.0,2025,0.0,2026,0.0,2026,False
HSY,Hershey Company (The),Consumer Staples,Packaged Foods & Meats,0000047111,Hershey Company (The),21X2CX66SU2BR6QTAD08,,Consumer Staples,Packaged Foods & Meats,Pennsylvania,34824437760.0,202839656.0,,,,,292.9175,2023,7769885000.0,2025,,,11692576000.0,2025,1441528000.0,2025,1945229000.0,2025,1822745000.0,2025,454622000.0,2025,61655000.0,2025,0.0,near-term,2030.0,2018.0,50.0,1 and 2,,,,,,,1.0,1.0,3.0,,,1.0,0.0,2025,1085296000.0,2025,0.0,2026,0.0,2026,False
HUBB,Hubbell Incorporated,Industrials,Industrial Machinery & Supplies & Components,0000048898,Hubbell Incorporated,54930088VDQ6840Y6597,,Industrials,Industrial Machinery & Supplies & Components,Connecticut,24324116480.0,53253805.0,,,,,244.1532,2023,3780500000.0,2025,,,5844600000.0,2025,1208800000.0,2025,1414900000.0,2025,874700000.0,2025,155100000.0,2025,,,0.0,,,,,,,,,,,,1.0,0.0,3.0,10.0,11.0,1.0,225000000.0,2025,,,0.0,2026,0.0,2026,False
HUM,Humana,Health Care,Managed Health Care,0000049071,Humana,529900YLDW34GJAO4J06,,Health Care,Managed Health Care,Kentucky,49208905728.0,120826000.0,,,,,786.9867,2023,,,,,129664000000.0,2025,2704000000.0,2025,3402000000.0,2025,375000000.0,2025,546000000.0,2025,,,0.0,near-term,2029.0,,,,,,,,,,1.0,1.0,3.0,,,0.0,151000000.0,2025,430000000.0,2025,0.0,2026,1.0,2026,False
HWM,Howmet Aerospace,Industrials,Aerospace & Defense,0000004281,Howmet Aerospace,549300HO5WFZUT5N2T22,,Industrials,Aerospace & Defense,Pennsylvania,91568791552.0,401620565.0,124137.6,2023,3.0,2023,292.9175,2023,,,,,8252000000.0,2025,2046000000.0,2025,2329000000.0,2025,1431000000.0,2025,453000000.0,2025,37000000.0,2025,0.0,,,,,,,,,,,,1.0,1.0,3.0,8.0,9.0,1.0,700000000.0,2025,,,127000.0,2026,5.0,2026,False
IBKR,Interactive Brokers,Financials,Investment Banking & Brokerage,0001381197,Interactive Brokers,,,Financials,Investment Banking & Brokerage,Connecticut,155677638656.0,443859546.0,,,,,244.1532,2023,,,,,2440000000.0,2025,4771000000.0,2025,4832000000.0,2025,,,,,,,0.0,,,,,,,,,,,,1.0,0.0,,,,1.0,,,134000000.0,2025,0.0,2026,0.0,2026,False
IBM,IBM,Information Technology,IT Consulting & Other Services,0000051143,IBM,,,Information Technology,IT Consulting & Other Services,New York,229211865088.0,936952129.0,289772.7,2014,1.0,2014,210.982,2023,28239000000.0,2025,,,67535000000.0,2025,10328000000.0,2025,,,12102000000.0,2025,1091000000.0,2025,8316000000.0,2025,0.0,,,,,,,,,,,,1.0,1.0,3.0,12.0,13.0,1.0,,,6255000000.0,2025,,,,,False
ICE,Intercontinental Exchange,Financials,Financial Exchanges & Data,0001571949,Intercontinental Exchange,,,Financials,Financial Exchanges & Data,Georgia,88363491328.0,567000000.0,,,,,323.7885,2023,,,,,12640000000.0,2025,4929000000.0,2025,6489000000.0,2025,4289000000.0,2025,373000000.0,2025,,,0.0,,,,,,,,,,,,1.0,1.0,1.0,9.0,11.0,1.0,1294000000.0,2025,1105000000.0,2025,0.0,2026,0.0,2026,False
IDXX,Idexx Laboratories,Health Care,Health Care Equipment,0000874716,Idexx Laboratories,OGMTXK0LUU1HKV2P0J84,,Health Care,Health Care Equipment,Maine,39760830464.0,79712000.0,,,,,141.4408,2023,1644123000.0,2025,,,4303702000.0,2025,1360031000.0,2025,1505214000.0,2025,1057129000.0,2025,124676000.0,2025,251207000.0,2025,0.0,,,,,,,,,,,,1.0,1.0,1.0,,,1.0,1216964000.0,2025,,,0.0,2026,2.0,2026,False
IEX,IDEX Corporation,Industrials,Industrial Machinery & Supplies & Components,0000832101,IDEX Corporation,549300U5Y5EL6PHYLF13,,Industrials,Industrial Machinery & Supplies & Components,Illinois,16528738304.0,75300000.0,,,,,213.9618,2023,1918700000.0,2025,,,3457500000.0,2025,699300000.0,2025,851400000.0,2025,616800000.0,2025,63600000.0,2025,70000000.0,2025,0.0,,,,,,,,,,,,1.0,1.0,3.0,,,0.0,247800000.0,2025,212600000.0,2025,0.0,2026,0.0,2026,False
IFF,International Flavors & Fragrances,Materials,Specialty Chemicals,0000051253,International Flavors & Fragrances,BZLRL03D3GPGMOGFO832,,Materials,Specialty Chemicals,New York,21333088256.0,255700000.0,307088.2,2023,7.0,2023,210.982,2023,6952000000.0,2025,,,10890000000.0,2025,-382000000.0,2025,580000000.0,2025,256000000.0,2025,594000000.0,2025,694000000.0,2025,0.0,near-term,2030.0,2021.0,50.0,1 and 2,,,,,,,1.0,1.0,3.0,,,0.0,38000000.0,2025,409000000.0,2025,126900.0,2026,5.0,2026,False
INCY,Incyte,Health Care,Biotechnology,0000879169,Incyte,549300Z4WN6JVZ3T4680,,Health Care,Biotechnology,Delaware,24621694976.0,198460009.0,,,,,318.9636,2023,372130000.0,2025,,,5141242000.0,2025,1514859000.0,2025,1608145000.0,2025,892108000.0,2022,77833000.0,2022,2050152000.0,2025,0.0,,,,,,,,,,,,1.0,1.0,3.0,,,1.0,0.0,2025,,,0.0,2026,3.0,2026,False
INTC,Intel,Information Technology,Semiconductors,0000050863,Intel,KNX4USFCNGPY45LOCE31,,Information Technology,Semiconductors,California,544151666688.0,4994000000.0,790767.5,2023,4.0,2023,178.4824,2023,34478000000.0,2025,,,52853000000.0,2025,-2214000000.0,2025,-2014000000.0,2025,-4949000000.0,2025,14646000000.0,2025,13774000000.0,2025,0.0,,,,,,,,,,,,1.0,1.0,3.0,10.0,11.0,1.0,0.0,2023,0.0,2025,157736.0,2026,18.0,2026,False
INTU,Intuit,Information Technology,Application Software,0000896878,Intuit,VI90HBPH7XSFMB9E4M29,,Information Technology,Application Software,California,85935079424.0,279129000.0,,,,,178.4824,2023,,,,,18831000000.0,2025,4923000000.0,2025,5884000000.0,2026,6123000000.0,2025,84000000.0,2025,2928000000.0,2025,1.0,net-zero,2030.0,2022.0,42.0,1 and 2,,,,,,,1.0,1.0,3.0,,,1.0,2772000000.0,2025,1189000000.0,2025,0.0,2026,1.0,2026,False
INVH,Invitation Homes,Real Estate,Single-Family Residential REITs,0001687229,Invitation Homes,984500FE452E665C9F85,,Real Estate,Single-Family Residential REITs,Texas,16265763840.0,610788732.0,,,,,348.5027,2023,,,,,2729296000.0,2025,118207000.0,2025,118207000.0,2025,,,,,,,0.0,,,,,,,,,,,,1.0,0.0,3.0,,,0.0,53207000.0,2025,712842000.0,2025,0.0,2026,0.0,2026,False
IP,International Paper,Materials,Paper & Plastic Packaging Products & Materials,0000051434,International Paper,824LMFJDH41EY779Q875,,Materials,Paper & Plastic Packaging Products & Materials,Tennessee,18196021248.0,627000000.0,5404387.7,2023,28.0,2023,298.1312,2023,16637000000.0,2025,,,23634000000.0,2025,2361000000.0,2025,5108000000.0,2025,-159000000.0,2025,1857000000.0,2025,,,0.0,near-term,2030.0,2019.0,35.0,"1, 2 and 3",,,,,,,1.0,1.0,3.0,,,1.0,65000000.0,2025,977000000.0,2025,2661959.0,2026,100.0,2026,False
IQV,IQVIA,Health Care,Life Sciences Tools & Services,0001478242,IQVIA,,,Health Care,Life Sciences Tools & Services,North Carolina,43087339520.0,169600000.0,,,,,283.0228,2023,,,,,16310000000.0,2025,2182000000.0,2025,3326000000.0,2025,2051000000.0,2025,603000000.0,2025,,,1.0,near-term,2030.0,2019.0,55.1,1 and 2,,,,,,,1.0,1.0,3.0,,,1.0,1244000000.0,2025,,,0.0,2026,0.0,2026,False
IR,Ingersoll Rand,Industrials,Industrial Machinery & Supplies & Components,0001699150,Ingersoll Rand,,,Industrials,Industrial Machinery & Supplies & Components,North Carolina,28296798208.0,391121689.0,,,,,283.0228,2023,4314600000.0,2025,,,7650900000.0,2025,1144600000.0,2025,1650400000.0,2025,1220100000.0,2025,135600000.0,2025,114300000.0,2025,1.0,near-term,2034.0,2020.0,42.0,1 and 2,,,,,,,1.0,1.0,3.0,,,1.0,1018000000.0,2025,31800000.0,2025,0.0,2026,1.0,2026,False
IRM,Iron Mountain,Real Estate,Other Specialized REITs,0001020569,Iron Mountain,SQL3F6CKNNBM3SQGHX24,,Real Estate,Other Specialized REITs,New Hampshire,34289410048.0,295788645.0,,,,,123.7645,2023,,,,,6901737000.0,2025,1163822000.0,2025,2188257000.0,2025,-931629000.0,2025,2271628000.0,2025,,,1.0,near-term,2033.0,2022.0,54.6,1 and 2,,,,,,,1.0,0.0,3.0,10.0,11.0,1.0,,,919388000.0,2025,273205.0,2026,14.0,2026,False
ISRG,Intuitive Surgical,Health Care,Health Care Equipment,0001035267,Intuitive Surgical,54930052SRG011710797,,Health Care,Health Care Equipment,California,132258340864.0,355100000.0,,,,,178.4824,2023,3422400000.0,2025,,,10064700000.0,2025,2945500000.0,2025,2945500000.0,2025,2490700000.0,2025,539800000.0,2025,1311800000.0,2025,0.0,,,,,,,,,,,,1.0,1.0,1.0,,,1.0,2295300000.0,2025,,,0.0,2026,1.0,2026,False
IT,Gartner,Information Technology,IT Consulting & Other Services,0000749251,Gartner,PP55B5R38BFB8O8HH686,,Information Technology,IT Consulting & Other Services,Connecticut,11340923904.0,75605000.0,,,,,244.1532,2023,2053575000.0,2025,,,6497226000.0,2025,1025711000.0,2025,1226020000.0,2025,,,,,,,0.0,near-term,2029.0,2019.0,53.0,1 and 2,,,,,,,1.0,1.0,1.0,,,1.0,1991147000.0,2025,,,0.0,2026,0.0,2026,False
ITW,Illinois Tool Works,Industrials,Industrial Machinery & Supplies & Components,0000049826,Illinois Tool Works,76NA4I14SZCFAYMNSV04,,Industrials,Industrial Machinery & Supplies & Components,Illinois,76371968000.0,288600000.0,17549.7,2023,1.0,2023,213.9618,2023,8969000000.0,2025,,,16044000000.0,2025,4216000000.0,2025,4216000000.0,2025,2707000000.0,2025,419000000.0,2025,302000000.0,2025,0.0,,,,,,,,,,,,1.0,1.0,3.0,,,1.0,1500000000.0,2025,1785000000.0,2025,0.0,2026,1.0,2026,False
IVZ,Invesco,Financials,Asset Management & Custody Banks,0000914208,Invesco,,,Financials,Asset Management & Custody Banks,Georgia,14251612160.0,444000000.0,,,,,323.7885,2023,,,,,6377100000.0,2025,-695700000.0,2025,-539800000.0,2025,1441000000.0,2025,84300000.0,2025,,,0.0,,,,,,,,,1.0,reasonable,,1.0,1.0,3.0,,,0.0,123600000.0,2025,377300000.0,2025,0.0,2026,0.0,2026,False
J,Jacobs Solutions,Industrials,Construction & Engineering,0000052988,Jacobs Solutions,254900E3KHXCC2C8K272,,Industrials,Construction & Engineering,Texas,16601927680.0,119081294.0,,,,,348.5027,2023,9044849000.0,2025,,,12029783000.0,2025,863634000.0,2025,945693000.0,2025,607472000.0,2025,79232000.0,2025,,,0.0,,,,,,,,,,,,1.0,1.0,3.0,,,1.0,754130000.0,2025,153027000.0,2025,0.0,2026,0.0,2026,False
JBHT,J.B. Hunt,Industrials,Cargo Ground Transportation,0000728535,J.B. Hunt,254900ARPN0ZMNIFBS18,,Industrials,Cargo Ground Transportation,Arkansas,25399296000.0,94594725.0,,,,,450.6045,2023,,,633324000.0,2025,11999096000.0,2025,865069000.0,2025,1579854000.0,2025,947585000.0,2025,730687000.0,2025,,,0.0,,,,,,,,,,,,1.0,1.0,3.0,,,1.0,923292000.0,2025,171048000.0,2025,0.0,2026,0.0,2026,False
JBL,Jabil,Information Technology,Electronic Manufacturing Services,0000898293,Jabil,5493000CGCQY2OQU7669,,Information Technology,Electronic Manufacturing Services,Florida,33330675712.0,107480895.0,,,,,356.816,2023,27156000000.0,2025,,,29802000000.0,2025,1182000000.0,2025,1856000000.0,2025,1172000000.0,2025,468000000.0,2025,26000000.0,2025,0.0,commitment,,,,,,,,,,,1.0,1.0,3.0,8.0,10.0,1.0,1000000000.0,2025,36000000.0,2025,0.0,2026,8.0,2026,False
JCI,Johnson Controls,Industrials,Building Products,0000833444,Johnson Controls,,,Industrials,Building Products,Ireland,88444305408.0,654100000.0,56175.1,2018,1.0,2018,,,15004000000.0,2025,,,23596000000.0,2025,1969000000.0,2025,2834000000.0,2025,2120000000.0,2025,434000000.0,2025,273000000.0,2025,0.0,near-term,2030.0,,,,,,,1.0,reasonable,,1.0,1.0,3.0,10.0,11.0,0.0,5991000000.0,2025,976000000.0,2025,109603.0,2026,32.0,2026,False
JKHY,Jack Henry & Associates,Financials,Transaction & Payment Processing Services,0000779152,Jack Henry & Associates,529900X1QS8C54W0JB21,,Financials,Transaction & Payment Processing Services,Missouri,11296542720.0,73045000.0,,,,,655.0494,2023,1360747000.0,2025,,,2375288000.0,2025,568715000.0,2025,635033000.0,2026,588146000.0,2025,53358000.0,2025,162771000.0,2025,0.0,,,,,,,,,,,,1.0,0.0,3.0,8.0,10.0,1.0,35051000.0,2025,164644000.0,2025,0.0,2026,0.0,2026,False
JNJ,Johnson & Johnson,Health Care,Pharmaceuticals,0000200406,Johnson & Johnson,,,Health Care,Pharmaceuticals,New Jersey,640020840448.0,2429400000.0,,,,,212.4217,2023,30256000000.0,2025,,,94193000000.0,2025,32581000000.0,2025,40084000000.0,2025,19698000000.0,2025,4832000000.0,2025,109000000.0,2025,0.0,near-term,2030.0,2021.0,44.0,1 and 2,,,,1.0,reasonable,,1.0,1.0,3.0,,,1.0,5953000000.0,2025,,,3600.0,2026,4.0,2026,False
JPM,JPMorgan Chase,Financials,Diversified Banks,0000019617,JPMorgan Chase,,,Financials,Diversified Banks,New York,946925731840.0,2696200000.0,,,,,210.982,2023,,,,,182447000000.0,2025,72595000000.0,2025,81416000000.0,2025,,,,,,,0.0,,,,,,,,,,,,1.0,1.0,3.0,,,1.0,31591000000.0,2025,16625000000.0,2025,0.0,2026,0.0,2026,False
KDP,Keurig Dr Pepper,Consumer Staples,Soft Drinks & Non-alcoholic Beverages,0001418135,Keurig Dr Pepper,DYTQ8KRTKO7Y2BVU5K74,,Consumer Staples,Soft Drinks & Non-alcoholic Beverages,Massachusetts,42716327936.0,1358663795.0,,,,,373.0301,2023,7604000000.0,2025,,,16603000000.0,2025,3575000000.0,2025,3677000000.0,2025,1505000000.0,2025,486000000.0,2025,70000000.0,2025,0.0,near-term,2030.0,2018.0,50.4,1 and 2,,,,,,,1.0,1.0,3.0,8.0,9.0,1.0,9000000.0,2025,1250000000.0,2025,0.0,2026,1.0,2026,False
KEY,KeyCorp,Financials,Regional Banks,0000091576,KeyCorp,RKPI3RZGV1V1FJTH5T61,,Financials,Regional Banks,Ohio,23306088448.0,1107994000.0,,,,,482.5511,2023,,,,,7513000000.0,2025,2304000000.0,2025,2391000000.0,2025,2101000000.0,2025,107000000.0,2025,,,0.0,,,,,,,,,,,,1.0,0.0,3.0,,,1.0,0.0,2023,1054000000.0,2025,0.0,2026,0.0,2026,False
KEYS,Keysight Technologies,Information Technology,Electronic Equipment & Instruments,0001601046,Keysight Technologies,549300GLKVIO8YRCYN02,,Information Technology,Electronic Equipment & Instruments,California,57651683328.0,173000000.0,,,,,178.4824,2023,2038000000.0,2025,,,5375000000.0,2025,876000000.0,2025,1101000000.0,2025,1281000000.0,2025,128000000.0,2025,1007000000.0,2025,0.0,near-term,2030.0,2021.0,42.0,1 and 2,,,,,,,1.0,1.0,3.0,9.0,11.0,1.0,375000000.0,2025,,,64000.0,2026,1.0,2026,False
KHC,Kraft Heinz,Consumer Staples,Packaged Foods & Meats,0001637459,Kraft Heinz,9845007488EC87F5AF14,,Consumer Staples,Packaged Foods & Meats,Pennsylvania,29171265536.0,1184000000.0,45412.3,2021,1.0,2021,292.9175,2023,16633000000.0,2025,,,24942000000.0,2025,-4669000000.0,2025,-3701000000.0,2025,3661000000.0,2025,801000000.0,2025,167000000.0,2025,1.0,near-term,2030.0,2021.0,50.0,1 and 2,,,,,,1.0,1.0,1.0,3.0,9.0,10.0,1.0,436000000.0,2025,1898000000.0,2025,71199.0,2026,27.0,2026,False
KIM,Kimco Realty,Real Estate,Retail REITs,0000879101,Kimco Realty,254900ARY41P4V1JL861,,Real Estate,Retail REITs,New York,15555605504.0,674093047.0,,,,,210.982,2023,,,,,2140116000.0,2025,770823000.0,2025,1397913000.0,2025,1101615000.0,2025,18400000.0,2025,,,0.0,near-term,2030.0,,,,,,,,,,1.0,0.0,3.0,6.0,9.0,1.0,120329000.0,2025,711745000.0,2025,0.0,2026,0.0,2026,False
KKR,KKR & Co.,Financials,Asset Management & Custody Banks,0001404912,KKR & Co.,,,Financials,Asset Management & Custody Banks,New York,93356531712.0,891451844.0,33792.5,2022,2.0,2022,210.982,2023,,,,,19464307000.0,2025,7099160000.0,2025,6936631000.0,2025,,,,,,,0.0,,,,,,,,,,,,0.0,0.0,,,,1.0,3362000.0,2025,649942000.0,2025,0.0,2026,0.0,2026,False
KLAC,KLA Corporation,Information Technology,Semiconductor Materials & Equipment,0000319201,KLA Corporation,549300H0BF5JCG96TJ81,,Information Technology,Semiconductor Materials & Equipment,California,236014616576.0,1320227000.0,,,,,178.4824,2023,4751867000.0,2025,,,12156162000.0,2025,4644448000.0,2025,5038536000.0,2025,3746644000.0,2025,335259000.0,2025,1360334000.0,2025,0.0,near-term,2030.0,2021.0,50.0,1 and 2,,,,1.0,,,1.0,1.0,2.0,,,0.0,2149946000.0,2025,904594000.0,2025,3600.0,2026,4.0,2026,False
KMB,Kimberly-Clark,Consumer Staples,Household Products,0000055785,Kimberly-Clark,,,Consumer Staples,Household Products,Texas,32642633728.0,331900000.0,1030421.3,2023,8.0,2023,348.5027,2023,10524000000.0,2025,,,16447000000.0,2025,2351000000.0,2025,3156000000.0,2025,1639000000.0,2025,1138000000.0,2025,326000000.0,2025,0.0,near-term,2030.0,2015.0,50.0,1 and 2,,,,,,,1.0,0.0,3.0,,,1.0,141000000.0,2025,1660000000.0,2025,32758.0,2026,15.0,2026,False
KMI,Kinder Morgan,Energy,Oil & Gas Storage & Transportation,0001506307,Kinder Morgan,549300WR7IX8XE0TBO16,,Energy,Oil & Gas Storage & Transportation,Texas,68719116288.0,2224777750.0,9724424.7,2023,211.0,2023,348.5027,2023,9255000000.0,2022,,,16937000000.0,2025,4724000000.0,2025,7177000000.0,2025,2891000000.0,2025,3026000000.0,2025,,,0.0,,,,,,,,,,,,1.0,0.0,3.0,8.0,11.0,1.0,0.0,2025,2604000000.0,2025,1646291.0,2026,80.0,2026,False
KO,Coca-Cola Company (The),Consumer Staples,Soft Drinks & Non-alcoholic Beverages,0000021344,Coca-Cola Company (The),UWJKFUJFZ02DKWI3RY53,,Consumer Staples,Soft Drinks & Non-alcoholic Beverages,Georgia,379872051200.0,4313000000.0,,,,,323.7885,2023,18397000000.0,2025,,,47941000000.0,2025,13762000000.0,2025,14812000000.0,2025,5296000000.0,2025,2112000000.0,2025,,,0.0,,,,,,,,,1.0,limited,,1.0,1.0,,10.0,12.0,1.0,746000000.0,2025,8779000000.0,2025,0.0,2026,0.0,2026,False
KR,Kroger,Consumer Staples,Food Retail,0000056873,Kroger,6CPEOKI6OYJ13Q6O7870,,Consumer Staples,Food Retail,Ohio,34860040192.0,655000000.0,,,,,482.5511,2023,,,,,147642000000.0,2025,1890000000.0,2025,5222000000.0,2025,3456000000.0,2025,3855000000.0,2025,,,0.0,commitment,,,,,,,,1.0,reasonable,,1.0,0.0,3.0,,,1.0,2699000000.0,2025,885000000.0,2025,2670471.0,2026,17.0,2026,False
KVUE,Kenvue,Consumer Staples,Personal Care Products,0001944048,Kenvue,5493008HSF8L4M2LIJ82,,Consumer Staples,Personal Care Products,New Jersey,34151354368.0,1916115445.0,,,,,212.4217,2023,6332000000.0,2025,,,15124000000.0,2025,2414000000.0,2025,2971000000.0,2025,1722000000.0,2025,475000000.0,2025,382000000.0,2025,0.0,near-term,2030.0,2020.0,42.0,1 and 2,,,,,,,1.0,1.0,3.0,,,0.0,197000000.0,2025,1581000000.0,2025,0.0,2026,2.0,2026,False
L,Loews Corporation,Financials,Multi-line Insurance,0000060086,Loews Corporation,R8V1FN4M5ITGZOG7BS19,,Financials,Multi-line Insurance,New York,22239690752.0,209100000.0,1938481.4,2023,43.0,2023,210.982,2023,,,,,18454000000.0,2025,2283000000.0,2025,2890000000.0,2025,2700000000.0,2025,579000000.0,2025,,,0.0,,,,,,,,,,,,1.0,1.0,,,,1.0,806000000.0,2025,52000000.0,2025,0.0,2026,0.0,2026,False
LDOS,Leidos,Industrials,Diversified Support Services,0001336920,Leidos,,,Industrials,Diversified Support Services,Virginia,16170926080.0,126380657.0,,,,,243.5116,2023,14075000000.0,2025,,,17174000000.0,2025,2109000000.0,2025,2399000000.0,2025,1625000000.0,2025,125000000.0,2025,187000000.0,2025,0.0,,,,,,,,,,,,1.0,1.0,3.0,9.0,10.0,1.0,400000000.0,2025,,,0.0,2026,0.0,2026,False
LEN,Lennar,Consumer Discretionary,Homebuilding,0000920760,Lennar,529900G61XVRLX5TJX09,,Consumer Discretionary,Homebuilding,Florida,19175251968.0,272019000.0,,,,,356.816,2023,,,,,34186934000.0,2025,2813863000.0,2025,2948173000.0,2025,28183000.0,2025,188629000.0,2025,,,0.0,,,,,,,,,,,,1.0,1.0,3.0,,,1.0,1808369000.0,2025,520959000.0,2025,0.0,2026,0.0,2026,False
LH,Labcorp,Health Care,Health Care Services,0000920148,Labcorp,,,Health Care,Health Care Services,North Carolina,25265895424.0,82200000.0,,,,,283.0228,2023,9939200000.0,2025,,,13951700000.0,2025,1384700000.0,2025,2065800000.0,2025,1206000000.0,2025,434500000.0,2025,,,0.0,near-term,2030.0,2020.0,42.0,1 and 2,,,,,,,1.0,1.0,3.0,10.0,11.0,1.0,450000000.0,2025,240700000.0,2025,81832.0,2026,10.0,2026,False
LHX,L3Harris,Industrials,Aerospace & Defense,0000202058,L3Harris,,,Industrials,Aerospace & Defense,Florida,45723136000.0,186844093.0,,,,,356.816,2023,15801000000.0,2024,,,21325000000.0,2024,2110000000.0,2025,3334000000.0,2025,2682000000.0,2025,424000000.0,2025,,,0.0,,,,,,,,,,,,1.0,1.0,3.0,,,1.0,1154000000.0,2025,903000000.0,2025,3375.0,2026,6.0,2026,False
LII,Lennox International,Industrials,Building Products,0001069202,Lennox International,S7DWAC87RDMPBF77GJ92,,Industrials,Building Products,Texas,12650590208.0,35400000.0,,,,,348.5027,2023,3460500000.0,2025,,,5195300000.0,2025,1041500000.0,2025,1154000000.0,2025,638800000.0,2025,118800000.0,2025,103400000.0,2025,0.0,near-term,2034.0,2019.0,37.5,1 and 2,,,,,,,1.0,1.0,3.0,,,1.0,482300000.0,2025,173000000.0,2025,0.0,2026,1.0,2026,False
LIN,Linde plc,Materials,Industrial Gases,0001707925,Linde plc,,,Materials,Industrial Gases,United Kingdom,214918168576.0,472195000.0,8787322.3,2023,18.0,2023,,,,,,,33986000000.0,2025,8923000000.0,2025,12686000000.0,2025,5089000000.0,2025,5261000000.0,2025,147000000.0,2025,0.0,near-term,2035.0,,,,,,,,,,1.0,1.0,3.0,,,1.0,4601000000.0,2025,2811000000.0,2025,0.0,2026,0.0,2026,False
LITE,Lumentum,Information Technology,Communications Equipment,0001633978,Lumentum,549300JLWRRC38DWEF52,,Information Technology,Communications Equipment,California,83154591744.0,69800000.0,,,,,178.4824,2023,,,,,1645000000.0,2025,-180100000.0,2025,524800000.0,2026,-104700000.0,2025,231000000.0,2025,303900000.0,2025,1.0,net-zero,2030.0,2022.0,90.0,1 and 2,,,,,,1.0,1.0,1.0,3.0,,,0.0,0.0,2025,,,0.0,2026,0.0,2026,False
LLY,Lilly (Eli),Health Care,Pharmaceuticals,0000059478,Lilly (Eli),,,Health Care,Pharmaceuticals,Indiana,994915778560.0,899300000.0,,,,,660.9703,2023,11052000000.0,2025,,,65179000000.0,2025,25731000000.0,2025,27728000000.0,2025,,,,,7190800000.0,2022,0.0,,,,,,,,1.0,,,,1.0,0.0,3.0,11.0,12.0,1.0,4108000000.0,2025,5384000000.0,2025,0.0,2026,0.0,2026,False
LMT,Lockheed Martin,Industrials,Aerospace & Defense,0000936468,Lockheed Martin,DPRBOZP0K5RM2YE8UU08,,Industrials,Aerospace & Defense,Maryland,120978202624.0,229000000.0,95794.1,2023,2.0,2023,235.8781,2023,67429000000.0,2025,,,75048000000.0,2025,7731000000.0,2025,9418000000.0,2025,6908000000.0,2025,1649000000.0,2025,2000000000.0,2025,0.0,,,,,,,,,,,,1.0,1.0,3.0,,,1.0,3000000000.0,2025,3131000000.0,2025,119594.0,2026,24.0,2026,False
LNT,Alliant Energy,Utilities,Electric Utilities,0000352541,Alliant Energy,5493009ML300G373MZ12,,Utilities,Electric Utilities,Wisconsin,17439490048.0,257137261.0,13023321.5,2023,18.0,2023,524.8046,2023,625000000.0,2025,,,4362000000.0,2025,1025000000.0,2025,1871000000.0,2025,-998000000.0,2022,1484000000.0,2022,,,0.0,,,,,,,,,,,,1.0,0.0,3.0,,,0.0,,,521000000.0,2025,0.0,2026,1.0,2026,False
LOW,Lowe's,Consumer Discretionary,Home Improvement Retail,0000060667,Lowe's,,,Consumer Discretionary,Home Improvement Retail,North Carolina,110426652672.0,561000000.0,,,,,283.0228,2023,57401000000.0,2025,,,86286000000.0,2025,10153000000.0,2025,12347000000.0,2025,7651000000.0,2025,2213000000.0,2025,,,0.0,,,,,,,,,,,,1.0,1.0,3.0,11.0,12.0,1.0,211000000.0,2025,2636000000.0,2025,25612501.0,2026,242.0,2026,False
LRCX,Lam Research,Information Technology,Semiconductor Materials & Equipment,0000707549,Lam Research,549300I4GMO6D34U1T02,,Information Technology,Semiconductor Materials & Equipment,California,373168930816.0,1268740000.0,,,,,178.4824,2023,9456532000.0,2025,,,18435591000.0,2025,5900968000.0,2025,6287245000.0,2025,5414078000.0,2025,759186000.0,2025,2096387000.0,2025,0.0,near-term,2034.0,2019.0,46.2,1 and 2,,,,,,1.0,1.0,1.0,3.0,,,1.0,3422321000.0,2025,1149542000.0,2025,0.0,2026,1.0,2026,False
LULU,Lululemon Athletica,Consumer Discretionary,"Apparel, Accessories & Luxury Goods",0001397187,Lululemon Athletica,549300D9GZ4BMLDW5T40,,Consumer Discretionary,"Apparel, Accessories & Luxury Goods",Canada,10956971008.0,111380000.0,,,,,,,4818468000.0,2025,,,11102600000.0,2025,2210615000.0,2025,2706843000.0,2025,921675000.0,2025,680802000.0,2025,,,0.0,,,,,,,,,,,,1.0,1.0,3.0,,,0.0,1178349000.0,2025,,,0.0,2026,0.0,2026,False
LUV,Southwest Airlines,Industrials,Passenger Airlines,0000092380,Southwest Airlines,UDTZ87G0STFETI6HGH41,,Industrials,Passenger Airlines,Texas,19196530688.0,558000000.0,,,,,348.5027,2023,,,5240000000.0,2025,28063000000.0,2025,428000000.0,2025,1988000000.0,2025,-831000000.0,2025,2673000000.0,2025,,,0.0,,,,,,,,,,,,1.0,0.0,3.0,,,0.0,2550000000.0,2025,399000000.0,2025,0.0,2026,2.0,2026,False
LVS,Las Vegas Sands,Consumer Discretionary,Casinos & Gaming,0001300514,Las Vegas Sands,,,Consumer Discretionary,Casinos & Gaming,Nevada,27741042688.0,675000000.0,,,,,291.374,2023,,,,,13017000000.0,2025,2818000000.0,2025,4282000000.0,2025,1855000000.0,2025,1168000000.0,2025,269000000.0,2025,0.0,near-term,2030.0,2018.0,60.2,1 and 2,,,,,,,1.0,1.0,,,,0.0,2217000000.0,2025,833000000.0,2025,0.0,2026,0.0,2026,False
LYB,LyondellBasell,Materials,Specialty Chemicals,0001489393,LyondellBasell,,,Materials,Specialty Chemicals,Netherlands,20574285824.0,322084769.0,6109912.0,2014,7.0,2014,,,27576000000.0,2025,,,30153000000.0,2025,-420000000.0,2025,970000000.0,2025,384000000.0,2025,1878000000.0,2025,136000000.0,2025,0.0,,,,,,,,1.0,,,,1.0,1.0,3.0,,,0.0,201000000.0,2025,1764000000.0,2025,10766361.0,2026,18.0,2026,False
LYV,Live Nation Entertainment,Communication Services,Movies & Entertainment,0001335258,Live Nation Entertainment,5493007B9BM9ZXJINO78,,Communication Services,Movies & Entertainment,California,39638056960.0,235421446.0,,,,,178.4824,2023,,,,,25201406000.0,2025,1251217000.0,2025,1890089000.0,2025,333611000.0,2025,1061705000.0,2025,,,0.0,,,,,,,,,,,,1.0,0.0,,,,0.0,23531000.0,2025,,,0.0,2026,0.0,2026,False
MA,Mastercard,Financials,Transaction & Payment Processing Services,0001141391,Mastercard,AR5L2ODV9HN37376R084,,Financials,Transaction & Payment Processing Services,New York,498616074240.0,906000000.0,,,,,210.982,2023,,,,,32791000000.0,2025,18897000000.0,2025,20040000000.0,2025,17159000000.0,2025,489000000.0,2025,,,0.0,near-term,2030.0,2016.0,60.2,"1, 2 and 3",,,,,,,1.0,1.0,3.0,10.0,11.0,1.0,11727000000.0,2025,2756000000.0,2025,0.0,2026,0.0,2026,False
MAA,Mid-America Apartment Communities,Real Estate,Multi-Family Residential REITs,0000912595,Mid-America Apartment Communities,549300FQZKFR5YNSHZ21,,Real Estate,Multi-Family Residential REITs,Tennessee,14845492224.0,116878077.0,,,,,298.1312,2023,,,,,2209126000.0,2025,130276000.0,2025,753245000.0,2025,,,,,,,0.0,,,,,,,,,,,,1.0,0.0,,,,1.0,27235000.0,2025,709024000.0,2025,0.0,2026,0.0,2026,False
MAR,Marriott International,Consumer Discretionary,"Hotels, Resorts & Cruise Lines",0001048286,Marriott International,225YDZ14ZO8E1TXUSU86,,Consumer Discretionary,"Hotels, Resorts & Cruise Lines",Maryland,87275872256.0,265864771.0,,,,,235.8781,2023,,,,,26186000000.0,2025,4141000000.0,2025,4268000000.0,2025,2608000000.0,2025,604000000.0,2025,,,1.0,near-term,2030.0,2019.0,46.2,1 and 2,,,,,,,1.0,1.0,3.0,,,1.0,3300000000.0,2025,718000000.0,2025,0.0,2026,0.0,2026,False
MAS,Masco,Industrials,Building Products,0000062996,Masco,5GCSNMQXHEYA1JO8QN11,,Industrials,Building Products,Michigan,13511281664.0,204300000.0,,,,,359.7763,2023,4883000000.0,2025,,,7562000000.0,2025,1248000000.0,2025,1396000000.0,2025,866000000.0,2025,156000000.0,2025,,,0.0,,,,,,,,,,,,1.0,1.0,3.0,9.0,10.0,1.0,571000000.0,2025,261000000.0,2025,71374.0,2026,15.0,2026,False
MCD,McDonald's,Consumer Discretionary,Restaurants,0000063908,McDonald's,UE2136O97NLB5BYP9H04,,Consumer Discretionary,Restaurants,Illinois,178700713984.0,716.4,,,,,213.9618,2023,,,,,26885000000.0,2025,12393000000.0,2025,12850000000.0,2025,7186000000.0,2025,3365000000.0,2025,,,1.0,near-term,2030.0,2018.0,50.4,1 and 2,,,,,,,1.0,1.0,3.0,11.0,12.0,1.0,2056000000.0,2025,5115000000.0,2025,3000.0,2026,11.0,2026,False
MCHP,Microchip Technology,Information Technology,Semiconductors,0000827054,Microchip Technology,5493007PTFULNYZJ1R12,,Information Technology,Semiconductors,Arizona,40291246080.0,542079011.0,472938.2,2023,3.0,2023,311.4764,2023,1992000000.0,2025,,,4713100000.0,2025,490100000.0,2025,1179400000.0,2025,871000000.0,2025,91100000.0,2025,1085900000.0,2025,0.0,,,,,,,,,1.0,limited,1.0,1.0,1.0,,,,1.0,0.0,2025,984000000.0,2025,30541.0,2026,3.0,2026,False
MCK,McKesson Corporation,Health Care,Health Care Distributors,0000927653,McKesson Corporation,549300WZWOM80UCFSF54,,Health Care,Health Care Distributors,Texas,102775570432.0,124100000.0,,,,,348.5027,2023,388880000000.0,2025,,,403430000000.0,2025,6212000000.0,2025,6499000000.0,2025,5719000000.0,2025,436000000.0,2025,,,0.0,near-term,2032.0,2020.0,50.4,1 and 2,,,,,,,1.0,1.0,3.0,10.0,11.0,1.0,4750000000.0,2025,381000000.0,2025,0.0,2026,0.0,2026,False
MCO,Moody's Corporation,Financials,Financial Exchanges & Data,0001059556,Moody's Corporation,549300GCEDD8YCF5WU84,,Financials,Financial Exchanges & Data,New York,82252316672.0,179900000.0,,,,,210.982,2023,1973000000.0,2025,,,7718000000.0,2025,3351000000.0,2025,3831000000.0,2025,2575000000.0,2025,326000000.0,2025,,,1.0,near-term,2030.0,2019.0,50.0,1 and 2,,,,,,,1.0,0.0,3.0,,,1.0,1607000000.0,2025,701000000.0,2025,0.0,2026,0.0,2026,False
MDLZ,Mondelez International,Consumer Staples,Packaged Foods & Meats,0001103982,Mondelez International,,,Consumer Staples,Packaged Foods & Meats,Illinois,79692677120.0,1298000000.0,13247.4,2018,1.0,2018,213.9618,2023,27602000000.0,2025,,,38537000000.0,2025,3548000000.0,2025,4906000000.0,2025,3235000000.0,2025,1279000000.0,2025,400000000.0,2025,1.0,near-term,2030.0,2018.0,50.4,1 and 2,,,,,,,1.0,1.0,3.0,,,1.0,2385000000.0,2025,2487000000.0,2025,0.0,2026,0.0,2026,False
MDT,Medtronic,Health Care,Health Care Equipment,0001613103,Medtronic,D56MRZY2INAN94ZONZ37,,Health Care,Health Care Equipment,Ireland,116350386176.0,1280177293.0,,,,,,,12721000000.0,2025,,,36364000000.0,2025,6467000000.0,2025,9425000000.0,2025,5426000000.0,2025,1904000000.0,2025,,,0.0,near-term,,,,,,,,,,,1.0,1.0,3.0,,,1.0,1035000000.0,2025,3639000000.0,2025,117998.0,2026,6.0,2026,False
MET,MetLife,Financials,Life & Health Insurance,0001099219,MetLife,C4BXATY60WC6XEOZDX54,,Financials,Life & Health Insurance,New York,61730230272.0,655333773.0,,,,,210.982,2023,,,,,77084000000.0,2025,6137000000.0,2025,6137000000.0,2025,,,,,,,0.0,commitment,,,,,,,,,,,1.0,0.0,3.0,,,1.0,2883000000.0,2025,1509000000.0,2025,0.0,2026,0.0,2026,False
META,Meta Platforms,Communication Services,Interactive Media & Services,0001326801,Meta Platforms,BQ4BKCS1HXDV9HN80Z93,,Communication Services,Interactive Media & Services,California,1650860490752.0,2574000000.0,,,,,178.4824,2023,36175000000.0,2025,,,200966000000.0,2025,83276000000.0,2025,101892000000.0,2025,46109000000.0,2025,69691000000.0,2025,57372000000.0,2025,0.0,near-term,2031.0,2021.0,42.0,1 and 2,,,,1.0,limited,1.0,1.0,0.0,,,,1.0,26248000000.0,2025,5324000000.0,2025,0.0,2026,1.0,2026,False
MGM,MGM Resorts,Consumer Discretionary,Casinos & Gaming,0000789570,MGM Resorts,,,Consumer Discretionary,Casinos & Gaming,Nevada,10205905920.0,258323143.0,110103.336,2023,1.0,2023,291.374,2023,,,,,17537683000.0,2025,1001780000.0,2025,2019574000.0,2025,1460451000.0,2025,1068927000.0,2025,,,0.0,near-term,2030.0,,,,,,,,,,1.0,1.0,3.0,,,0.0,1228272000.0,2025,0.0,2024,26000.0,2026,2.0,2026,False
MKC,McCormick & Company,Consumer Staples,Packaged Foods & Meats,0000063754,McCormick & Company,549300JQQA6MQ4OJP259,,Consumer Staples,Packaged Foods & Meats,Maryland,13797462016.0,269400000.0,,,,,235.8781,2023,4248100000.0,2025,,,6840300000.0,2025,1070800000.0,2025,1302100000.0,2025,740400000.0,2025,221800000.0,2025,106100000.0,2025,1.0,net-zero,2030.0,2020.0,42.0,1 and 2,,,,,,,1.0,1.0,3.0,,,1.0,34800000.0,2025,483000000.0,2025,0.0,2026,1.0,2026,False
MLM,Martin Marietta Materials,Materials,Construction Materials,0000916076,Martin Marietta Materials,5299005MZ4WZECVATV08,,Materials,Construction Materials,North Carolina,36217044992.0,60309739.0,3999044.2,2023,4.0,2023,283.0228,2023,4261000000.0,2025,,,6150000000.0,2025,1437000000.0,2025,2074000000.0,2025,978000000.0,2025,807000000.0,2025,,,0.0,near-term,2035.0,2023.0,63.0,1 and 2,,,,,,,1.0,1.0,3.0,9.0,10.0,1.0,450000000.0,2025,197000000.0,2025,10000.0,2026,15.0,2026,False
MMM,3M,Industrials,Industrial Conglomerates,0000066740,3M,LUZQVYP4VS22CLWDAR65,,Industrials,Industrial Conglomerates,Minnesota,85078728704.0,530279131.0,1007143.7,2023,11.0,2023,339.0806,2023,14991000000.0,2025,,,24948000000.0,2025,4629000000.0,2025,5937000000.0,2025,1396000000.0,2025,910000000.0,2025,700000000.0,2024,0.0,near-term,2030.0,2019.0,52.6,1 and 2,0.5,2025,,,,,1.0,0.0,3.0,,,1.0,3251000000.0,2025,1562000000.0,2025,,,,,False
MNST,Monster Beverage,Consumer Staples,Soft Drinks & Non-alcoholic Beverages,0000865752,Monster Beverage,52990090AP0E7HCB6F33,,Consumer Staples,Soft Drinks & Non-alcoholic Beverages,California,85022851072.0,978113000.0,,,,,178.4824,2023,3662148000.0,2025,,,8294343000.0,2025,2419354000.0,2025,2533795000.0,2025,1965902000.0,2025,132275000.0,2025,,,0.0,commitment,,,,,,,,,,,1.0,1.0,3.0,,,1.0,103646000.0,2025,,,0.0,2026,0.0,2026,False
MO,Altria,Consumer Staples,Tobacco,0000764180,Altria,XSGZFLO9YTNO9VCQV219,,Consumer Staples,Tobacco,Virginia,115178938368.0,1674318297.0,66467.2,2023,2.0,2023,243.5116,2023,5597000000.0,2025,,,23279000000.0,2025,9899000000.0,2025,10165000000.0,2025,9074000000.0,2025,216000000.0,2025,195000000.0,2025,1.0,near-term,2030.0,2022.0,65.0,1 and 2,,,,,,,1.0,1.0,3.0,9.0,10.0,0.0,1000000000.0,2025,6960000000.0,2025,0.0,2026,0.0,2026,False
MOS,Mosaic Company (The),Materials,Fertilizers & Agricultural Chemicals,0001285785,Mosaic Company (The),2YD5STGSJNMUB7H76907,,Materials,Fertilizers & Agricultural Chemicals,Florida,8007791616.0,317408647.0,1584500.0,2023,8.0,2023,356.816,2023,10150500000.0,2025,,,12052400000.0,2025,821500000.0,2025,1871400000.0,2025,-534600000.0,2025,1359400000.0,2025,,,0.0,,,,,,,,,1.0,,,1.0,0.0,3.0,,,0.0,0.0,2025,280400000.0,2025,0.0,2026,0.0,2026,False
MPC,Marathon Petroleum,Energy,Oil & Gas Refining & Marketing,0001510295,Marathon Petroleum,,,Energy,Oil & Gas Refining & Marketing,Ohio,111186952192.0,306000000.0,15864357.7,2023,26.0,2023,482.5511,2023,119446000000.0,2025,,,132699000000.0,2025,8291000000.0,2025,11542000000.0,2025,4767000000.0,2025,3486000000.0,2025,,,0.0,,,,,,,,,,,,1.0,1.0,,10.0,11.0,1.0,3488000000.0,2025,1140000000.0,2025,256465.0,2026,21.0,2026,False
MPWR,Monolithic Power Systems,Information Technology,Semiconductors,0001280452,Monolithic Power Systems,529900TB7O85LSZ1XU31,,Information Technology,Semiconductors,Washington,60665065472.0,47892000.0,,,,,120.2561,2023,1250718000.0,2025,,,2790459000.0,2025,728636000.0,2025,781149000.0,2025,666189000.0,2025,172013000.0,2025,,,0.0,,,,,,,,,,,1.0,1.0,1.0,3.0,,,1.0,6600000.0,2025,284797000.0,2025,0.0,2026,0.0,2026,False
MRK,Merck & Co.,Health Care,Pharmaceuticals,0000310158,Merck & Co.,4YV9Y5M8S0BRK1RP0397,,Health Care,Pharmaceuticals,New Jersey,355100000256.0,2507000000.0,365529.7,2023,3.0,2023,212.4217,2023,16382000000.0,2025,,,65011000000.0,2025,21067000000.0,2025,,,12360000000.0,2025,4112000000.0,2025,15789000000.0,2025,0.0,,,,,,,,,,,,1.0,1.0,3.0,12.0,13.0,1.0,5084000000.0,2025,8176000000.0,2025,6400.0,2026,3.0,2026,False
MRNA,Moderna,Health Care,Biotechnology,0001682852,Moderna,549300EI6OKH5K5Q2G38,,Health Care,Biotechnology,Massachusetts,57477992448.0,394000000.0,,,,,373.0301,2023,868000000.0,2025,,,1944000000.0,2025,-3074000000.0,2025,-2863000000.0,2025,-2065000000.0,2025,192000000.0,2025,3132000000.0,2025,1.0,near-term,2030.0,2021.0,90.0,1 and 2,,,,,,,1.0,1.0,3.0,,,1.0,2000000.0,2025,,,17249.0,2026,3.0,2026,False
MRSH,Marsh McLennan,Financials,Insurance Brokers,0000062709,Marsh McLennan,,,Financials,Insurance Brokers,New York,84423442432.0,485000000.0,,,,,210.982,2023,,,,,26981000000.0,2025,6223000000.0,2025,6584000000.0,2025,5001000000.0,2025,291000000.0,2025,,,1.0,near-term,2030.0,2019.0,50.0,1 and 2,,,,,,,1.0,1.0,3.0,,,0.0,2012000000.0,2025,1699000000.0,2025,0.0,2026,0.0,2026,False
MRVL,Marvell Technology,Information Technology,Semiconductors,0001835632,Marvell Technology,,,Information Technology,Semiconductors,California,212184170496.0,847300000.0,,,,,178.4824,2023,4013900000.0,2025,,,8194600000.0,2025,1322900000.0,2025,542900000.0,2022,1396400000.0,2025,354100000.0,2025,2075200000.0,2025,0.0,near-term,2030.0,2022.0,50.0,1 and 2,,,,,,1.0,1.0,1.0,3.0,,,1.0,2040100000.0,2025,205100000.0,2025,0.0,2026,0.0,2026,False
MS,Morgan Stanley,Financials,Investment Banking & Brokerage,0000895421,Morgan Stanley,,,Financials,Investment Banking & Brokerage,New York,336698015744.0,1582834137.0,24686.4,2015,2.0,2015,210.982,2023,,,,,70645000000.0,2025,21954000000.0,2025,26612000000.0,2025,,,,,,,0.0,,,,,,,,1.0,,,,1.0,1.0,3.0,,,1.0,,,6593000000.0,2025,500.0,2026,2.0,2026,False
MSCI,MSCI,Financials,Financial Exchanges & Data,0001408198,MSCI,549300HTIN2PD78UB763,,Financials,Financial Exchanges & Data,New York,40320147456.0,73563183.0,,,,,210.982,2023,,,,,3134459000.0,2025,1713567000.0,2025,1736972000.0,2025,1549127000.0,2025,39319000.0,2025,177596000.0,2025,1.0,near-term,2030.0,2019.0,80.0,1 and 2,,,,,,,1.0,1.0,3.0,,,1.0,2484305000.0,2025,556521000.0,2025,0.0,2026,0.0,2026,False
MSFT,Microsoft,Information Technology,Systems Software,0000789019,Microsoft,INR2EJN1ERAN0W5ZP974,,Information Technology,Systems Software,Washington,3680323239936.0,7434000000.0,,,,,120.2561,2023,87831000000.0,2025,,,281724000000.0,2025,128528000000.0,2025,155237000000.0,2026,71611000000.0,2025,64551000000.0,2025,32488000000.0,2025,0.0,near-term,2030.0,,,,,,,,,,1.0,1.0,3.0,11.0,12.0,1.0,18420000000.0,2025,24082000000.0,2025,1000.0,2026,9.0,2026,False
MSI,Motorola Solutions,Information Technology,Communications Equipment,0000068505,Motorola Solutions,6S552MUG6KGJVEBSEC55,,Information Technology,Communications Equipment,Illinois,77146587136.0,165700000.0,,,,,213.9618,2023,5647000000.0,2025,,,11682000000.0,2025,2988000000.0,2025,3413000000.0,2025,2572000000.0,2025,265000000.0,2025,970000000.0,2025,0.0,,,,,,,,,,,1.0,1.0,1.0,3.0,7.0,8.0,1.0,1154000000.0,2025,728000000.0,2025,0.0,2026,0.0,2026,False
MTB,M&T Bank,Financials,Regional Banks,0000036270,M&T Bank,549300WYXDDBYRASEG81,,Financials,Regional Banks,New York,34635350016.0,158791000.0,,,,,210.982,2023,,,,,1657000000.0,2025,3692000000.0,2025,4015000000.0,2025,3649000000.0,2023,256000000.0,2023,,,0.0,,,,,,,,1.0,,,,1.0,1.0,3.0,,,1.0,2631000000.0,2025,899000000.0,2025,0.0,2026,0.0,2026,False
MTD,Mettler Toledo,Health Care,Life Sciences Tools & Services,0001037646,Mettler Toledo,,,Health Care,Life Sciences Tools & Services,Ohio,25917691904.0,20359353.0,,,,,482.5511,2023,,,,,4026399000.0,2025,1048909000.0,2025,,,848648000.0,2025,107124000.0,2025,199373000.0,2025,0.0,near-term,2030.0,,,,,,1.0,,,,1.0,1.0,3.0,,,0.0,799995000.0,2025,,,0.0,2026,0.0,2026,False
MU,Micron Technology,Information Technology,Semiconductors,0000723125,Micron Technology,B3DXGBC8GAIYWI2Z0172,,Information Technology,Semiconductors,Idaho,1101452017664.0,1122000000.0,303884.3,2023,2.0,2023,142.1071,2023,22505000000.0,2025,,,37378000000.0,2025,9770000000.0,2025,18122000000.0,2025,1668000000.0,2025,15857000000.0,2025,3798000000.0,2025,0.0,,,,,,,,,,,,1.0,1.0,3.0,7.0,8.0,1.0,0.0,2025,522000000.0,2025,157101.0,2026,3.0,2026,False
NCLH,Norwegian Cruise Line Holdings,Consumer Discretionary,"Hotels, Resorts & Cruise Lines",0001513761,Norwegian Cruise Line Holdings,,,Consumer Discretionary,"Hotels, Resorts & Cruise Lines",Florida,6805163520.0,455257489.0,,,,,356.816,2023,5639163000.0,2025,675887000.0,2025,9827592000.0,2025,1560868000.0,2025,2722976000.0,2025,-1169860000.0,2025,3259606000.0,2025,,,0.0,,,,,,,,,,,,1.0,1.0,,,,1.0,,,,,0.0,2026,0.0,2026,False
NDAQ,"Nasdaq, Inc.",Financials,Financial Exchanges & Data,0001120193,"Nasdaq, Inc.",549300L8X1Q78ERXFD06,,Financials,Financial Exchanges & Data,New York,50973147136.0,569894024.0,,,,,210.982,2023,3013000000.0,2025,,,8262000000.0,2025,2331000000.0,2025,2476000000.0,2025,1989000000.0,2025,266000000.0,2025,,,1.0,near-term,2032.0,2023.0,90.0,1 and 2,,,,,,,1.0,1.0,2.0,11.0,12.0,1.0,616000000.0,2025,601000000.0,2025,0.0,2026,0.0,2026,False
NDSN,Nordson Corporation,Industrials,Industrial Machinery & Supplies & Components,0000072331,Nordson Corporation,14OS6Q5N55N95WM84M53,,Industrials,Industrial Machinery & Supplies & Components,Ohio,17515780096.0,55920000.0,,,,,482.5511,2023,1251903000.0,2025,,,2791687000.0,2025,711725000.0,2025,790989000.0,2025,661115000.0,2025,58060000.0,2025,68239000.0,2025,0.0,,,,,,,,,,,,1.0,1.0,1.0,,,0.0,306367000.0,2025,179069000.0,2025,0.0,2026,0.0,2026,False
NEE,NextEra Energy,Utilities,Multi-Utilities,0000753308,NextEra Energy,254900RHL9MEUS5NKX63,,Utilities,Multi-Utilities,Florida,171696865280.0,2083000000.0,42410123.6,2023,22.0,2023,356.816,2023,,,,,27412000000.0,2025,8280000000.0,2025,14860000000.0,2025,,,,,,,0.0,,,,,,,,,,,1.0,1.0,1.0,3.0,11.0,12.0,1.0,,,4680000000.0,2025,824776.0,2026,7.0,2026,False
NEM,Newmont,Materials,Gold,0001164727,Newmont,549300VSP3RIX7FGDZ51,,Materials,Gold,Colorado,133618712576.0,1089000000.0,567759.3,2023,3.0,2023,492.1572,2023,,,,,22669000000.0,2025,11342000000.0,2025,13863000000.0,2025,7299000000.0,2025,3035000000.0,2025,166000000.0,2025,0.0,near-term,2030.0,2018.0,32.0,1 and 2,,,,1.0,limited,1.0,1.0,1.0,3.0,,,1.0,2303000000.0,2025,1106000000.0,2025,0.0,2026,4.0,2026,False
NFLX,Netflix,Communication Services,Movies & Entertainment,0001065280,Netflix,549300Y7VHGU0I7CE873,,Communication Services,Movies & Entertainment,California,322288943104.0,4222162150.0,,,,,178.4824,2023,23275329000.0,2025,,,45183036000.0,2025,13326603000.0,2025,13659992000.0,2025,9461053000.0,2025,688220000.0,2025,3391390000.0,2025,0.0,near-term,2030.0,2019.0,46.2,1 and 2,,,,,,,1.0,1.0,2.0,,,1.0,9127167000.0,2025,,,20260.0,2026,2.0,2026,False
NI,NiSource,Utilities,Multi-Utilities,0001111711,NiSource,549300D8GOWWH0SJB189,,Utilities,Multi-Utilities,Indiana,19858583552.0,478432058.0,5027591.0,2023,9.0,2023,660.9703,2023,,,,,6522800000.0,2025,1835300000.0,2025,3002900000.0,2025,-420000000.0,2025,2782300000.0,2025,,,0.0,,,,,,,,1.0,,,1.0,1.0,1.0,3.0,,,1.0,,,530400000.0,2025,0.0,2026,0.0,2026,False
NKE,"Nike, Inc.",Consumer Discretionary,"Apparel, Accessories & Luxury Goods",0000320187,"Nike, Inc.",,,Consumer Discretionary,"Apparel, Accessories & Luxury Goods",Oregon,54592753664.0,1481000000.0,,,,,165.1811,2023,26487000000.0,2025,,,46398000000.0,2025,3900000000.0,2025,4647000000.0,2025,2184000000.0,2025,684000000.0,2025,,,0.0,near-term,2030.0,2015.0,65.0,1 and 2,,,,,,,1.0,1.0,1.0,,,1.0,146000000.0,2025,2407000000.0,2025,0.0,2026,4.0,2026,False
NOC,Northrop Grumman,Industrials,Aerospace & Defense,0001133421,Northrop Grumman,RIMU48P07456QXSO0R61,,Industrials,Aerospace & Defense,Virginia,73726443520.0,141997194.0,110192.3,2023,3.0,2023,243.5116,2023,,,,,41954000000.0,2025,4511000000.0,2025,5983000000.0,2025,3307000000.0,2025,1450000000.0,2025,1100000000.0,2025,0.0,,,,,,,,,0.0,reasonable,,1.0,0.0,3.0,,,1.0,1624000000.0,2025,1293000000.0,2025,44000.0,2026,13.0,2026,False
NOW,ServiceNow,Information Technology,Systems Software,0001373715,ServiceNow,549300HJTQM36M0E1G39,,Information Technology,Systems Software,California,137017729024.0,1047278000.0,,,,,178.4824,2023,2983000000.0,2025,,,13278000000.0,2025,1824000000.0,2025,2562000000.0,2025,4576000000.0,2025,868000000.0,2025,2960000000.0,2025,0.0,near-term,2026.0,2019.0,70.0,1 and 2,,,,,,,1.0,0.0,3.0,,,1.0,1840000000.0,2025,,,0.0,2026,0.0,2026,False
NRG,NRG Energy,Utilities,Independent Power Producers & Energy Traders,0001013871,NRG Energy,5E2UPK5SW04M13XY7I38,,Utilities,Independent Power Producers & Energy Traders,Texas,23850481664.0,190376607.0,22461424.3,2023,16.0,2023,348.5027,2023,,,,,30713000000.0,2025,1845000000.0,2025,3251000000.0,2025,766000000.0,2025,1147000000.0,2025,,,0.0,near-term,2025.0,,,,,,,,,1.0,1.0,1.0,3.0,,,1.0,1311000000.0,2025,411000000.0,2025,50000.0,2026,4.0,2026,False
NSC,Norfolk Southern,Industrials,Rail Transportation,0000702165,Norfolk Southern,54930036C8MWP850MI84,,Industrials,Rail Transportation,Georgia,71935320064.0,224420699.0,,,,,323.7885,2023,,,932000000.0,2025,12180000000.0,2025,4356000000.0,2025,5749000000.0,2025,2157000000.0,2025,2204000000.0,2025,,,0.0,near-term,2034.0,2019.0,42.0,1 and 2,,,,,,,1.0,1.0,3.0,11.0,12.0,1.0,534000000.0,2025,1215000000.0,2025,753280.0,2026,28.0,2026,False
NTAP,NetApp,Information Technology,"Technology Hardware, Storage & Peripherals",0001002047,NetApp,QTX3D84DZDD5JYOCYH15,,Information Technology,"Technology Hardware, Storage & Peripherals",California,39142379520.0,196000000.0,,,,,178.4824,2023,2026000000.0,2025,,,6925000000.0,2025,1674000000.0,2025,1853000000.0,2025,1869000000.0,2025,198000000.0,2025,991000000.0,2025,0.0,near-term,2030.0,2020.0,50.8,1 and 2,,,,,,,1.0,0.0,3.0,,,0.0,950000000.0,2025,413000000.0,2025,0.0,2026,1.0,2026,False
NTRS,Northern Trust,Financials,Asset Management & Custody Banks,0000073124,Northern Trust,,,Financials,Asset Management & Custody Banks,Illinois,34613379072.0,186337588.0,,,,,213.9618,2023,,,,,8086400000.0,2025,2339500000.0,2025,3118600000.0,2025,5459500000.0,2025,74000000.0,2025,,,0.0,commitment,,,,,,,,,,,1.0,1.0,3.0,,,1.0,1273500000.0,2025,591600000.0,2025,0.0,2026,0.0,2026,False
NUE,Nucor,Materials,Steel,0000073309,Nucor,549300GGJCRSI2TIEJ46,,Materials,Steel,North Carolina,58858356736.0,231000000.0,5497406.2,2023,26.0,2023,283.0228,2023,28616000000.0,2025,,,32494000000.0,2025,2568000000.0,2025,,,-188000000.0,2025,3422000000.0,2025,,,0.0,,,,,,,,,,,,1.0,1.0,3.0,,,1.0,700000000.0,2025,512000000.0,2025,632285.0,2026,56.0,2026,False
NVDA,Nvidia,Information Technology,Semiconductors,0001045810,Nvidia,549300S4KLFTLO7GSQ80,,Information Technology,Semiconductors,California,5271048421376.0,24304000000.0,,,,,178.4824,2023,62475000000.0,2025,,,215938000000.0,2025,130387000000.0,2025,133230000000.0,2025,96676000000.0,2025,6042000000.0,2025,18497000000.0,2025,0.0,near-term,2030.0,2023.0,50.0,1 and 2,,,,,,,1.0,1.0,3.0,,,1.0,40086000000.0,2025,974000000.0,2025,0.0,2026,0.0,2026,False
NVR,"NVR, Inc.",Consumer Discretionary,Homebuilding,0000906163,"NVR, Inc.",529900RWXR4JI3JYTV70,,Consumer Discretionary,Homebuilding,Virginia,16499457024.0,2799387.0,,,,,243.5116,2023,,,,,10323959000.0,2025,,,,,1096812000.0,2025,24508000.0,2025,,,0.0,,,,,,,,,,,,1.0,0.0,3.0,,,1.0,1833316000.0,2025,,,0.0,2026,3.0,2026,False
NWS,News Corp (Class B),Communication Services,Publishing,0001564708,News Corp (Class B),,,Communication Services,Publishing,New York,17544667136.0,569900000.0,,,,,210.982,2023,,,,,8452000000.0,2025,923000000.0,2025,1382000000.0,2025,571000000.0,2025,407000000.0,2025,,,0.0,near-term,,,,,,,,,,,1.0,1.0,3.0,,,1.0,150000000.0,2025,185000000.0,2025,0.0,2026,0.0,2026,False
NXPI,NXP Semiconductors,Information Technology,Semiconductors,0001413447,NXP Semiconductors,,,Information Technology,Semiconductors,Netherlands,59667087360.0,254331000.0,,,,,,,5553000000.0,2025,,,12269000000.0,2025,3047000000.0,2025,3879000000.0,2025,2423000000.0,2025,397000000.0,2025,2360000000.0,2025,0.0,near-term,2030.0,,,,,,,1.0,limited,1.0,1.0,1.0,3.0,,,0.0,899000000.0,2025,1025000000.0,2025,0.0,2026,1.0,2026,False
O,Realty Income,Real Estate,Retail REITs,0000726728,Realty Income,549300CUWDAUZSH43859,,Real Estate,Retail REITs,California,56299974656.0,933975000.0,,,,,178.4824,2023,,,,,5749377000.0,2025,1155129000.0,2025,3679329000.0,2025,,,,,,,0.0,,,,,,,,,1.0,limited,,1.0,1.0,3.0,,,1.0,,,2920895000.0,2025,1000.0,2026,5.0,2026,False
ODFL,Old Dominion,Industrials,Cargo Ground Transportation,0000878927,Old Dominion,,,Industrials,Cargo Ground Transportation,North Carolina,37390618624.0,208556788.0,,,,,283.0228,2023,,,,,5496389000.0,2025,1361045000.0,2025,1725728000.0,2025,955099000.0,2025,415034000.0,2025,,,0.0,,,,,,,,,,,,1.0,1.0,3.0,8.0,12.0,1.0,730338000.0,2025,235641000.0,2025,34929.0,2026,17.0,2026,False
OKE,Oneok,Energy,Oil & Gas Storage & Transportation,0001039684,Oneok,2T3D6M0JSY48PSZI1Q41,,Energy,Oil & Gas Storage & Transportation,Oklahoma,60906319872.0,629707691.0,2501676.9,2023,33.0,2023,293.568,2023,23373000000.0,2025,,,33629000000.0,2025,5741000000.0,2025,7255000000.0,2025,2447000000.0,2025,3152000000.0,2025,,,0.0,,,,,,,,,,,1.0,1.0,1.0,3.0,11.0,12.0,1.0,75000000.0,2025,2583000000.0,2025,81406.0,2026,33.0,2026,False
OMC,Omnicom Group,Communication Services,Advertising,0000029989,Omnicom Group,HKUPACFHSSASQK8HLS17,,Communication Services,Advertising,New York,21676075008.0,313100000.0,,,,,210.982,2023,15804800000.0,2025,,,17271900000.0,2025,444700000.0,2025,721400000.0,2025,2788400000.0,2025,149800000.0,2025,,,0.0,near-term,2030.0,2019.0,46.2,"1, 2, and 3",,,1.0,,,,1.0,1.0,,,,1.0,707900000.0,2025,549600000.0,2025,0.0,2026,0.0,2026,False
ON,ON Semiconductor,Information Technology,Semiconductors,0001097864,ON Semiconductor,ZV20P4CNJVT8V1ZGJ064,,Information Technology,Semiconductors,Arizona,29642719232.0,396740551.0,,,,,311.4764,2023,4011500000.0,2025,,,5995400000.0,2025,84200000.0,2025,770200000.0,2025,1418600000.0,2025,341200000.0,2025,,,0.0,,,,,,,,,,,,1.0,1.0,3.0,,,0.0,1377600000.0,2025,,,290800.0,2026,2.0,2026,False
ORCL,Oracle Corporation,Information Technology,Application Software,0001341439,Oracle Corporation,1Z4GXXU7ZHVWFCD8TV52,,Information Technology,Application Software,Texas,432877174784.0,2880000000.0,,,,,348.5027,2023,,,,,67357000000.0,2025,20606000000.0,2025,20606000000.0,2026,-23686000000.0,2025,55663000000.0,2025,10272000000.0,2025,0.0,,,,,,,,,,,,1.0,0.0,3.0,,,1.0,95000000.0,2025,5787000000.0,2025,0.0,2026,0.0,2026,False
ORLY,O'Reilly Automotive,Consumer Discretionary,Automotive Retail,0000898173,O'Reilly Automotive,549300K2RLMQL149Q332,,Consumer Discretionary,Automotive Retail,Missouri,69425012736.0,841909238.0,,,,,655.0494,2023,8607851000.0,2025,,,17781992000.0,2025,3460612000.0,2025,3971842000.0,2025,1593178000.0,2025,1168815000.0,2025,,,0.0,,,,,,,,,,,,1.0,0.0,,,,1.0,2096962000.0,2025,,,0.0,2026,0.0,2026,False
OTIS,Otis Worldwide,Industrials,Industrial Machinery & Supplies & Components,0001781335,Otis Worldwide,549300ZLBKR8VSU25153,,Industrials,Industrial Machinery & Supplies & Components,Connecticut,26304251904.0,394900000.0,,,,,244.1532,2023,,,,,14431000000.0,2025,2133000000.0,2025,2308000000.0,2025,1444000000.0,2025,152000000.0,2025,152000000.0,2025,0.0,near-term,2033.0,2021.0,55.0,1 and 2,,,,,,,1.0,1.0,3.0,9.0,10.0,1.0,809000000.0,2025,647000000.0,2025,0.0,2026,0.0,2026,False
OXY,Occidental Petroleum,Energy,Oil & Gas Exploration & Production,0000797468,Occidental Petroleum,IM7X0T3ECJW4C1T7ON55,,Energy,Oil & Gas Exploration & Production,Texas,61437710336.0,984416165.0,7889828.4,2023,36.0,2023,348.5027,2023,3121000000.0,2024,,,21593000000.0,2025,3128000000.0,2025,10661000000.0,2025,4105000000.0,2025,6427000000.0,2025,,,0.0,,,,,,,,1.0,,,,1.0,1.0,3.0,,,0.0,0.0,2025,1184000000.0,2022,0.0,2026,9.0,2026,False
PANW,Palo Alto Networks,Information Technology,Systems Software,0001327567,Palo Alto Networks,549300QXR2YVZV231H43,,Information Technology,Systems Software,California,270471692288.0,668000000.0,,,,,178.4824,2023,2451000000.0,2025,,,9221000000.0,2025,1243000000.0,2025,1586000000.0,2025,3469000000.0,2025,247000000.0,2025,1984000000.0,2025,1.0,net-zero,2027.0,2021.0,35.0,1 and 2,,,,,,,1.0,1.0,3.0,,,1.0,0.0,2025,,,0.0,2026,0.0,2026,False
PAYX,Paychex,Industrials,Human Resource & Employment Services,0000723531,Paychex,529900K900DW6SUBM174,,Industrials,Human Resource & Employment Services,New York,41222541312.0,355600000.0,,,,,210.982,2023,1674500000.0,2025,,,6512000000.0,2025,2510500000.0,2025,2953100000.0,2025,2321800000.0,2025,234900000.0,2025,,,0.0,,,,,,,,,,,,1.0,0.0,3.0,,,1.0,611000000.0,2025,1589600000.0,2025,0.0,2026,0.0,2026,False
PCAR,Paccar,Industrials,Construction Machinery & Heavy Transportation Equipment,0000075362,Paccar,KDTEY8BWE486IKZ3CC07,,Industrials,Construction Machinery & Heavy Transportation Equipment,Washington,64600772608.0,526800000.0,,,,,120.2561,2023,22736700000.0,2025,,,28444800000.0,2025,3023500000.0,2025,3421700000.0,2025,3672800000.0,2025,743000000.0,2025,445500000.0,2025,0.0,near-term,2030.0,2018.0,35.0,1 and 2,,,,,,,0.0,1.0,3.0,,,1.0,36100000.0,2025,2267100000.0,2025,19295.0,2026,8.0,2026,False
PCG,PG&E Corporation,Utilities,Multi-Utilities,0001004980,PG&E Corporation,8YQ2GSDWYZXO2EDN3511,,Utilities,Multi-Utilities,California,30392664064.0,2197942874.0,671189.7,2023,10.0,2023,178.4824,2023,,,,,24935000000.0,2025,4749000000.0,2025,4749000000.0,2025,-3071000000.0,2025,11787000000.0,2025,,,0.0,commitment,,,,,,,,,,,1.0,1.0,3.0,,,0.0,,,86000000.0,2024,0.0,2026,0.0,2026,False
PEG,Public Service Enterprise Group,Utilities,Electric Utilities,0000788784,Public Service Enterprise Group,PUSS41EMO3E6XXNV3U28,,Utilities,Electric Utilities,New Jersey,36080627712.0,498000000.0,463035.3,2023,2.0,2023,212.4217,2023,,,,,12168000000.0,2025,2980000000.0,2025,4138000000.0,2025,26000000.0,2025,3272000000.0,2025,,,0.0,,,,,,,,1.0,,,,1.0,1.0,3.0,,,1.0,0.0,2024,1258000000.0,2025,28988.0,2026,1.0,2026,False
PEP,PepsiCo,Consumer Staples,Soft Drinks & Non-alcoholic Beverages,0000077476,PepsiCo,FJSUNZKFNQ5YPJ5OT455,,Consumer Staples,Soft Drinks & Non-alcoholic Beverages,New York,186213122048.0,1373000000.0,317942.6,2023,10.0,2023,210.982,2023,43066000000.0,2025,,,93925000000.0,2025,11498000000.0,2025,14949000000.0,2025,7672000000.0,2025,4415000000.0,2025,839000000.0,2025,1.0,near-term,2030.0,2022.0,50.0,1 and 2,,,,,,,1.0,1.0,3.0,12.0,13.0,0.0,1000000000.0,2025,7638000000.0,2025,1927.0,2026,7.0,2026,False
PFE,Pfizer,Health Care,Pharmaceuticals,0000078003,Pfizer,765LHXWGK1KXCLTFYQ30,,Health Care,Pharmaceuticals,New York,157994942464.0,5713000000.0,225796.4,2023,3.0,2023,210.982,2023,16067000000.0,2025,,,62579000000.0,2025,7520000000.0,2025,14112000000.0,2025,9075000000.0,2025,2629000000.0,2025,,,0.0,near-term,2030.0,2019.0,46.0,1 and 2,,,,,,,1.0,0.0,1.0,,,1.0,0.0,2024,,,119696.0,2026,14.0,2026,False
PFG,Principal Financial Group,Financials,Life & Health Insurance,0001126328,Principal Financial Group,CUMYEZJOAF02RYZ1JJ85,,Financials,Life & Health Insurance,Iowa,24871464960.0,217380912.0,,,,,285.8481,2023,,,,,15625500000.0,2025,,,,,,,,,,,0.0,commitment,,,,,,,,,,,1.0,1.0,3.0,,,1.0,902700000.0,2025,684000000.0,2025,0.0,2026,0.0,2026,False
PG,Procter & Gamble,Consumer Staples,Personal Care Products,0000080424,Procter & Gamble,2572IBTT8CCZW6AU4141,,Consumer Staples,Personal Care Products,Ohio,337414619136.0,2454400000.0,1660556.1,2023,10.0,2023,482.5511,2023,41164000000.0,2025,,,84284000000.0,2025,20451000000.0,2025,23298000000.0,2025,14044000000.0,2025,3773000000.0,2025,2100000000.0,2025,0.0,near-term,2030.0,2015.0,63.0,1 and 2,,,,,,,1.0,1.0,3.0,,,1.0,6500000000.0,2025,9872000000.0,2025,71085.0,2026,23.0,2026,False
PGR,Progressive Corporation,Financials,Property & Casualty Insurance,0000080661,Progressive Corporation,529900TACNVLY9DCR586,,Financials,Property & Casualty Insurance,Ohio,126458986496.0,588100000.0,,,,,482.5511,2023,,,,,87671000000.0,2025,14223000000.0,2025,,,17200000000.0,2025,348000000.0,2025,,,0.0,,,,,,,,1.0,1.0,limited,1.0,1.0,1.0,3.0,,,1.0,,,2871000000.0,2025,0.0,2026,0.0,2026,False
PH,Parker Hannifin,Industrials,Industrial Machinery & Supplies & Components,0000076334,Parker Hannifin,5493002CONDB4N2HKI23,,Industrials,Industrial Machinery & Supplies & Components,Ohio,119774085120.0,130200000.0,,,,,482.5511,2023,12535000000.0,2025,,,19850000000.0,2025,4347000000.0,2025,5068000000.0,2026,3341000000.0,2025,435000000.0,2025,240000000.0,2025,0.0,near-term,2030.0,2019.0,46.2,1 and 2,,,,,,,1.0,0.0,3.0,,,1.0,1766000000.0,2025,861000000.0,2025,826734.0,2026,40.0,2026,False
PHM,PulteGroup,Consumer Discretionary,Homebuilding,0000822416,PulteGroup,,,Consumer Discretionary,Homebuilding,Georgia,22526916608.0,192724978.0,,,,,323.7885,2023,,,,,17311953000.0,2025,,,,,1748533000.0,2025,122716000.0,2025,,,0.0,,,,,,,,,,,,1.0,1.0,3.0,,,0.0,1199996000.0,2025,176684000.0,2025,0.0,2026,0.0,2026,False
PKG,Packaging Corporation of America,Materials,Paper & Plastic Packaging Products & Materials,0000075677,Packaging Corporation of America,549300XZP8MFZFY8TJ84,,Materials,Paper & Plastic Packaging Products & Materials,Illinois,20884639744.0,89600000.0,1498344.2,2023,8.0,2023,213.9618,2023,7099700000.0,2025,,,8989300000.0,2025,1107000000.0,2025,1759800000.0,2025,728600000.0,2025,828900000.0,2025,14500000.0,2021,0.0,,,,,,,,,,,,0.0,0.0,3.0,,,0.0,153000000.0,2025,111900000.0,2025,2511900.0,2026,15.0,2026,False
PLD,Prologis,Real Estate,Industrial REITs,0001045609,Prologis,529900DFH19P073LZ636,,Real Estate,Industrial REITs,California,131961405440.0,929153000.0,,,,,178.4824,2023,,,,,8790127000.0,2025,4357864000.0,2025,6983892000.0,2025,,,,,,,1.0,near-term,2030.0,2019.0,90.0,1 and 2,,,,,,,1.0,1.0,3.0,,,1.0,,,3764745000.0,2025,9000.0,2026,3.0,2026,False
PLTR,Palantir Technologies,Information Technology,Application Software,0001321655,Palantir Technologies,549300UVN46B3BBDHO85,,Information Technology,Application Software,Florida,401863442432.0,2391192000.0,,,,,356.816,2023,789177000.0,2025,,,4475446000.0,2025,1414015000.0,2025,1440160000.0,2025,2100591000.0,2025,33882000.0,2025,557677000.0,2025,0.0,commitment,,,,,,,,,,,1.0,0.0,,,,0.0,74985000.0,2025,,,0.0,2026,0.0,2026,False
PM,Philip Morris International,Consumer Staples,Tobacco,0001413329,Philip Morris International,HL3H1H2BGXWVG3BSWR90,,Consumer Staples,Tobacco,New York,297788669952.0,1558000000.0,,,,,210.982,2023,13366000000.0,2025,,,40648000000.0,2025,14892000000.0,2025,16888000000.0,2025,10664000000.0,2025,1569000000.0,2025,756000000.0,2025,1.0,near-term,2030.0,2019.0,50.0,1 and 2,,,,1.0,limited,,1.0,1.0,3.0,,,1.0,0.0,2024,8624000000.0,2025,0.0,2026,0.0,2026,False
PNC,PNC Financial Services,Financials,Diversified Banks,0000713676,PNC Financial Services,CFGNEKW0P8842LEUIA51,,Financials,Diversified Banks,Pennsylvania,97438007296.0,396000000.0,,,,,292.9175,2023,,,,,23099000000.0,2025,8486000000.0,2025,8867000000.0,2025,,,,,,,0.0,,,,,,,,,,,,1.0,1.0,3.0,,,1.0,1338000000.0,2025,2635000000.0,2025,0.0,2026,0.0,2026,False
PNR,Pentair,Industrials,Industrial Machinery & Supplies & Components,0000077360,Pentair,5493006P2JR3BN5MZF46,,Industrials,Industrial Machinery & Supplies & Components,United Kingdom,9030168576.0,165500000.0,,,,,,,2485700000.0,2025,,,4176000000.0,2025,857500000.0,2025,,,746000000.0,2025,68800000.0,2025,95900000.0,2025,0.0,,,,,,,,,,,,1.0,1.0,1.0,,,0.0,225000000.0,2025,164300000.0,2025,206600.0,2026,7.0,2026,False
PNW,Pinnacle West Capital,Utilities,Multi-Utilities,0000764622,Pinnacle West Capital,TWSEY0NEDUDCKS27AH81,,Utilities,Multi-Utilities,Arizona,11647053824.0,121971000.0,10549462.6,2023,10.0,2023,311.4764,2023,,,,,5339939000.0,2025,1067630000.0,2025,2037245000.0,2025,-819523000.0,2025,2624618000.0,2025,,,0.0,,,,,,,,,,,,1.0,0.0,3.0,9.0,10.0,1.0,4093000.0,2023,422792000.0,2025,0.0,2026,0.0,2026,False
PODD,Insulet Corporation,Health Care,Health Care Equipment,0001145197,Insulet Corporation,549300TZTYD2PYN92D43,,Health Care,Health Care Equipment,Massachusetts,9151980544.0,70390816.0,,,,,373.0301,2023,768200000.0,2025,,,2708100000.0,2025,473800000.0,2025,564200000.0,2025,377700000.0,2025,191600000.0,2025,301100000.0,2025,0.0,,,,,,,,,,,,1.0,1.0,3.0,,,1.0,59600000.0,2025,,,0.0,2026,1.0,2026,False
PPG,PPG Industries,Materials,Specialty Chemicals,0000079879,PPG Industries,549300BKPEP01R3V6C59,,Materials,Specialty Chemicals,Pennsylvania,23452649472.0,223426948.0,198603.0,2023,3.0,2023,292.9175,2023,9316000000.0,2025,,,15875000000.0,2025,2045000000.0,2025,2573000000.0,2025,1163000000.0,2025,778000000.0,2025,446000000.0,2025,0.0,near-term,2030.0,2019.0,50.0,1 and 2,,,,,,,1.0,1.0,3.0,11.0,12.0,1.0,790000000.0,2025,628000000.0,2025,1747424.0,2026,42.0,2026,False
PPL,PPL Corporation,Utilities,Electric Utilities,0000922224,PPL Corporation,9N3UAJSNOUXFKQLF3V18,,Utilities,Electric Utilities,Pennsylvania,25646729216.0,751041000.0,26919146.4,2023,9.0,2023,292.9175,2023,,,6913000000.0,2025,9170000000.0,2025,2129000000.0,2025,2129000000.0,2025,-1401000000.0,2025,4030000000.0,2025,,,0.0,,,,,,,,1.0,,,,1.0,0.0,3.0,,,1.0,0.0,2023,794000000.0,2025,0.0,2026,0.0,2026,False
PRU,Prudential Financial,Financials,Life & Health Insurance,0001137774,Prudential Financial,5PRBRS5FEH7NREC8OR45,,Financials,Life & Health Insurance,New Jersey,41137799168.0,353700000.0,,,,,212.4217,2023,,,,,60774000000.0,2025,,,,,,,,,,,0.0,,,,,,,,1.0,,,,1.0,0.0,3.0,,,1.0,1000000000.0,2025,1926000000.0,2025,0.0,2026,0.0,2026,False
PSA,Public Storage,Real Estate,Self-Storage REITs,0001393311,Public Storage,254900GLQZAD4N7N5Q19,,Real Estate,Self-Storage REITs,California,55401701376.0,175902000.0,,,,,178.4824,2023,,,,,4824113000.0,2025,1789804000.0,2025,2941644000.0,2025,,,,,,,0.0,,,,,,,,,,,1.0,1.0,0.0,3.0,,,1.0,0.0,2025,,,0.0,2026,1.0,2026,False
PSKY,Paramount Skydance Corporation,Communication Services,Movies & Entertainment,0002041610,Paramount Skydance Corporation,529900B6VAJG54Y9QF02,,Communication Services,Movies & Entertainment,California,11892625408.0,664000000.0,,,,,178.4824,2023,,,,,12269000000.0,2025,-95000000.0,2025,495000000.0,2025,489000000.0,2024,263000000.0,2024,,,0.0,,,,,,,,,,,,,,,,,,,,139000000.0,2024,0.0,2026,0.0,2026,False
PSX,Phillips 66,Energy,Oil & Gas Refining & Marketing,0001534701,Phillips 66,,,Energy,Oil & Gas Refining & Marketing,Texas,104030609408.0,408053000.0,27912481.3,2023,63.0,2023,348.5027,2023,116093000000.0,2025,,,132376000000.0,2025,,,,,,,,,6000000.0,2025,0.0,,,,,,,,,,,,1.0,1.0,3.0,,,1.0,1207000000.0,2025,1922000000.0,2025,35803693.0,2026,56.0,2026,False
PTC,PTC Inc.,Information Technology,Application Software,0000857005,PTC Inc.,54930050SSMU8SKDJ030,,Information Technology,Application Software,Massachusetts,14190448640.0,119536000.0,,,,,373.0301,2023,444983000.0,2025,,,2739226000.0,2025,982385000.0,2025,1084889000.0,2025,856688000.0,2025,11008000.0,2025,457693000.0,2025,1.0,net-zero,2030.0,2022.0,50.0,1 and 2,,,,,,,1.0,1.0,3.0,,,1.0,299998000.0,2025,,,0.0,2026,0.0,2026,False
PWR,Quanta Services,Industrials,Construction & Engineering,0001050915,Quanta Services,SHVRXXEACT60MMH07S24,,Industrials,Construction & Engineering,Texas,97810407424.0,149577564.0,,,,,348.5027,2023,24204616000.0,2025,,,28479697000.0,2025,1611509000.0,2025,1611509000.0,2025,1620816000.0,2025,609154000.0,2025,,,0.0,,,,,,,,,1.0,reasonable,,1.0,1.0,3.0,,,0.0,134555000.0,2025,60416000.0,2025,0.0,2026,0.0,2026,False
PYPL,PayPal,Financials,Transaction & Payment Processing Services,0001633917,PayPal,,,Financials,Transaction & Payment Processing Services,California,45955358720.0,920000000.0,,,,,178.4824,2023,,,,,33172000000.0,2025,6065000000.0,2025,7028000000.0,2025,5564000000.0,2025,852000000.0,2025,,,0.0,near-term,2025.0,2019.0,25.0,1 and 2,,,,,,,1.0,1.0,3.0,10.0,11.0,1.0,6052000000.0,2025,130000000.0,2025,0.0,2026,0.0,2026,False
Q,Qnity Electronics,Information Technology,Semiconductor Materials & Equipment,0002058873,Qnity Electronics,254900RSUG4J9TFFZX53,,Information Technology,Semiconductor Materials & Equipment,Delaware,26443960320.0,209800000.0,,,,,318.9636,2023,2559000000.0,2025,,,4754000000.0,2025,962000000.0,2025,1338000000.0,2025,988000000.0,2025,285000000.0,2025,354000000.0,2025,0.0,,,,,,,,,,,,1.0,1.0,,9.0,10.0,0.0,,,13000000.0,2025,0.0,2026,1.0,2026,False
QCOM,Qualcomm,Information Technology,Semiconductors,0000804328,Qualcomm,H1J8DDZKZP6H7RWC0H53,,Information Technology,Semiconductors,California,194354970624.0,1074000000.0,48566.8,2023,2.0,2023,178.4824,2023,19738000000.0,2025,,,44284000000.0,2025,12355000000.0,2025,13957000000.0,2025,12820000000.0,2025,1192000000.0,2025,9042000000.0,2025,1.0,net-zero,2030.0,2020.0,50.0,1 and 2,,,,,,,1.0,1.0,3.0,,,1.0,8791000000.0,2025,,,0.0,2026,0.0,2026,False
RCL,Royal Caribbean Group,Consumer Discretionary,"Hotels, Resorts & Cruise Lines",0000884887,Royal Caribbean Group,,,Consumer Discretionary,"Hotels, Resorts & Cruise Lines",Florida,69574991872.0,274000000.0,,,,,356.816,2023,9083000000.0,2025,385322000.0,2021,17935000000.0,2025,4910000000.0,2025,6628000000.0,2025,1236000000.0,2025,5229000000.0,2025,,,0.0,,,,,,,,,,,,1.0,1.0,3.0,,,1.0,1159000000.0,2025,824000000.0,2025,0.0,2026,0.0,2026,False
RDDT,Reddit,Communication Services,Interactive Media & Services,0001713445,Reddit,529900APN1YHPBHPI679,,Communication Services,Interactive Media & Services,California,30354399232.0,202107978.0,,,,,178.4824,2023,194216000.0,2025,,,2202506000.0,2025,441984000.0,2025,457932000.0,2025,684169000.0,2025,6706000.0,2025,783145000.0,2025,0.0,,,,,,,,,,,,1.0,0.0,,7.0,8.0,1.0,,,,,0.0,2026,0.0,2026,False
REG,Regency Centers,Real Estate,Retail REITs,0000910606,Regency Centers,529900053A7X7FJ97S58,,Real Estate,Retail REITs,Florida,13950861312.0,182902234.0,,,,,356.816,2023,,,,,1553524000.0,2025,1123441000.0,2025,1528485000.0,2025,,,,,,,0.0,near-term,2030.0,,,,,,,,,,1.0,0.0,,,,1.0,200066000.0,2024,511564000.0,2025,0.0,2026,0.0,2026,False
REGN,Regeneron Pharmaceuticals,Health Care,Biotechnology,0000872589,Regeneron Pharmaceuticals,549300RCBFWIRX3HYQ56,,Health Care,Biotechnology,New York,80458293248.0,108600000.0,,,,,210.982,2023,,,,,14342900000.0,2025,3577900000.0,2025,4121600000.0,2025,4080500000.0,2025,898400000.0,2025,5850200000.0,2025,0.0,,,,,,,,,,,,1.0,1.0,5.0,,,1.0,3438600000.0,2025,370300000.0,2025,0.0,2026,2.0,2026,False
RF,Regions Financial Corporation,Financials,Regional Banks,0001281761,Regions Financial Corporation,CW05CS5KW59QTC0DG824,,Financials,Regional Banks,Alabama,25668636672.0,896000000.0,,,,,322.4985,2023,,,,,7073000000.0,2025,53000000.0,2025,137000000.0,2025,,,,,,,0.0,,,,,,,,,,,,1.0,1.0,3.0,,,1.0,1067000000.0,2025,912000000.0,2025,0.0,2026,0.0,2026,False
RJF,Raymond James Financial,Financials,Investment Banking & Brokerage,0000720005,Raymond James Financial,RGUZHJ05YTITL6D76949,,Financials,Investment Banking & Brokerage,Florida,33321666560.0,198139594.0,,,,,356.816,2023,,,,,15912000000.0,2025,2280000000.0,2023,2445000000.0,2023,2246000000.0,2025,188000000.0,2025,,,0.0,,,,,,,,,,,,1.0,0.0,,,,1.0,128000000.0,2021,218000000.0,2021,0.0,2026,0.0,2026,False
RL,Ralph Lauren Corporation,Consumer Discretionary,"Apparel, Accessories & Luxury Goods",0001037038,Ralph Lauren Corporation,HO1QNWM0IXBZ0QSMMO20,,Consumer Discretionary,"Apparel, Accessories & Luxury Goods",New York,20203741184.0,62300000.0,,,,,210.982,2023,2445300000.0,2025,,,8114500000.0,2025,1179200000.0,2025,1412200000.0,2025,1018900000.0,2024,216200000.0,2024,,,0.0,near-term,,,30.0,"1, 2, and 3",,,,,,,1.0,1.0,3.0,,,1.0,623800000.0,2025,216500000.0,2025,0.0,2026,0.0,2026,False
RMD,ResMed|,Health Care,Health Care Equipment,0000943819,ResMed|,,,Health Care,Health Care Equipment,California,31485952000.0,146385350.0,,,,,178.4824,2023,2091357000.0,2025,,,5146327000.0,2025,1685363000.0,2025,1883836000.0,2025,1661723000.0,2025,89865000.0,2025,331284000.0,2025,0.0,commitment,,,,,,,,,,,1.0,1.0,3.0,9.0,11.0,1.0,300025000.0,2025,310880000.0,2025,0.0,2026,0.0,2026,False
ROK,Rockwell Automation,Industrials,Electrical Components & Equipment,0001024478,Rockwell Automation,VH3R4HHBHH12O0EXZJ88,,Industrials,Electrical Components & Equipment,Wisconsin,47668649984.0,112400000.0,,,,,524.8046,2023,4326000000.0,2025,,,8342000000.0,2025,1703000000.0,2025,2028000000.0,2025,1358000000.0,2025,186000000.0,2025,679000000.0,2025,1.0,net-zero,2033.0,2024.0,54.6,1 and 2,,,,,,,1.0,1.0,,,,1.0,425000000.0,2025,591000000.0,2025,0.0,2026,2.0,2026,False
ROL,"Rollins, Inc.",Industrials,Environmental & Facilities Services,0000084839,"Rollins, Inc.",549300F2A0BXT4SGWD84,,Industrials,Environmental & Facilities Services,Georgia,16710179840.0,481193751.0,,,,,323.7885,2023,,,,,3761050000.0,2025,726068000.0,2025,850812000.0,2025,650021000.0,2025,28086000.0,2025,,,0.0,,,,,,,,,,,,1.0,1.0,3.0,,,1.0,216855000.0,2025,327901000.0,2025,57942.0,2026,15.0,2026,False
ROP,Roper Technologies,Information Technology,Electronic Equipment & Instruments,0000882835,Roper Technologies,54930003T4SXCIWVXY35,,Information Technology,Electronic Equipment & Instruments,Florida,38424965120.0,106600000.0,,,,,356.816,2023,2430500000.0,2025,,,7902500000.0,2025,2235400000.0,2025,3133600000.0,2025,,,,,852500000.0,2025,0.0,commitment,,,,,,,,,,,1.0,1.0,3.0,,,0.0,500000000.0,2025,355000000.0,2025,0.0,2026,0.0,2026,False
ROST,Ross Stores,Consumer Discretionary,Apparel Retail,0000745732,Ross Stores,549300ENZFLPGRDFZQ60,,Consumer Discretionary,Apparel Retail,California,74017030144.0,322333000.0,,,,,178.4824,2023,16447256000.0,2025,,,22750559000.0,2025,2707357000.0,2025,3216748000.0,2025,2207608000.0,2025,819275000.0,2025,,,0.0,,,,,,,,1.0,,,,1.0,1.0,,,,1.0,1050021000.0,2025,528085000.0,2025,0.0,2026,0.0,2026,False
RSG,Republic Services,Industrials,Environmental & Facilities Services,0001060391,Republic Services,NKNQHM6BLECKVOQP7O46,,Industrials,Environmental & Facilities Services,Arizona,68205883392.0,312168000.0,10721712.3,2023,177.0,2023,311.4764,2023,9630000000.0,2025,,,19027000000.0,2025,3302000000.0,2025,5116000000.0,2025,2409000000.0,2025,1887000000.0,2025,,,0.0,near-term,2030.0,,,,,,,,,,1.0,1.0,3.0,,,0.0,870000000.0,2025,738000000.0,2025,672844.0,2026,41.0,2026,False
RTX,RTX Corporation,Industrials,Aerospace & Defense,0000101829,RTX Corporation,I07WOS4YJ0N7YRFE7309,,Industrials,Aerospace & Defense,Massachusetts,266424811520.0,1356400000.0,154646.3,2023,3.0,2023,373.0301,2023,,,,,88603000000.0,2025,9300000000.0,2025,13678000000.0,2025,7940000000.0,2025,2627000000.0,2025,2807000000.0,2025,0.0,,,,,,,,,,,,1.0,1.0,3.0,,,1.0,50000000.0,2025,3574000000.0,2025,8125.0,2026,5.0,2026,False
RVTY,Revvity,Health Care,Health Care Equipment,0000031791,Revvity,549300IKL1SDPFI7N655,,Health Care,Health Care Equipment,Massachusetts,13871304704.0,112281000.0,,,,,373.0301,2023,,,,,2856051000.0,2025,356635000.0,2025,761975000.0,2025,509411000.0,2025,73522000.0,2025,215840000.0,2025,0.0,commitment,,,,,,,,,,,1.0,0.0,3.0,9.0,10.0,1.0,820815000.0,2025,32800000.0,2025,0.0,2026,1.0,2026,False
SBAC,SBA Communications,Real Estate,Telecom Tower REITs,0001034054,SBA Communications,5299001HX8ZN8Y8QIT49,,Real Estate,Telecom Tower REITs,Florida,19676162048.0,105666000.0,,,,,356.816,2023,198972000.0,2025,,,2815139000.0,2025,1342786000.0,2025,1635071000.0,2025,1066509000.0,2025,224819000.0,2025,,,0.0,near-term,2033.0,2023.0,54.6,1 and 2,,,,,,,1.0,1.0,3.0,,,1.0,497805000.0,2025,479012000.0,2025,0.0,2026,0.0,2026,False
SBUX,Starbucks,Consumer Discretionary,Restaurants,0000829224,Starbucks,OQSJ1DU9TAOC51A47K68,,Consumer Discretionary,Restaurants,Washington,112563601408.0,1136900000.0,,,,,120.2561,2023,,,,,37184400000.0,2025,2936600000.0,2025,4708100000.0,2025,2442000000.0,2025,2305500000.0,2025,,,0.0,near-term,,,,,,,,1.0,reasonable,,1.0,0.0,,,,1.0,0.0,2025,2771400000.0,2025,0.0,2026,8.0,2026,False
SCHW,Charles Schwab Corporation,Financials,Investment Banking & Brokerage,0000316709,Charles Schwab Corporation,549300VSGCJ7E698NM85,,Financials,Investment Banking & Brokerage,Texas,185471254528.0,1809000000.0,,,,,348.5027,2023,,,,,23921000000.0,2025,11459000000.0,2025,7182000000.0,2023,8763000000.0,2025,548000000.0,2025,,,0.0,,,,,,,,,,,,1.0,1.0,3.0,,,1.0,7346000000.0,2025,2329000000.0,2025,0.0,2026,0.0,2026,False
SHW,Sherwin-Williams,Materials,Specialty Chemicals,0000089800,Sherwin-Williams,Z15BMIOX8DDH0X2OBP21,,Materials,Specialty Chemicals,Ohio,78486134784.0,247700000.0,,,,,482.5511,2023,12058800000.0,2025,,,23574300000.0,2025,3338200000.0,2025,4161700000.0,2025,2654000000.0,2025,797600000.0,2025,,,0.0,,,,,,,,,,,,1.0,1.0,3.0,,,1.0,,,789800000.0,2025,2882103.0,2026,79.0,2026,False
SJM,J.M. Smucker Company (The),Consumer Staples,Packaged Foods & Meats,0000091419,J.M. Smucker Company (The),,,Consumer Staples,Packaged Foods & Meats,Ohio,12940560384.0,106661858.0,22250.9,2022,1.0,2022,482.5511,2023,6016400000.0,2025,,,9050900000.0,2025,360200000.0,2025,360200000.0,2026,1156200000.0,2025,317400000.0,2025,,,0.0,near-term,2030.0,2019.0,28.0,1 and 2,,,,,,,1.0,0.0,3.0,,,1.0,5600000.0,2025,464700000.0,2025,0.0,2026,0.0,2026,False
SLB,Schlumberger,Energy,Oil & Gas Equipment & Services,0000087347,Schlumberger,529900IKZG65COT1D505,,Energy,Oil & Gas Equipment & Services,Texas,83201073152.0,1495331485.0,,,,,348.5027,2023,,,,,35708000000.0,2025,4291000000.0,2025,6934000000.0,2025,4795000000.0,2025,1694000000.0,2025,709000000.0,2025,0.0,,,,,,,,,,,,1.0,1.0,3.0,,,1.0,,,1602000000.0,2025,40176.0,2026,19.0,2026,False
SMCI,Supermicro,Information Technology,"Technology Hardware, Storage & Peripherals",0001375365,Supermicro,,,Information Technology,"Technology Hardware, Storage & Peripherals",California,26344310784.0,594137000.0,,,,,178.4824,2023,19542120000.0,2025,,,21972042000.0,2025,1252994000.0,2025,1293994000.0,2025,1532310000.0,2025,127214000.0,2025,636550000.0,2025,0.0,,,,,,,,,,,,1.0,1.0,,,,1.0,,,,,0.0,2026,0.0,2026,False
SNA,Snap-on,Industrials,Industrial Machinery & Supplies & Components,0000091440,Snap-on,HHWAT5TDOYZMM26KKQ73,,Industrials,Industrial Machinery & Supplies & Components,Wisconsin,19420432384.0,53000000.0,,,,,524.8046,2023,,,,,5156100000.0,2025,1327700000.0,2025,1426200000.0,2025,,,,,72400000.0,2025,0.0,,,,,,,,,,,1.0,1.0,1.0,3.0,,,1.0,328600000.0,2025,462200000.0,2025,0.0,2026,4.0,2026,False
SNDK,Sandisk,Information Technology,"Technology Hardware, Storage & Peripherals",0002023554,Sandisk,,,Information Technology,"Technology Hardware, Storage & Peripherals",California,239153479680.0,146000000.0,,,,,178.4824,2023,5143000000.0,2025,,,7355000000.0,2025,-1377000000.0,2025,-1214000000.0,2025,-120000000.0,2025,204000000.0,2025,1132000000.0,2025,0.0,commitment,,,,,,,,,,,1.0,1.0,3.0,6.0,7.0,1.0,0.0,2025,,,0.0,2026,0.0,2026,False
SNPS,Synopsys,Information Technology,Application Software,0000883241,Synopsys,QG7T915N9S0NY5UKNE63,,Information Technology,Application Software,California,76152569856.0,185994000.0,,,,,178.4824,2023,1623549000.0,2025,,,7054178000.0,2025,914927000.0,2025,1575357000.0,2025,1349154000.0,2025,169454000.0,2025,2479338000.0,2025,0.0,near-term,2032.0,2019.0,55.0,1 and 2,,,,,,,1.0,1.0,3.0,,,1.0,0.0,2025,,,0.0,2026,0.0,2026,False
SO,Southern Company,Utilities,Electric Utilities,0000092122,Southern Company,549300FC3G3YU2FBZD92,,Utilities,Electric Utilities,Georgia,100277141504.0,1109000000.0,76660447.7,2023,54.0,2023,323.7885,2023,,,,,29553000000.0,2025,7285000000.0,2025,13315000000.0,2025,-2935000000.0,2025,12737000000.0,2025,,,0.0,,,,,,,,,,,,1.0,1.0,3.0,11.0,12.0,1.0,,,3015000000.0,2025,0.0,2026,1.0,2026,False
SOLV,Solventum,Health Care,Health Care Technology,0001964738,Solventum,254900I70403OSGY4M28,,Health Care,Health Care Technology,Minnesota,14886064128.0,173490864.0,,,,,339.0806,2023,,,,,8325000000.0,2025,2181000000.0,2025,2670000000.0,2025,-10000000.0,2025,379000000.0,2025,739000000.0,2025,0.0,commitment,,,,,,,,,,,1.0,1.0,3.0,,,1.0,,,,,0.0,2026,1.0,2026,False
SPG,Simon Property Group,Real Estate,Retail REITs,0001063761,Simon Property Group,529900GQL5X8H7AO3T64,,Real Estate,Retail REITs,Indiana,77758283776.0,326366632.0,,,,,660.9703,2023,,,,,6364505000.0,2025,3175396000.0,2025,4601819000.0,2025,3202205000.0,2025,934346000.0,2025,,,0.0,near-term,2035.0,2019.0,68.0,1 and 2,,,,,,,1.0,0.0,1.0,,,1.0,226826000.0,2025,,,0.0,2026,0.0,2026,False
SPGI,S&P Global,Financials,Financial Exchanges & Data,0000064040,S&P Global,Y6X4K52KMJMZE7I7MY94,,Financials,Financial Exchanges & Data,New York,121077309440.0,298800000.0,,,,,210.982,2023,4563000000.0,2025,,,15336000000.0,2025,6478000000.0,2025,7657000000.0,2025,5456000000.0,2025,195000000.0,2025,,,1.0,near-term,2025.0,2019.0,90.0,"1, 2, and 3",,,,,,,1.0,1.0,3.0,,,0.0,5001000000.0,2025,1170000000.0,2025,0.0,2026,0.0,2026,False
SRE,Sempra,Utilities,Multi-Utilities,0001032208,Sempra,PBBKGKLRK5S5C0Y4T545,,Utilities,Multi-Utilities,California,54496051200.0,652731668.0,,,,,178.4824,2023,,,,,13702000000.0,2025,1789000000.0,2025,4352000000.0,2025,-6047000000.0,2025,10612000000.0,2025,,,0.0,,,,,,,,,,,,1.0,1.0,3.0,9.0,11.0,1.0,58000000.0,2025,1603000000.0,2025,0.0,2026,0.0,2026,False
STE,Steris,Health Care,Health Care Equipment,0001757898,Steris,,,Health Care,Health Care Equipment,Ireland,20549122048.0,97800000.0,,,,,,,3309400000.0,2025,,,5935900000.0,2025,1101800000.0,2025,1588300000.0,2025,972400000.0,2025,369000000.0,2025,112900000.0,2025,0.0,commitment,,,,,,,,,,,1.0,0.0,,,,0.0,235500000.0,2025,241800000.0,2025,0.0,2026,7.0,2026,False
STLD,Steel Dynamics,Materials,Steel,0001022671,Steel Dynamics,549300HGGKEL4FYTTQ83,,Materials,Steel,Indiana,34368643072.0,144940102.0,2569896.6,2023,11.0,2023,660.9703,2023,15784398000.0,2025,,,18176581000.0,2025,1475986000.0,2025,2027376000.0,2025,501509000.0,2025,948025000.0,2025,,,0.0,,,,,,,,1.0,1.0,reasonable,,1.0,0.0,3.0,,,1.0,900870000.0,2025,291176000.0,2025,221712.0,2026,16.0,2026,False
STT,State Street Corporation,Financials,Asset Management & Custody Banks,0000093751,State Street Corporation,549300ZFEEJ2IP5VME73,,Financials,Asset Management & Custody Banks,Massachusetts,53127319552.0,279077907.0,,,,,373.0301,2023,,,,,13944000000.0,2025,3731000000.0,2025,,,10843000000.0,2025,1055000000.0,2025,,,0.0,,,,,,,,,,,,1.0,1.0,3.0,12.0,13.0,1.0,1200000000.0,2025,1120000000.0,2025,0.0,2026,0.0,2026,False
STX,Seagate Technology,Information Technology,"Technology Hardware, Storage & Peripherals",0001137789,Seagate Technology,44WLCTE321JACKS7ED43,,Information Technology,"Technology Hardware, Storage & Peripherals",Ireland,188774842368.0,212668547.0,,,,,,,5897000000.0,2025,,,9097000000.0,2025,1890000000.0,2025,2141000000.0,2025,818000000.0,2025,265000000.0,2025,724000000.0,2025,0.0,near-term,,,,,,,,1.0,reasonable,1.0,1.0,1.0,3.0,,,1.0,0.0,2025,600000000.0,2025,0.0,2026,1.0,2026,False
STZ,Constellation Brands,Consumer Staples,Distillers & Vintners,0000016918,Constellation Brands,5493005GKEG8QCVY7037,,Consumer Staples,Distillers & Vintners,New York,20914993152.0,170752511.0,,,,,210.982,2023,4427500000.0,2025,,,9139000000.0,2025,2721400000.0,2025,3141400000.0,2025,1794000000.0,2025,875000000.0,2025,,,0.0,,,,,,,,,,,,1.0,1.0,3.0,,,1.0,924100000.0,2025,715700000.0,2025,0.0,2026,0.0,2026,False
SW,Smurfit Westrock,Materials,Paper & Plastic Packaging Products & Materials,0002005951,Smurfit Westrock,,,Materials,Paper & Plastic Packaging Products & Materials,Ireland,22669881344.0,522310486.0,,,,,,,25136000000.0,2025,,,31179000000.0,2025,1719000000.0,2025,4269000000.0,2025,1200000000.0,2025,2192000000.0,2025,,,0.0,,,,,,,,1.0,,,,1.0,1.0,3.0,10.0,12.0,0.0,0.0,2025,900000000.0,2025,7439.0,2026,4.0,2026,False
SWK,Stanley Black & Decker,Industrials,Industrial Machinery & Supplies & Components,0000093556,Stanley Black & Decker,549300DJ09SMTO561131,,Industrials,Industrial Machinery & Supplies & Components,Connecticut,13476724736.0,155036411.0,,,,,244.1532,2023,10542100000.0,2025,,,15130400000.0,2025,417900000.0,2025,783500000.0,2025,687900000.0,2025,283300000.0,2025,321400000.0,2025,0.0,near-term,2030.0,2022.0,42.0,1 and 2,,,,,,,1.0,1.0,3.0,,,1.0,20100000.0,2025,500600000.0,2025,0.0,2026,2.0,2026,False
SWKS,Skyworks Solutions,Information Technology,Semiconductors,0000004127,Skyworks Solutions,549300WZ3ORQ2BVKBD96,,Information Technology,Semiconductors,California,13294270464.0,148700000.0,24116.7,2023,1.0,2023,178.4824,2023,2404800000.0,2025,,,4086900000.0,2025,500000000.0,2025,500000000.0,2025,1105800000.0,2025,195000000.0,2025,785500000.0,2025,0.0,,,,,,,,,,,1.0,1.0,0.0,4.0,,,1.0,830200000.0,2025,432600000.0,2025,0.0,2026,2.0,2026,False
SYF,Synchrony Financial,Financials,Consumer Finance,0001601712,Synchrony Financial,549300RS7EWPM9MA6C78,,Financials,Consumer Finance,Connecticut,24724930560.0,347000000.0,,,,,244.1532,2023,,,,,,,4621000000.0,2025,5135000000.0,2025,,,,,,,0.0,,,,,,,,,,,,1.0,1.0,3.0,,,1.0,2941000000.0,2025,427000000.0,2025,0.0,2026,0.0,2026,False
SYK,Stryker Corporation,Health Care,Health Care Equipment,0000310764,Stryker Corporation,5493002F0SC4JTBU5137,,Health Care,Health Care Equipment,Michigan,105697386496.0,386500000.0,,,,,359.7763,2023,9051000000.0,2025,,,25116000000.0,2025,4889000000.0,2025,6459000000.0,2025,4283000000.0,2025,761000000.0,2025,1623000000.0,2025,0.0,commitment,,,,,,,,,,,1.0,1.0,3.0,,,1.0,0.0,2021,1284000000.0,2025,0.0,2026,0.0,2026,False
SYY,Sysco,Consumer Staples,Food Distributors,0000096021,Sysco,,,Consumer Staples,Food Distributors,Texas,39865577472.0,489825648.0,,,,,348.5027,2023,66401000000.0,2025,,,81370000000.0,2025,3088000000.0,2025,4033000000.0,2025,1604000000.0,2025,906000000.0,2025,,,0.0,near-term,2030.0,2019.0,27.5,1 and 2,,,,1.0,limited,,1.0,1.0,3.0,,,1.0,1250000000.0,2025,1000000000.0,2025,227148.0,2026,24.0,2026,False
T,AT&T,Communication Services,Integrated Telecommunication Services,0000732717,AT&T,,,Communication Services,Integrated Telecommunication Services,Texas,178573164544.0,7179000000.0,1613.4,2015,1.0,2015,348.5027,2023,,,,,125648000000.0,2025,24162000000.0,2025,45048000000.0,2025,19442000000.0,2025,20842000000.0,2025,,,0.0,near-term,2030.0,,,,,,,,,,1.0,1.0,3.0,,,1.0,4500000000.0,2025,8180000000.0,2025,228400.0,2026,19.0,2026,False
TAP,Molson Coors Beverage Company,Consumer Staples,Brewers,0000024545,Molson Coors Beverage Company,54930073LBBH6ZCBE225,,Consumer Staples,Brewers,Illinois,7258651648.0,199100000.0,377025.7,2023,6.0,2023,213.9618,2023,6866200000.0,2025,,,13040300000.0,2025,-2336900000.0,2025,-1625600000.0,2025,1067800000.0,2025,716600000.0,2025,,,0.0,,,,,,,,,,,,1.0,1.0,3.0,,,0.0,647900000.0,2025,376300000.0,2025,5000.0,2026,6.0,2026,False
TDG,TransDigm Group,Industrials,Aerospace & Defense,0001260221,TransDigm Group,,,Industrials,Aerospace & Defense,Ohio,63032922112.0,58200000.0,,,,,482.5511,2023,3520000000.0,2025,,,8831000000.0,2025,4165000000.0,2025,4532000000.0,2025,1816000000.0,2025,222000000.0,2025,118000000.0,2025,0.0,,,,,,,,,,,,1.0,0.0,,8.0,10.0,1.0,500000000.0,2025,159000000.0,2025,0.0,2026,0.0,2026,False
TDY,Teledyne Technologies,Information Technology,Electronic Equipment & Instruments,0001094285,Teledyne Technologies,549300VSMO9KYQWDND94,,Information Technology,Electronic Equipment & Instruments,California,27989090304.0,46185578.0,,,,,178.4824,2023,3500600000.0,2025,,,6115400000.0,2025,1149800000.0,2025,1486100000.0,2025,1074000000.0,2025,117300000.0,2025,317300000.0,2025,0.0,,,,,,,,,,,1.0,1.0,1.0,3.0,,,1.0,402900000.0,2025,,,0.0,2026,1.0,2026,False
TECH,Bio-Techne,Health Care,Life Sciences Tools & Services,0000842023,Bio-Techne,54930073RLKQ51TILZ35,,Health Care,Life Sciences Tools & Services,Minnesota,11309731840.0,154972196.0,,,,,339.0806,2023,429363000.0,2025,,,1219635000.0,2025,102255000.0,2025,212158000.0,2025,256550000.0,2025,31006000.0,2025,,,0.0,near-term,2031.0,2025.0,70.0,1 and 2,,,,1.0,limited,,1.0,1.0,3.0,,,1.0,275731000.0,2025,50391000.0,2025,0.0,2026,0.0,2026,False
TEL,TE Connectivity,Information Technology,Electronic Manufacturing Services,0001385157,TE Connectivity,894500ZRIX9K13RHXR17,,Information Technology,Electronic Manufacturing Services,Ireland,61365223424.0,299000000.0,,,,,,,11183000000.0,2025,,,17262000000.0,2025,3211000000.0,2025,4049000000.0,2025,3203000000.0,2025,936000000.0,2025,699000000.0,2025,0.0,near-term,2032.0,,,,,,,1.0,reasonable,,1.0,1.0,3.0,,,0.0,1347000000.0,2025,803000000.0,2025,21693.0,2026,9.0,2026,False
TER,Teradyne,Information Technology,Semiconductor Materials & Equipment,0000097210,Teradyne,C3X4YJ278QNZHRJULN75,,Information Technology,Semiconductor Materials & Equipment,Massachusetts,59365711872.0,156088000.0,,,,,373.0301,2023,1332679000.0,2025,,,3190024000.0,2025,650051000.0,2025,778032000.0,2025,450406000.0,2025,224009000.0,2025,,,1.0,near-term,2030.0,2024.0,42.0,1 and 2,,,,,,,1.0,1.0,3.0,,,0.0,702095000.0,2025,76313000.0,2025,0.0,2026,0.0,2026,False
TFC,Truist Financial,Financials,Diversified Banks,0000092230,Truist Financial,549300DRQQI75D2JP341,,Financials,Diversified Banks,North Carolina,61569966080.0,1262470000.0,,,,,283.0228,2023,,,,,24542000000.0,2025,6349000000.0,2025,,,10517000000.0,2022,564000000.0,2022,,,0.0,,,,,,,,1.0,,,,1.0,1.0,3.0,,,1.0,2500000000.0,2025,2672000000.0,2025,0.0,2026,0.0,2026,False
TGT,Target Corporation,Consumer Staples,Consumer Staples Merchandise Retail,0000027419,Target Corporation,8WDDFXB5T1Z6J0XC1L66,,Consumer Staples,Consumer Staples Merchandise Retail,Minnesota,70793060352.0,452840187.0,,,,,339.0806,2023,75511000000.0,2025,,,104780000000.0,2025,5117000000.0,2025,8251000000.0,2025,2835000000.0,2025,3727000000.0,2025,,,0.0,near-term,2030.0,,,,,,,,,,1.0,1.0,3.0,,,1.0,408000000.0,2025,2053000000.0,2025,17251.0,2026,6.0,2026,False
TJX,TJX Companies,Consumer Discretionary,Apparel Retail,0000109198,TJX Companies,V167QI9I69W364E2DY52,,Consumer Discretionary,Apparel Retail,Massachusetts,138618716160.0,1107087991.0,,,,,373.0301,2023,41679000000.0,2025,,,60372000000.0,2025,7299000000.0,2025,8546000000.0,2025,4917000000.0,2025,1957000000.0,2025,,,0.0,,,,,,,,,,,,1.0,1.0,3.0,,,1.0,2522000000.0,2025,1842000000.0,2025,0.0,2026,0.0,2026,False
TKO,TKO Group Holdings,Communication Services,Movies & Entertainment,0001973266,TKO Group Holdings,,,Communication Services,Movies & Entertainment,New York,36019916800.0,194011072.0,,,,,210.982,2023,,,,,4735151000.0,2025,835015000.0,2025,1320005000.0,2025,,,,,,,0.0,,,,,,,,,,,,1.0,1.0,,,,1.0,866846000.0,2025,185155000.0,2025,0.0,2026,0.0,2026,False
TMO,Thermo Fisher Scientific,Health Care,Life Sciences Tools & Services,0000097745,Thermo Fisher Scientific,HCHV7422L5HDJZCRFL38,,Health Care,Life Sciences Tools & Services,Massachusetts,225479294976.0,378000000.0,28392.3,2023,1.0,2023,373.0301,2023,,,,,44556000000.0,2025,7746000000.0,2025,10013000000.0,2025,6293000000.0,2025,1525000000.0,2025,1397000000.0,2025,1.0,near-term,2030.0,2018.0,50.4,1 and 2,,,,,,,1.0,1.0,3.0,,,1.0,3000000000.0,2025,636000000.0,2025,44400.0,2026,9.0,2026,False
TMUS,T-Mobile US,Communication Services,Wireless Telecommunication Services,0001283699,T-Mobile US,549300QHIJYOHPACPG31,,Communication Services,Wireless Telecommunication Services,Washington,195580215296.0,1106930661.0,,,,,120.2561,2023,,,,,88309000000.0,2025,18279000000.0,2025,31787000000.0,2025,17995000000.0,2025,9955000000.0,2025,,,0.0,near-term,2030.0,,,,,,,,,,1.0,0.0,3.0,,,1.0,9974000000.0,2025,4121000000.0,2025,0.0,2026,0.0,2026,False
TPL,Texas Pacific Land Corporation,Energy,Oil & Gas Exploration & Production,0001811074,Texas Pacific Land Corporation,254900EMA79D44WVLD22,,Energy,Oil & Gas Exploration & Production,Texas,25458554880.0,68938230.0,,,,,348.5027,2023,,,,,798190000.0,2025,592161000.0,2025,654694000.0,2025,428182000.0,2022,18967000.0,2022,,,0.0,,,,,,,,,,,,1.0,1.0,3.0,,,1.0,8380000.0,2025,147798000.0,2025,0.0,2026,0.0,2026,False
TPR,"Tapestry, Inc.",Consumer Discretionary,"Apparel, Accessories & Luxury Goods",0001116132,"Tapestry, Inc.",549300LJNVY5SW3VTN33,,Consumer Discretionary,"Apparel, Accessories & Luxury Goods",New York,23625920512.0,208100000.0,,,,,210.982,2023,1721800000.0,2025,,,7010700000.0,2025,415000000.0,2025,577900000.0,2025,1093900000.0,2025,122700000.0,2025,,,1.0,net-zero,2030.0,2022.0,75.59,1 and 2,,,,,,,1.0,0.0,3.0,9.0,10.0,0.0,1718700000.0,2025,299300000.0,2025,0.0,2026,0.0,2026,False
TRGP,Targa Resources,Energy,Oil & Gas Storage & Transportation,0001389170,Targa Resources,5493003QENHHS261UR94,,Energy,Oil & Gas Storage & Transportation,Texas,62238605312.0,214662156.0,3858294.2,2023,37.0,2023,348.5027,2023,10507800000.0,2025,,,17028300000.0,2025,3331200000.0,2025,4846500000.0,2025,584100000.0,2025,3333300000.0,2025,,,0.0,,,,,,,,,,,,1.0,1.0,3.0,,,1.0,,,,,30000.0,2026,1.0,2026,False
TRMB,Trimble Inc.,Information Technology,Application Software,0000864749,Trimble Inc.,549300E2MI7NSZFQWS19,,Information Technology,Application Software,Colorado,13445149696.0,236000000.0,,,,,492.1572,2023,1109400000.0,2025,,,3587300000.0,2025,592000000.0,2025,791900000.0,2025,360900000.0,2025,25300000.0,2025,630700000.0,2025,0.0,near-term,2030.0,2019.0,50.0,1 and 2,,,,,,,1.0,1.0,,,,0.0,863400000.0,2025,,,0.0,2026,0.0,2026,False
TROW,T. Rowe Price,Financials,Asset Management & Custody Banks,0001113169,T. Rowe Price,549300SIV6FPS9Y7IH33,,Financials,Asset Management & Custody Banks,Maryland,22673342464.0,218565000.0,,,,,235.8781,2023,,,,,7314800000.0,2025,2188800000.0,2025,2188800000.0,2025,1479200000.0,2025,274200000.0,2025,,,0.0,,,,,,,,,1.0,limited,1.0,1.0,1.0,3.0,,,1.0,620900000.0,2025,1143000000.0,2025,0.0,2026,0.0,2026,False
TRV,Travelers Companies (The),Financials,Property & Casualty Insurance,0000086312,Travelers Companies (The),549300Y650407RU8B149,,Financials,Property & Casualty Insurance,New York,78257348608.0,217500000.0,,,,,210.982,2023,,,,,48828000000.0,2025,7796000000.0,2025,8476000000.0,2025,,,,,,,0.0,,,,,,,,,,,,1.0,0.0,3.0,,,1.0,3004000000.0,2025,979000000.0,2025,0.0,2026,0.0,2026,False
TSCO,Tractor Supply,Consumer Discretionary,Other Specialty Retail,0000916365,Tractor Supply,549300OJ9VZHZRO6I137,,Consumer Discretionary,Other Specialty Retail,Tennessee,17199534080.0,527017000.0,,,,,298.1312,2023,9869538000.0,2025,,,15524046000.0,2025,1467389000.0,2025,1961400000.0,2025,740489000.0,2025,894770000.0,2025,,,0.0,commitment,,,,,,,,,,,1.0,1.0,5.0,9.0,10.0,0.0,361261000.0,2025,487669000.0,2025,8472.0,2026,32.0,2026,False
TSLA,"Tesla, Inc.",Consumer Discretionary,Automobile Manufacturers,0001318605,"Tesla, Inc.",54930043XZGB27CTOV49,,Consumer Discretionary,Automobile Manufacturers,Texas,1443322658816.0,3751000000.0,80515.2,2023,2.0,2023,348.5027,2023,77733000000.0,2025,,,94827000000.0,2025,4355000000.0,2025,5124300000.0,2025,6220000000.0,2025,8527000000.0,2025,6411000000.0,2025,0.0,commitment,,,,,,,,,,,1.0,1.0,,,,0.0,,,,,443750.0,2026,18.0,2026,False
TSN,Tyson Foods,Consumer Staples,Packaged Foods & Meats,0000100493,Tyson Foods,WD6L6041MNRW1JE49D58,,Consumer Staples,Packaged Foods & Meats,Arkansas,18638444544.0,357000000.0,1874907.5,2023,34.0,2023,450.6045,2023,50879000000.0,2025,,,54441000000.0,2025,1098000000.0,2025,2448000000.0,2025,1177000000.0,2025,978000000.0,2025,126000000.0,2025,0.0,near-term,2030.0,,30.0,1 and 2,,,,,,,1.0,0.0,,10.0,16.0,1.0,,,697000000.0,2025,455411.0,2026,37.0,2026,False
TT,Trane Technologies,Industrials,Building Products,0001466258,Trane Technologies,549300S2NUDMTQBEXQ18,,Industrials,Building Products,Ireland,97364656128.0,224900000.0,,,,,,,,,,,21321900000.0,2025,3967400000.0,2025,4343700000.0,2025,2811500000.0,2025,383000000.0,2025,347600000.0,2025,0.0,near-term,2030.0,,,,,,,1.0,reasonable,,1.0,1.0,3.0,,,1.0,1481300000.0,2025,837300000.0,2025,1000.0,2026,5.0,2026,False
TTD,Trade Desk (The),Communication Services,Advertising,0001671933,Trade Desk (The),549300GXPD31VT3E0P46,,Communication Services,Advertising,California,6738081792.0,493551000.0,,,,,178.4824,2023,619067000.0,2025,,,2896284000.0,2025,589321000.0,2025,705105000.0,2025,795710000.0,2025,197011000.0,2025,525141000.0,2025,0.0,,,,,,,,,,,,1.0,0.0,,,,1.0,1380422000.0,2025,,,0.0,2026,0.0,2026,False
TTWO,Take-Two Interactive,Communication Services,Interactive Home Entertainment,0000946581,Take-Two Interactive,,,Communication Services,Interactive Home Entertainment,New York,40288677888.0,185400000.0,,,,,210.982,2023,2846700000.0,2025,,,6656400000.0,2025,-104200000.0,2025,94300000.0,2025,461500000.0,2025,162800000.0,2025,,,0.0,,,,,,,,1.0,,,,1.0,0.0,3.0,,,1.0,0.0,2023,,,0.0,2026,0.0,2026,False
TXN,Texas Instruments,Information Technology,Semiconductors,0000097476,Texas Instruments,WDJNR2L6D8RWOEB8T652,,Information Technology,Semiconductors,Texas,245389656064.0,913000000.0,1057774.3,2023,5.0,2023,348.5027,2023,7599000000.0,2025,,,17682000000.0,2025,6023000000.0,2025,6023000000.0,2025,2603000000.0,2025,4550000000.0,2025,2083000000.0,2025,0.0,near-term,2030.0,2023.0,42.0,1 and 2,,,,,,,1.0,0.0,,,,0.0,1477000000.0,2025,4999000000.0,2025,1800.0,2026,3.0,2026,False
TXT,Textron,Industrials,Aerospace & Defense,0000217346,Textron,3PPKBHUG1HD6BO7RNR87,,Industrials,Aerospace & Defense,Rhode Island,13930939392.0,174310000.0,55579.6,2023,2.0,2023,380.6256,2023,,,,,14799000000.0,2025,1137000000.0,2025,1538000000.0,2025,929000000.0,2025,383000000.0,2025,521000000.0,2025,0.0,,,,,,,,,,,,1.0,1.0,3.0,9.0,11.0,0.0,822000000.0,2025,18000000.0,2025,454320.0,2026,20.0,2026,False
TYL,Tyler Technologies,Information Technology,Application Software,0000860731,Tyler Technologies,25490040SMU4Z8LBCW70,,Information Technology,Application Software,Texas,13787402240.0,43812000.0,,,,,348.5027,2023,1248640000.0,2025,,,2332340000.0,2025,357676000.0,2025,496034000.0,2025,637528000.0,2025,16015000.0,2025,,,0.0,,,,,,,,,,,,1.0,1.0,3.0,,,1.0,174650000.0,2025,,,0.0,2026,0.0,2026,False
UAL,United Airlines Holdings,Industrials,Passenger Airlines,0000100517,United Airlines Holdings,98450079DA0B78DD6764,,Industrials,Passenger Airlines,Illinois,35644248064.0,323470682.0,,,,,213.9618,2023,,,11396000000.0,2025,59070000000.0,2025,4713000000.0,2025,7652000000.0,2025,2557000000.0,2025,5874000000.0,2025,,,0.0,near-term,2035.0,,,,,,,1.0,reasonable,1.0,1.0,1.0,3.0,,,1.0,637000000.0,2025,,,0.0,2026,0.0,2026,False
UBER,Uber,Industrials,Passenger Ground Transportation,0001543151,Uber,,,Industrials,Passenger Ground Transportation,California,146390286336.0,2067905000.0,,,,,178.4824,2023,,,,,52017000000.0,2025,5565000000.0,2025,6284000000.0,2025,9763000000.0,2025,336000000.0,2025,3402000000.0,2025,0.0,,,,,,,,,,,,1.0,1.0,3.0,,,0.0,6523000000.0,2025,,,0.0,2026,0.0,2026,False
UDR,"UDR, Inc.",Real Estate,Multi-Family Residential REITs,0000074208,"UDR, Inc.",P3CH2EG5X6Z1XWU1OO74,,Real Estate,Multi-Family Residential REITs,Colorado,12901830656.0,328273044.0,,,,,492.1572,2023,,,,,1712317000.0,2025,553606000.0,2025,1233641000.0,2025,,,,,,,0.0,commitment,,,,,,,1.0,1.0,,,1.0,1.0,3.0,7.0,8.0,1.0,117811000.0,2025,567864000.0,2025,0.0,2026,0.0,2026,False
UHS,Universal Health Services,Health Care,Health Care Facilities,0000352915,Universal Health Services,549300YGMGQDO0NMJD09,,Health Care,Health Care Facilities,Pennsylvania,10303870976.0,64462000.0,,,,,292.9175,2023,,,,,17364829000.0,2025,1994015000.0,2025,2612758000.0,2025,849245000.0,2025,1015152000.0,2025,,,0.0,,,,,,,,,,,,1.0,1.0,,,,1.0,967951000.0,2025,51267000.0,2025,0.0,2026,0.0,2026,False
ULTA,Ulta Beauty,Consumer Discretionary,Other Specialty Retail,0001403568,Ulta Beauty,529900CIV6HN8M28YM82,,Consumer Discretionary,Other Specialty Retail,Illinois,23378931712.0,44166000.0,,,,,213.9618,2023,7547596000.0,2025,,,12392820000.0,2025,1532992000.0,2025,1833764000.0,2025,1067951000.0,2025,434829000.0,2025,,,0.0,near-term,2030.0,2019.0,90.0,1 and 2,,,,,,,1.0,0.0,,,,1.0,901388000.0,2025,,,0.0,2026,3.0,2026,False
UNH,UnitedHealth Group,Health Care,Managed Health Care,0000731766,UnitedHealth Group,549300GHBMY8T5GXDE41,,Health Care,Managed Health Care,Minnesota,340269203456.0,906000000.0,,,,,339.0806,2023,50655000000.0,2025,,,447567000000.0,2025,18964000000.0,2025,23325000000.0,2025,16075000000.0,2025,3622000000.0,2025,,,0.0,near-term,2030.0,2023.0,60.0,1 and 2,,,,,,,1.0,0.0,3.0,,,1.0,5545000000.0,2025,2000000000.0,2025,0.0,2026,0.0,2026,False
UNP,Union Pacific Corporation,Industrials,Rail Transportation,0000100885,Union Pacific Corporation,549300LMMRSZZCZ8CL11,,Industrials,Rail Transportation,Nebraska,168955068416.0,593245884.0,,,,,461.827,2023,,,2390000000.0,2025,24510000000.0,2025,9846000000.0,2025,9846000000.0,2025,5499000000.0,2025,3791000000.0,2025,,,0.0,near-term,2030.0,2018.0,50.4,1 and 2,,,,,,,1.0,1.0,3.0,,,1.0,2679000000.0,2025,3236000000.0,2025,0.0,2026,0.0,2026,False
UPS,United Parcel Service,Industrials,Air Freight & Logistics,0001090727,United Parcel Service,,,Industrials,Air Freight & Logistics,Georgia,85316378624.0,850000000.0,,,,,323.7885,2023,,,4316000000.0,2025,88661000000.0,2025,7867000000.0,2025,10867000000.0,2025,4765000000.0,2025,3685000000.0,2025,,,0.0,,,,,,,,,1.0,,,1.0,0.0,3.0,,,1.0,1000000000.0,2025,5398000000.0,2025,3671156173.0,2026,790.0,2026,False
URI,United Rentals,Industrials,Trading Companies & Distributors,0001067701,United Rentals,5323X5O7RN0NKFCDRY08,,Industrials,Trading Companies & Distributors,Connecticut,61565288448.0,63095970.0,,,,,244.1532,2023,9955000000.0,2025,,,16099000000.0,2025,3973000000.0,2025,4411000000.0,2025,416000000.0,2024,4130000000.0,2024,,,0.0,,,,,,,,,,,,1.0,1.0,3.0,9.0,11.0,1.0,1969000000.0,2025,464000000.0,2025,0.0,2026,3.0,2026,False
USB,U.S. Bancorp,Financials,Diversified Banks,0000036104,U.S. Bancorp,N1GZ7BBF3NP8GI976H15,,Financials,Diversified Banks,Minnesota,97907957760.0,1600000000.0,,,,,339.0806,2023,,,,,28656000000.0,2025,9517000000.0,2025,,,,,,,,,0.0,,,,,,,,,,,,1.0,1.0,3.0,,,1.0,489000000.0,2025,3168000000.0,2025,0.0,2026,0.0,2026,False
V,Visa Inc.,Financials,Transaction & Payment Processing Services,0001403161,Visa Inc.,549300JZ4OKEHW3DPJ59,,Financials,Transaction & Payment Processing Services,California,691647676416.0,1704112694.0,,,,,178.4824,2023,,,,,40000000000.0,2025,23994000000.0,2025,25214000000.0,2025,21577000000.0,2025,1482000000.0,2025,,,1.0,net-zero,2030.0,2019.0,81.22,1 and 2,,,,,,,1.0,0.0,3.0,,,1.0,18316000000.0,2025,4634000000.0,2025,0.0,2026,0.0,2026,False
VEEV,Veeva Systems,Health Care,Health Care Technology,0001393052,Veeva Systems,549300YZEXPDB92M2F02,,Health Care,Health Care Technology,California,42484879360.0,163778271.0,,,,,178.4824,2023,782019000.0,2025,,,3195311000.0,2025,916369000.0,2025,936228000.0,2026,,,,,767386000.0,2025,0.0,near-term,2035.0,2024.0,58.8,1 and 2,,,,1.0,,,1.0,0.0,,,,1.0,169949000.0,2025,,,0.0,2026,0.0,2026,False
VICI,Vici Properties,Real Estate,Hotel & Resort REITs,0001705696,Vici Properties,254900RKH6RY9KCJQH63,,Real Estate,Hotel & Resort REITs,New York,27339753472.0,1068811371.0,,,,,210.982,2023,26730000.0,2025,,,4006116000.0,2025,2820979000.0,2025,321018000.0,2025,,,,,,,0.0,,,,,,,,,,,1.0,1.0,1.0,2.0,,,1.0,,,1853467000.0,2025,0.0,2026,0.0,2026,False
VLO,Valero Energy,Energy,Oil & Gas Refining & Marketing,0001035002,Valero Energy,549300XTO5VR8SKV1V74,,Energy,Oil & Gas Refining & Marketing,Texas,112412639232.0,309000000.0,23517862.3,2023,27.0,2023,348.5027,2023,117255000000.0,2025,,,122687000000.0,2025,3181000000.0,2025,6339000000.0,2025,4626000000.0,2024,2057000000.0,2024,,,0.0,,,,,,,,1.0,1.0,limited,,1.0,0.0,3.0,,,1.0,2598000000.0,2025,1405000000.0,2025,255625.0,2026,7.0,2026,False
VLTO,Veralto,Industrials,Environmental & Facilities Services,0001967680,Veralto,635400FJE6GSOJUSNY27,,Industrials,Environmental & Facilities Services,Massachusetts,22940952576.0,248400000.0,,,,,373.0301,2023,2204000000.0,2025,,,5503000000.0,2025,1277000000.0,2025,1355000000.0,2025,1014000000.0,2025,63000000.0,2025,266000000.0,2025,0.0,commitment,,,,,,,1.0,,,,1.0,1.0,3.0,,,1.0,,,109000000.0,2025,0.0,2026,0.0,2026,False
VMC,Vulcan Materials Company,Materials,Construction Materials,0001396009,Vulcan Materials Company,549300Q8LSNHAVWBNI21,,Materials,Construction Materials,Alabama,32749729792.0,130600000.0,636280.3,2013,1.0,2013,322.4985,2023,5766500000.0,2025,,,7941100000.0,2025,1619600000.0,2025,2368100000.0,2025,1135300000.0,2025,677700000.0,2025,,,0.0,,,,,,,,,,,,1.0,1.0,3.0,11.0,13.0,1.0,438400000.0,2025,259800000.0,2025,500000.0,2026,3.0,2026,False
VMRK,Vivmark Residential,Real Estate,Multi-Family Residential REITs,0000906107,Vivmark Residential,5493008RACSH5EP3PI59,,Real Estate,Multi-Family Residential REITs,Illinois,50713485312.0,377806173.0,,,,,213.9618,2023,,,,,2701075000.0,2019,1160585000.0,2023,1160585000.0,2019,,,,,,,0.0,,,,,,,,,,,,1.0,0.0,3.0,,,0.0,280720000.0,2025,1046247000.0,2025,0.0,2026,0.0,2026,False
VRSK,Verisk Analytics,Industrials,Research & Consulting Services,0001442145,Verisk Analytics,549300I1YSWNIRKBWP67,,Industrials,Research & Consulting Services,New Jersey,22933489664.0,138397709.0,,,,,212.4217,2023,925500000.0,2025,,,3072700000.0,2025,1343900000.0,2025,1603100000.0,2025,1191900000.0,2025,244100000.0,2025,40900000.0,2025,1.0,near-term,2034.0,2022.0,58.8,1 and 2,,,,,,,1.0,1.0,3.0,,,0.0,624000000.0,2025,251100000.0,2025,0.0,2026,0.0,2026,False
VRSN,Verisign,Information Technology,Internet Services & Infrastructure,0001014473,Verisign,LMPL4N8ZOJRMF0KOF759,,Information Technology,Internet Services & Infrastructure,Virginia,26460983296.0,91900000.0,,,,,243.5116,2023,196300000.0,2025,,,1656600000.0,2025,1121000000.0,2025,1152200000.0,2025,1068300000.0,2025,22800000.0,2025,103600000.0,2025,0.0,,,,,,,,,1.0,reasonable,,1.0,1.0,3.0,,,1.0,881600000.0,2025,215200000.0,2025,0.0,2026,0.0,2026,False
VRT,Vertiv,Industrials,Electrical Components & Equipment,0001674101,Vertiv,,,Industrials,Electrical Components & Equipment,Ohio,98965053440.0,382553680.0,,,,,482.5511,2023,6514700000.0,2025,,,10229900000.0,2025,1829700000.0,2025,2138300000.0,2025,1893800000.0,2025,220000000.0,2025,441700000.0,2025,0.0,,,,,,,,,,,,1.0,0.0,3.0,,,0.0,0.0,2025,66600000.0,2025,6000.0,2026,5.0,2026,False
VRTX,Vertex Pharmaceuticals,Health Care,Biotechnology,0000875320,Vertex Pharmaceuticals,54930015RAQRRZ5ZGJ91,,Health Care,Biotechnology,Massachusetts,130643902464.0,253991224.0,,,,,373.0301,2023,1651300000.0,2025,,,12001300000.0,2025,4173300000.0,2025,4383100000.0,2025,3193800000.0,2025,437600000.0,2025,3051100000.0,2021,0.0,,,,,,,,,,,1.0,1.0,1.0,3.0,9.0,11.0,1.0,2017400000.0,2025,,,0.0,2026,1.0,2026,False
VST,Vistra Corp.,Utilities,Electric Utilities,0001692819,Vistra Corp.,549300KP43CPCUJOOG15,,Utilities,Electric Utilities,Texas,49801551872.0,338059635.0,86320993.1,2023,40.0,2023,348.5027,2023,,,,,17738000000.0,2025,1906000000.0,2025,3892000000.0,2025,1318000000.0,2025,2752000000.0,2025,,,0.0,near-term,2028.0,2018.0,58.0,1 and 2,,,,,,1.0,1.0,1.0,3.0,,,0.0,1028000000.0,2025,306000000.0,2025,0.0,2026,0.0,2026,False
VTR,Ventas,Real Estate,Health Care REITs,0000740260,Ventas,ORQTRC074CWLT3DKHT41,,Real Estate,Health Care REITs,Illinois,46160044032.0,462615000.0,,,,,213.9618,2023,,,,,5833980000.0,2025,204321000.0,2025,1583461000.0,2025,-1281343000.0,2025,2928069000.0,2025,,,0.0,near-term,2030.0,,,,,,,,,,1.0,1.0,3.0,,,1.0,,,860060000.0,2025,0.0,2026,0.0,2026,False
VTRS,Viatris,Health Care,Pharmaceuticals,0001792044,Viatris,254900ZZTSW7NL773X71,,Health Care,Pharmaceuticals,Pennsylvania,18963234816.0,1206900000.0,26031.8,2023,1.0,2023,292.9175,2023,9286400000.0,2025,,,14299900000.0,2025,-2663100000.0,2025,135200000.0,2025,1937100000.0,2025,378800000.0,2025,751100000.0,2021,0.0,near-term,2030.0,2020.0,42.0,1 and 2,,,,,,,1.0,0.0,3.0,,,1.0,500500000.0,2025,,,0.0,2026,1.0,2026,False
VZ,Verizon,Communication Services,Integrated Telecommunication Services,0000732712,Verizon,,,Communication Services,Integrated Telecommunication Services,New York,210273173504.0,4231000000.0,,,,,210.982,2023,,,,,138191000000.0,2025,29259000000.0,2025,47608000000.0,2025,,,,,,,0.0,near-term,2035.0,2019.0,53.0,1 and 2,,,1.0,,,,1.0,1.0,3.0,9.0,11.0,0.0,,,11481000000.0,2025,17335.0,2026,18.0,2026,False
WAB,Wabtec,Industrials,Construction Machinery & Heavy Transportation Equipment,0000943452,Wabtec,,,Industrials,Construction Machinery & Heavy Transportation Equipment,Pennsylvania,47838928896.0,170600000.0,,,,,292.9175,2023,7361000000.0,2025,,,11167000000.0,2025,1793000000.0,2025,2294000000.0,2025,1499000000.0,2025,260000000.0,2025,223000000.0,2025,0.0,,,,,,,,1.0,,,,1.0,0.0,3.0,,,1.0,223000000.0,2025,173000000.0,2025,31330.0,2026,8.0,2026,False
WAT,Waters Corporation,Health Care,Life Sciences Tools & Services,0001000697,Waters Corporation,5T547R1474YC9HOD8Q74,,Health Care,Life Sciences Tools & Services,Massachusetts,40093212672.0,59549000.0,,,,,373.0301,2023,1288822000.0,2025,,,3165286000.0,2025,802588000.0,2025,802588000.0,2025,539810000.0,2025,112745000.0,2025,195711000.0,2025,1.0,near-term,2030.0,2024.0,42.0,1 and 2,,,,,,,1.0,1.0,3.0,,,0.0,14667000.0,2025,,,0.0,2026,1.0,2026,False
WBD,Warner Bros. Discovery,Communication Services,Broadcasting,0001437107,Warner Bros. Discovery,5493006ZCRFWKF6B1K26,,Communication Services,Broadcasting,New York,70300114944.0,2480000000.0,,,,,210.982,2023,,,,,37296000000.0,2025,738000000.0,2025,6422000000.0,2025,3088000000.0,2025,1231000000.0,2025,,,0.0,,,,,,,,,1.0,reasonable,,1.0,0.0,1.0,12.0,13.0,0.0,,,,,0.0,2026,0.0,2026,False
WDAY,"Workday, Inc.",Information Technology,Application Software,0001327811,"Workday, Inc.",549300J0DYC0N31V7G13,,Information Technology,Application Software,California,44753698816.0,268117000.0,,,,,178.4824,2023,,,,,9552000000.0,2025,721000000.0,2025,919111000.0,2026,2777000000.0,2025,162000000.0,2025,2679000000.0,2025,0.0,near-term,,,,,,,,,,,1.0,1.0,3.0,,,1.0,2895000000.0,2025,,,0.0,2026,0.0,2026,False
WDC,Western Digital,Information Technology,"Technology Hardware, Storage & Peripherals",0000106040,Western Digital,549300QQXOOYEF89IC56,,Information Technology,"Technology Hardware, Storage & Peripherals",California,161226686464.0,347000000.0,,,,,178.4824,2023,5828000000.0,2025,,,9520000000.0,2025,2334000000.0,2025,2785000000.0,2025,1279000000.0,2025,412000000.0,2025,,,0.0,near-term,2030.0,2020.0,42.0,1 and 2,,,,,,1.0,1.0,1.0,3.0,7.0,8.0,1.0,149000000.0,2025,44000000.0,2025,0.0,2026,1.0,2026,False
WEC,WEC Energy Group,Utilities,Electric Utilities,0000783325,WEC Energy Group,,,Utilities,Electric Utilities,Wisconsin,34321715200.0,325461519.0,17942097.2,2023,22.0,2023,524.8046,2023,3265800000.0,2025,,,9800100000.0,2025,2244900000.0,2025,3723400000.0,2025,-636200000.0,2022,2696900000.0,2022,,,0.0,,,,,,,,,1.0,reasonable,,1.0,0.0,3.0,11.0,12.0,1.0,1300000.0,2025,1147800000.0,2025,0.0,2026,0.0,2026,False
WELL,Welltower,Real Estate,Health Care REITs,0000766704,Welltower,254900F33BIAR82QTA19,,Real Estate,Health Care REITs,Ohio,169781182464.0,696507255.0,,,,,482.5511,2023,6488081000.0,2025,412992000.0,2025,10838034000.0,2025,,,,,,,,,,,0.0,near-term,2030.0,,,,,,,,,,1.0,1.0,5.0,,,0.0,0.0,2022,1877289000.0,2025,0.0,2026,0.0,2026,False
WFC,Wells Fargo,Financials,Diversified Banks,0000072971,Wells Fargo,,,Financials,Diversified Banks,California,273036886016.0,3092600000.0,,,,,178.4824,2023,,,,,83699000000.0,2025,25199000000.0,2025,32912000000.0,2025,,,,,,,0.0,,,,,,,,,,,,1.0,0.0,3.0,,,1.0,17516000000.0,2025,5434000000.0,2025,303074.0,2026,5.0,2026,False
WM,Waste Management,Industrials,Environmental & Facilities Services,0000823768,Waste Management,549300YX8JIID70NFS41,,Industrials,Environmental & Facilities Services,Texas,85323210752.0,402900000.0,11650459.6,2023,225.0,2023,348.5027,2023,15012000000.0,2025,,,25204000000.0,2025,4308000000.0,2025,7171000000.0,2025,2816000000.0,2025,3227000000.0,2025,,,0.0,,,,,,,,,,,,1.0,1.0,3.0,,,0.0,262000000.0,2024,1334000000.0,2025,868747.0,2026,75.0,2026,False
WMB,Williams Companies,Energy,Oil & Gas Storage & Transportation,0000107263,Williams Companies,D71FAKCBLFS2O0RBPG08,,Energy,Oil & Gas Storage & Transportation,Oklahoma,89107750912.0,1225000000.0,2613825.4,2012,42.0,2012,293.568,2023,,,,,14899000000.0,2025,4196000000.0,2025,6543000000.0,2025,1005000000.0,2025,4893000000.0,2025,,,0.0,,,,,,,,1.0,,,,1.0,1.0,1.0,9.0,11.0,1.0,0.0,2025,2442000000.0,2025,0.0,2026,0.0,2026,False
WMT,Walmart,Consumer Staples,Consumer Staples Merchandise Retail,0000104169,Walmart,Y87794H0US1R65VBXU25,,Consumer Staples,Consumer Staples Merchandise Retail,Arkansas,852708163584.0,8022000000.0,,,,,450.6045,2023,535395000000.0,2025,,,713163000000.0,2025,29825000000.0,2025,44028000000.0,2025,14923000000.0,2025,26642000000.0,2025,,,0.0,near-term,,,,,,,1.0,,,,1.0,1.0,1.0,,,1.0,8088000000.0,2025,7507000000.0,2025,239772.0,2026,156.0,2026,False
WRB,W. R. Berkley Corporation,Financials,Property & Casualty Insurance,0000011544,W. R. Berkley Corporation,SQOAGCLKBDWNVYV1OV80,,Financials,Property & Casualty Insurance,Connecticut,25948805120.0,377155799.0,,,,,244.1532,2023,,,,,14707856000.0,2025,2280543000.0,2025,2232417000.0,2025,,,,,,,0.0,,,,,,,,,,,,1.0,1.0,3.0,,,1.0,270221000.0,2025,700269000.0,2025,0.0,2026,0.0,2026,False
WSM,"Williams-Sonoma, Inc.",Consumer Discretionary,Homefurnishing Retail,0000719955,"Williams-Sonoma, Inc.",549300IARG6YWVTZ1I92,,Consumer Discretionary,Homefurnishing Retail,California,26645182464.0,118770000.0,,,,,178.4824,2023,4203765000.0,2025,,,7806816000.0,2025,1415722000.0,2025,1647171000.0,2025,1055451000.0,2025,259438000.0,2025,,,0.0,near-term,2030.0,2019.0,50.0,1 and 2,,,,1.0,limited,,1.0,1.0,,7.0,8.0,0.0,853962000.0,2025,316484000.0,2025,0.0,2026,0.0,2026,False
WST,West Pharmaceutical Services,Health Care,Health Care Supplies,0000105770,West Pharmaceutical Services,5493007NKRGM1RJQ1P16,,Health Care,Health Care Supplies,Pennsylvania,24366200832.0,72000000.0,,,,,292.9175,2023,1970100000.0,2025,,,3074100000.0,2025,584900000.0,2025,756300000.0,2025,468900000.0,2025,285900000.0,2025,74300000.0,2025,0.0,near-term,2035.0,2024.0,42.0,1 and 2,,,,,,,1.0,1.0,3.0,10.0,11.0,1.0,134000000.0,2025,61200000.0,2025,0.0,2026,2.0,2026,False
WTW,Willis Towers Watson,Financials,Insurance Brokers,0001140536,Willis Towers Watson,9845006B7E3CAU3SB659,,Financials,Insurance Brokers,United Kingdom,29311309824.0,99000000.0,,,,,,,,,,,9708000000.0,2025,2234000000.0,2025,2405000000.0,2025,1546000000.0,2025,229000000.0,2025,,,0.0,,,,,,,,,,,,1.0,1.0,,,,1.0,1650000000.0,2025,358000000.0,2025,0.0,2026,0.0,2026,False
WY,Weyerhaeuser,Real Estate,Timber REITs,0000106535,Weyerhaeuser,08IRJODWFYBI7QWRGS31,,Real Estate,Timber REITs,Washington,15899436032.0,720531000.0,41144.5,2023,2.0,2023,120.2561,2023,5880000000.0,2025,,,6905000000.0,2025,731000000.0,2025,1240000000.0,2025,,,,,5000000.0,2025,0.0,near-term,2030.0,2020.0,42.0,1 and 2,,,,,,,0.0,1.0,3.0,10.0,11.0,1.0,160000000.0,2025,606000000.0,2025,1869077.0,2026,49.0,2026,False
WYNN,Wynn Resorts,Consumer Discretionary,Casinos & Gaming,0001174922,Wynn Resorts,,,Consumer Discretionary,Casinos & Gaming,Nevada,9030809600.0,103989787.0,,,,,291.374,2023,,,,,7137924000.0,2025,1118384000.0,2025,1739017000.0,2025,692220000.0,2025,660433000.0,2025,,,0.0,,,,,,,,,,,,1.0,1.0,3.0,8.0,9.0,0.0,380109000.0,2025,174662000.0,2025,0.0,2026,1.0,2026,False
XEL,Xcel Energy,Utilities,Multi-Utilities,0000072903,Xcel Energy,LGJNMI9GH8XIDG5RCM61,,Utilities,Multi-Utilities,Minnesota,47159889920.0,623600715.0,36005568.1,2023,36.0,2023,339.0806,2023,,,,,14669000000.0,2025,2583000000.0,2025,5551000000.0,2025,-6825000000.0,2025,10908000000.0,2025,,,0.0,,,,,,,,,1.0,,,1.0,1.0,3.0,,,1.0,,,1282000000.0,2025,970050.0,2026,20.0,2026,False
XOM,ExxonMobil,Energy,Integrated Oil & Gas,0002115436,ExxonMobil,,,Energy,Integrated Oil & Gas,Texas,682536271872.0,4179000000.0,32238522.1,2023,36.0,2023,348.5027,2023,,,,,332238000000.0,2025,41268000000.0,2025,67261000000.0,2025,23612000000.0,2025,28358000000.0,2025,1200000000.0,2025,0.0,,,,,,,,,,,,1.0,0.0,,12.0,13.0,1.0,20273000000.0,2025,17231000000.0,2025,5561990.0,2026,63.0,2026,False
XYL,Xylem Inc.,Industrials,Industrial Machinery & Supplies & Components,0001524472,Xylem Inc.,549300DF5MV96DRYLQ48,,Industrials,Industrial Machinery & Supplies & Components,New York,24973750272.0,243584000.0,,,,,210.982,2023,5560000000.0,2025,,,9035000000.0,2025,1223000000.0,2025,1798000000.0,2025,910000000.0,2025,331000000.0,2025,226000000.0,2025,0.0,near-term,2030.0,2023.0,42.0,1 and 2,,,,,,,1.0,1.0,5.0,,,1.0,15000000.0,2025,391000000.0,2025,0.0,2026,0.0,2026,False
XYZ,"Block, Inc.",Financials,Transaction & Payment Processing Services,0001512673,"Block, Inc.",,,Financials,Transaction & Payment Processing Services,none,47588970496.0,622838000.0,,,,,,,13833754000.0,2025,,,24193683000.0,2025,1708406000.0,2025,2077935000.0,2025,2424676000.0,2025,155038000.0,2025,2907889000.0,2025,0.0,near-term,2030.0,2019.0,46.2,1 and 2,,,,,,,1.0,0.0,,,,1.0,2330661000.0,2025,,,6500.0,2026,12.0,2026,False
YUM,Yum! Brands,Consumer Discretionary,Restaurants,0001041061,Yum! Brands,549300JE8XHZZ7OHN517,,Consumer Discretionary,Restaurants,Kentucky,38443573248.0,281000000.0,,,,,786.9867,2023,2483000000.0,2025,,,8214000000.0,2025,2574000000.0,2025,2780000000.0,2025,1639000000.0,2025,371000000.0,2025,,,0.0,near-term,2030.0,2019.0,46.0,1 and 2,,,,,,,1.0,1.0,3.0,,,1.0,552000000.0,2025,789000000.0,2025,0.0,2026,0.0,2026,False
ZBH,Zimmer Biomet,Health Care,Health Care Equipment,0001136869,Zimmer Biomet,2P2YLDVPES3BXQ1FRB91,,Health Care,Health Care Equipment,Indiana,17832067072.0,198700000.0,,,,,660.9703,2023,2493700000.0,2025,,,8231500000.0,2025,1098100000.0,2025,2191900000.0,2025,1472600000.0,2025,224500000.0,2025,,,1.0,near-term,2030.0,2017.0,55.0,1 and 2,,,,,,,1.0,1.0,3.0,,,1.0,487000000.0,2025,190300000.0,2025,3600.0,2026,3.0,2026,False
ZBRA,Zebra Technologies,Information Technology,Electronic Equipment & Instruments,0000877212,Zebra Technologies,PO0I32GKZ3HZMMDPZZ08,,Information Technology,Electronic Equipment & Instruments,Illinois,16576235520.0,51212395.0,,,,,213.9618,2023,2803000000.0,2025,,,5396000000.0,2025,700000000.0,2025,885000000.0,2025,831000000.0,2025,86000000.0,2025,593000000.0,2025,0.0,near-term,2030.0,,,,,,,1.0,reasonable,,1.0,1.0,3.0,9.0,11.0,1.0,587000000.0,2025,,,0.0,2026,1.0,2026,False
ZTS,Zoetis,Health Care,Pharmaceuticals,0001555280,Zoetis,549300HD9Q1LOC9KLJ48,,Health Care,Pharmaceuticals,New Jersey,30152927232.0,424927535.0,,,,,212.4217,2023,2666000000.0,2025,,,9467000000.0,2025,3360000000.0,2025,3847000000.0,2025,2283000000.0,2025,621000000.0,2025,,,0.0,,,,,,,,,,,,1.0,0.0,3.0,,,1.0,248000000.0,2025,,,13800.0,2026,6.0,2026,False
